horizon_hour,week,weekday,hour,demand
0,1,0,0,18.0125
1,1,0,1,16.45875
2,1,0,2,15.3175
3,1,0,3,14.83625
4,1,0,4,14.1075
5,1,0,5,14.1075
6,1,0,6,13.475
7,1,0,7,13.0075
8,1,0,8,13.5025
9,1,0,9,14.905
10,1,0,10,17.0225
11,1,0,11,18.5075
12,1,0,12,20.2675
13,1,0,13,20.68
14,1,0,14,20.9
15,1,0,15,20.0475
16,1,0,16,19.58
17,1,0,17,19.3325
18,1,0,18,19.525
19,1,0,19,19.855
20,1,0,20,20.02
21,1,0,21,21.0925
22,1,0,22,22.86625
23,1,0,23,21.8625
24,1,1,0,19.3875
25,1,1,1,17.75125
26,1,1,2,15.82625
27,1,1,3,15.0975
28,1,1,4,14.4375
29,1,1,5,14.06625
30,1,1,6,14.69875
31,1,1,7,16.4725
32,1,1,8,19.745
33,1,1,9,22.1375
34,1,1,10,22.605
35,1,1,11,23.5675
36,1,1,12,23.815
37,1,1,13,24.2825
38,1,1,14,24.145
39,1,1,15,24.0625
40,1,1,16,23.65
41,1,1,17,23.265
42,1,1,18,22.70125
43,1,1,19,22.55
44,1,1,20,21.8625
45,1,1,21,22.66
46,1,1,22,23.96625
47,1,1,23,22.70125
48,1,2,0,19.855
49,1,2,1,17.985
50,1,2,2,16.61
51,1,2,3,15.785
52,1,2,4,15.4
53,1,2,5,15.4275
54,1,2,6,15.068625
55,1,2,7,16.0325
56,1,2,8,19.305
57,1,2,9,21.10625
58,1,2,10,22.3025
59,1,2,11,23.21
60,1,2,12,24.31
61,1,2,13,24.7225
62,1,2,14,24.64
63,1,2,15,24.0625
64,1,2,16,24.1175
65,1,2,17,23.815
66,1,2,18,23.3475
67,1,2,19,22.8525
68,1,2,20,22.5225
69,1,2,21,23.375
70,1,2,22,23.80125
71,1,2,23,22.20625
72,1,3,0,19.415
73,1,3,1,17.6275
74,1,3,2,16.06
75,1,3,3,15.02875
76,1,3,4,14.575
77,1,3,5,15.0975
78,1,3,6,14.96
79,1,3,7,16.5275
80,1,3,8,18.8375
81,1,3,9,20.68
82,1,3,10,22.44
83,1,3,11,22.715
84,1,3,12,23.1825
85,1,3,13,23.43
86,1,3,14,22.77
87,1,3,15,23.52625
88,1,3,16,23.0725
89,1,3,17,22.9075
90,1,3,18,22.67375
91,1,3,19,22.2475
92,1,3,20,21.7525
93,1,3,21,22.78375
94,1,3,22,23.74625
95,1,3,23,22.0825
96,1,4,0,19.64875
97,1,4,1,18.1775
98,1,4,2,15.85375
99,1,4,3,15.18
100,1,4,4,15.125
101,1,4,5,15.05625
102,1,4,6,15.11125
103,1,4,7,16.8025
104,1,4,8,19.0025
105,1,4,9,20.9275
106,1,4,10,22.33
107,1,4,11,23.1
108,1,4,12,23.705
109,1,4,13,23.375
110,1,4,14,23.265
111,1,4,15,23.16875
112,1,4,16,22.22
113,1,4,17,21.78
114,1,4,18,21.5325
115,1,4,19,21.285
116,1,4,20,21.505
117,1,4,21,21.7525
118,1,4,22,22.5775
119,1,4,23,21.395
120,1,5,0,19.78625
121,1,5,1,17.7925
122,1,5,2,15.785
123,1,5,3,15.4825
124,1,5,4,14.83625
125,1,5,5,14.53375
126,1,5,6,14.01125
127,1,5,7,14.6575
128,1,5,8,16.04625
129,1,5,9,17.93
130,1,5,10,19.305
131,1,5,11,20.24
132,1,5,12,20.845
133,1,5,13,21.4775
134,1,5,14,21.23
135,1,5,15,20.955
136,1,5,16,20.0475
137,1,5,17,19.745
138,1,5,18,19.73125
139,1,5,19,19.67625
140,1,5,20,19.86875
141,1,5,21,20.5425
142,1,5,22,21.1475
143,1,5,23,20.515
144,1,6,0,18.4525
145,1,6,1,16.45875
146,1,6,2,15.05625
147,1,6,3,14.23125
148,1,6,4,13.81875
149,1,6,5,13.51625
150,1,6,6,12.9525
151,1,6,7,12.9525
152,1,6,8,13.86
153,1,6,9,14.5475
154,1,6,10,16.59625
155,1,6,11,18.27375
156,1,6,12,18.865
157,1,6,13,19.8
158,1,6,14,20.02
159,1,6,15,19.8275
160,1,6,16,19.415
161,1,6,17,18.9475
162,1,6,18,18.8375
163,1,6,19,19.2775
164,1,6,20,20.1025
165,1,6,21,21.67
166,1,6,22,22.605
167,1,6,23,21.23
168,2,0,0,19.525
169,2,0,1,17.49
170,2,0,2,16.1425
171,2,0,3,15.4275
172,2,0,4,15.125
173,2,0,5,14.7675
174,2,0,6,15.35875
175,2,0,7,17.50375
176,2,0,8,19.58
177,2,0,9,21.6425
178,2,0,10,23.33375
179,2,0,11,23.5675
180,2,0,12,25.025
181,2,0,13,24.64
182,2,0,14,24.26875
183,2,0,15,24.1725
184,2,0,16,23.88375
185,2,0,17,22.92125
186,2,0,18,23.0175
187,2,0,19,22.605
188,2,0,20,22.935
189,2,0,21,23.7325
190,2,0,22,24.6125
191,2,0,23,22.1375
192,2,1,0,19.195
193,2,1,1,17.6
194,2,1,2,16.495875
195,2,1,3,15.27625
196,2,1,4,15.0425
197,2,1,5,15.3725
198,2,1,6,15.895
199,2,1,7,17.97125
200,2,1,8,20.50125
201,2,1,9,22.4125
202,2,1,10,23.30625
203,2,1,11,24.4475
204,2,1,12,25.28625
205,2,1,13,25.20375
206,2,1,14,24.3925
207,2,1,15,23.7325
208,2,1,16,23.32
209,2,1,17,22.9625
210,2,1,18,23.22375
211,2,1,19,22.605
212,2,1,20,22.72875
213,2,1,21,24.145
214,2,1,22,24.46125
215,2,1,23,22.23375
216,2,2,0,20.02
217,2,2,1,17.94375
218,2,2,2,16.5
219,2,2,3,15.93625
220,2,2,4,15.4825
221,2,2,5,15.08375
222,2,2,6,15.63375
223,2,2,7,18.02625
224,2,2,8,20.33625
225,2,2,9,22.28875
226,2,2,10,22.89375
227,2,2,11,23.43
228,2,2,12,24.365
229,2,2,13,23.76
230,2,2,14,23.5675
231,2,2,15,23.32
232,2,2,16,23.5125
233,2,2,17,22.935
234,2,2,18,22.66
235,2,2,19,21.57375
236,2,2,20,21.7525
237,2,2,21,22.495
238,2,2,22,23.55375
239,2,2,23,22.70125
240,2,3,0,19.14
241,2,3,1,17.16
242,2,3,2,15.74375
243,2,3,3,15.235
244,2,3,4,14.63
245,2,3,5,14.74
246,2,3,6,14.9875
247,2,3,7,17.38
248,2,3,8,19.62125
249,2,3,9,21.505
250,2,3,10,22.165
251,2,3,11,22.66
252,2,3,12,23.16875
253,2,3,13,23.05875
254,2,3,14,22.6325
255,2,3,15,22.3575
256,2,3,16,21.9725
257,2,3,17,21.6975
258,2,3,18,21.2575
259,2,3,19,21.10625
260,2,3,20,20.7075
261,2,3,21,21.62875
262,2,3,22,22.83875
263,2,3,23,21.18875
264,2,4,0,19.195
265,2,4,1,17.11875
266,2,4,2,15.3725
267,2,4,3,14.89125
268,2,4,4,14.58875
269,2,4,5,14.85
270,2,4,6,15.79875
271,2,4,7,17.71
272,2,4,8,19.58
273,2,4,9,21.5875
274,2,4,10,22.31625
275,2,4,11,23.08625
276,2,4,12,23.6775
277,2,4,13,23.88375
278,2,4,14,23.1275
279,2,4,15,22.3025
280,2,4,16,21.65625
281,2,4,17,21.23
282,2,4,18,21.01
283,2,4,19,20.2125
284,2,4,20,20.35
285,2,4,21,21.40875
286,2,4,22,22.34375
287,2,4,23,20.9275
288,2,5,0,18.79625
289,2,5,1,16.9125
290,2,5,2,15.52375
291,2,5,3,14.56125
292,2,5,4,14.3
293,2,5,5,14.245
294,2,5,6,13.95625
295,2,5,7,14.20375
296,2,5,8,15.79875
297,2,5,9,18.13625
298,2,5,10,19.6075
299,2,5,11,20.735
300,2,5,12,20.74875
301,2,5,13,21.0925
302,2,5,14,20.6525
303,2,5,15,20.3225
304,2,5,16,19.51125
305,2,5,17,19.085
306,2,5,18,19.525
307,2,5,19,19.635
308,2,5,20,19.525
309,2,5,21,20.7075
310,2,5,22,21.3125
311,2,5,23,19.745
312,2,6,0,18.0125
313,2,6,1,16.43125
314,2,6,2,14.19
315,2,6,3,13.475
316,2,6,4,13.035
317,2,6,5,12.9525
318,2,6,6,12.76
319,2,6,7,12.6775
320,2,6,8,14.08
321,2,6,9,15.07
322,2,6,10,16.885
323,2,6,11,18.0675
324,2,6,12,19.4425
325,2,6,13,20.33625
326,2,6,14,20.24
327,2,6,15,20.11625
328,2,6,16,18.8375
329,2,6,17,18.24625
330,2,6,18,18.54875
331,2,6,19,19.25
332,2,6,20,20.2125
333,2,6,21,21.615
334,2,6,22,21.6975
335,2,6,23,20.405
336,3,0,0,18.57625
337,3,0,1,16.6375
338,3,0,2,15.29
339,3,0,3,14.6025
340,3,0,4,14.12125
341,3,0,5,14.3275
342,3,0,6,14.69875
343,3,0,7,16.67875
344,3,0,8,18.27375
345,3,0,9,20.2675
346,3,0,10,21.395
347,3,0,11,23.0175
348,3,0,12,23.7875
349,3,0,13,23.71875
350,3,0,14,23.815
351,3,0,15,23.8425
352,3,0,16,23.3475
353,3,0,17,22.33
354,3,0,18,21.29875
355,3,0,19,21.1475
356,3,0,20,20.79
357,3,0,21,21.46375
358,3,0,22,23.265
359,3,0,23,21.6975
360,3,1,0,19.305
361,3,1,1,17.0225
362,3,1,2,15.8125
363,3,1,3,15.22125
364,3,1,4,14.85
365,3,1,5,14.905
366,3,1,6,15.24875
367,3,1,7,17.435
368,3,1,8,19.15375
369,3,1,9,21.21625
370,3,1,10,22.99
371,3,1,11,23.5125
372,3,1,12,24.24125
373,3,1,13,24.1175
374,3,1,14,23.69125
375,3,1,15,23.85625
376,3,1,16,23.2925
377,3,1,17,23.00375
378,3,1,18,22.715
379,3,1,19,22.17875
380,3,1,20,21.5325
381,3,1,21,22.5225
382,3,1,22,23.38875
383,3,1,23,22.01375
384,3,2,0,19.4975
385,3,2,1,17.5175
386,3,2,2,16.445
387,3,2,3,15.895
388,3,2,4,15.4
389,3,2,5,15.4
390,3,2,6,15.68875
391,3,2,7,17.215
392,3,2,8,19.3325
393,3,2,9,21.67
394,3,2,10,22.6325
395,3,2,11,23.3475
396,3,2,12,24.04875
397,3,2,13,24.145
398,3,2,14,24.0075
399,3,2,15,24.0625
400,3,2,16,23.1
401,3,2,17,22.1925
402,3,2,18,21.8075
403,3,2,19,22.01375
404,3,2,20,21.32625
405,3,2,21,22.04125
406,3,2,22,22.64625
407,3,2,23,20.8725
408,3,3,0,19.1125
409,3,3,1,17.1325
410,3,3,2,15.8675
411,3,3,3,15.4275
412,3,3,4,15.2075
413,3,3,5,14.8775
414,3,3,6,15.235
415,3,3,7,17.105
416,3,3,8,19.7175
417,3,3,9,21.285
418,3,3,10,22.055
419,3,3,11,23.32
420,3,3,12,23.7325
421,3,3,13,23.8425
422,3,3,14,23.595
423,3,3,15,23.1825
424,3,3,16,23.43
425,3,3,17,23.1
426,3,3,18,23.1275
427,3,3,19,23.32
428,3,3,20,22.4675
429,3,3,21,23.3475
430,3,3,22,23.8425
431,3,3,23,22.75625
432,3,4,0,19.855
433,3,4,1,17.3525
434,3,4,2,16.61
435,3,4,3,15.8675
436,3,4,4,15.49625
437,3,4,5,15.0975
438,3,4,6,15.4275
439,3,4,7,16.775
440,3,4,8,19.0575
441,3,4,9,20.68
442,3,4,10,21.9175
443,3,4,11,23.21
444,3,4,12,23.6225
445,3,4,13,23.76
446,3,4,14,22.7975
447,3,4,15,22.7975
448,3,4,16,22.48125
449,3,4,17,22.11
450,3,4,18,21.54625
451,3,4,19,21.175
452,3,4,20,20.58375
453,3,4,21,20.80375
454,3,4,22,21.79375
455,3,4,23,21.02375
456,3,5,0,18.79625
457,3,5,1,16.6375
458,3,5,2,15.0425
459,3,5,3,14.6025
460,3,5,4,13.87375
461,3,5,5,13.8325
462,3,5,6,13.805
463,3,5,7,13.6125
464,3,5,8,15.5375
465,3,5,9,17.6
466,3,5,10,19.58
467,3,5,11,20.8725
468,3,5,12,21.01
469,3,5,13,21.6975
470,3,5,14,20.91375
471,3,5,15,20.5975
472,3,5,16,19.95125
473,3,5,17,19.7725
474,3,5,18,20.0475
475,3,5,19,18.865
476,3,5,20,17.88875
477,3,5,21,19.8825
478,3,5,22,21.07875
479,3,5,23,19.12625
480,3,6,0,17.27
481,3,6,1,15.5925
482,3,6,2,14.245
483,3,6,3,13.585
484,3,6,4,13.3375
485,3,6,5,12.96625
486,3,6,6,12.43
487,3,6,7,12.21
488,3,6,8,13.76375
489,3,6,9,15.6475
490,3,6,10,17.44875
491,3,6,11,18.16375
492,3,6,12,19.14
493,3,6,13,19.8825
494,3,6,14,19.3875
495,3,6,15,18.60375
496,3,6,16,18.3425
497,3,6,17,18.15
498,3,6,18,18.26
499,3,6,19,18.645
500,3,6,20,18.81
501,3,6,21,19.9375
502,3,6,22,21.67
503,3,6,23,20.6525
504,4,0,0,18.8375
505,4,0,1,16.8575
506,4,0,2,14.9875
507,4,0,3,14.41
508,4,0,4,14.2725
509,4,0,5,14.1625
510,4,0,6,14.575
511,4,0,7,16.3075
512,4,0,8,18.3975
513,4,0,9,20.6525
514,4,0,10,22.0275
515,4,0,11,22.9625
516,4,0,12,23.7875
517,4,0,13,24.3925
518,4,0,14,24.365
519,4,0,15,24.4475
520,4,0,16,24.475
521,4,0,17,24.24125
522,4,0,18,23.815
523,4,0,19,23.21
524,4,0,20,22.89375
525,4,0,21,23.045
526,4,0,22,24.02125
527,4,0,23,22.34375
528,4,1,0,19.525
529,4,1,1,18.08125
530,4,1,2,16.29375
531,4,1,3,15.19375
532,4,1,4,14.75375
533,4,1,5,14.7125
534,4,1,6,15.4
535,4,1,7,17.4075
536,4,1,8,19.7175
537,4,1,9,21.945
538,4,1,10,22.825
539,4,1,11,24.2275
540,4,1,12,23.925
541,4,1,13,23.98
542,4,1,14,24.0075
543,4,1,15,24.255
544,4,1,16,23.7325
545,4,1,17,22.99
546,4,1,18,22.77
547,4,1,19,22.20625
548,4,1,20,21.945
549,4,1,21,23.55375
550,4,1,22,22.935
551,4,1,23,21.34
552,4,2,0,18.9475
553,4,2,1,16.61
554,4,2,2,15.2075
555,4,2,3,14.9325
556,4,2,4,14.56125
557,4,2,5,14.6025
558,4,2,6,15.71625
559,4,2,7,17.215
560,4,2,8,18.81
561,4,2,9,21.615
562,4,2,10,22.715
563,4,2,11,23.6225
564,4,2,12,24.3375
565,4,2,13,24.2825
566,4,2,14,23.99375
567,4,2,15,24.09
568,4,2,16,23.87
569,4,2,17,23.19625
570,4,2,18,22.64625
571,4,2,19,22.48125
572,4,2,20,22.86625
573,4,2,21,23.93875
574,4,2,22,23.045
575,4,2,23,21.10625
576,4,3,0,18.59
577,4,3,1,16.76125
578,4,3,2,15.7575
579,4,3,3,15.565
580,4,3,4,14.94625
581,4,3,5,15.27625
582,4,3,6,15.895
583,4,3,7,17.93
584,4,3,8,20.625
585,4,3,9,22.6325
586,4,3,10,23.595
587,4,3,11,24.255
588,4,3,12,24.915
589,4,3,13,24.585
590,4,3,14,23.85625
591,4,3,15,24.04875
592,4,3,16,23.60875
593,4,3,17,23.60875
594,4,3,18,22.88
595,4,3,19,22.605
596,4,3,20,22.253
597,4,3,21,23.0725
598,4,3,22,23.54
599,4,3,23,21.78
600,4,4,0,20.185
601,4,4,1,17.1325
602,4,4,2,16.225
603,4,4,3,15.33125
604,4,4,4,15.22125
605,4,4,5,15.125
606,4,4,6,15.90875
607,4,4,7,17.2975
608,4,4,8,19.89625
609,4,4,9,21.1475
610,4,4,10,22.66
611,4,4,11,23.27875
612,4,4,12,24.1175
613,4,4,13,24.0625
614,4,4,14,23.69125
615,4,4,15,23.58125
616,4,4,16,22.1925
617,4,4,17,22.4125
618,4,4,18,21.725
619,4,4,19,21.725
620,4,4,20,21.725
621,4,4,21,22.11
622,4,4,22,22.4125
623,4,4,23,20.13
624,4,5,0,17.9025
625,4,5,1,16.6375
626,4,5,2,14.74
627,4,5,3,13.86
628,4,5,4,13.9975
629,4,5,5,14.135
630,4,5,6,13.84625
631,4,5,7,14.52
632,4,5,8,15.93625
633,4,5,9,18.1225
634,4,5,10,19.25
635,4,5,11,19.965
636,4,5,12,20.79
637,4,5,13,21.23
638,4,5,14,21.065
639,4,5,15,20.8175
640,4,5,16,20.625
641,4,5,17,19.6625
642,4,5,18,18.9475
643,4,5,19,19.1125
644,4,5,20,19.3325
645,4,5,21,20.2675
646,4,5,22,20.185
647,4,5,23,18.8925
648,4,6,0,17.2425
649,4,6,1,15.455
650,4,6,2,14.2725
651,4,6,3,13.75
652,4,6,4,13.1725
653,4,6,5,12.98
654,4,6,6,12.96625
655,4,6,7,13.475
656,4,6,8,14.08
657,4,6,9,14.8225
658,4,6,10,16.61
659,4,6,11,17.985
660,4,6,12,18.98875
661,4,6,13,19.8275
662,4,6,14,20.11625
663,4,6,15,19.91
664,4,6,16,18.8925
665,4,6,17,18.865
666,4,6,18,18.92
667,4,6,19,18.9475
668,4,6,20,19.8
669,4,6,21,21.67
670,4,6,22,21.56
671,4,6,23,20.1025
672,5,0,0,17.2425
673,5,0,1,16.17
674,5,0,2,15.235
675,5,0,3,14.41
676,5,0,4,14.465
677,5,0,5,14.465
678,5,0,6,15.08375
679,5,0,7,17.38
680,5,0,8,18.54875
681,5,0,9,20.06125
682,5,0,10,21.3125
683,5,0,11,22.9075
684,5,0,12,23.49875
685,5,0,13,23.045
686,5,0,14,23.27875
687,5,0,15,23.1275
688,5,0,16,22.7975
689,5,0,17,22.23375
690,5,0,18,22.0
691,5,0,19,21.56
692,5,0,20,21.45
693,5,0,21,22.385
694,5,0,22,23.58125
695,5,0,23,21.9725
696,5,1,0,18.975
697,5,1,1,17.435
698,5,1,2,15.84
699,5,1,3,15.6475
700,5,1,4,14.5475
701,5,1,5,14.63
702,5,1,6,15.16625
703,5,1,7,17.0775
704,5,1,8,19.6075
705,5,1,9,21.29875
706,5,1,10,22.12375
707,5,1,11,23.16875
708,5,1,12,23.58125
709,5,1,13,23.47125
710,5,1,14,23.155
711,5,1,15,23.65
712,5,1,16,23.3475
713,5,1,17,22.53625
714,5,1,18,22.55
715,5,1,19,21.57375
716,5,1,20,22.7425
717,5,1,21,24.2
718,5,1,22,23.265
719,5,1,23,21.45
720,5,2,0,19.1125
721,5,2,1,16.9125
722,5,2,2,15.895
723,5,2,3,15.345
724,5,2,4,14.96
725,5,2,5,14.9875
726,5,2,6,16.48625
727,5,2,7,17.7925
728,5,2,8,18.9475
729,5,2,9,21.43625
730,5,2,10,23.1275
731,5,2,11,24.76375
732,5,2,12,24.695
733,5,2,13,25.23125
734,5,2,14,25.06625
735,5,2,15,25.25875
736,5,2,16,24.09
737,5,2,17,23.6225
738,5,2,18,22.5225
739,5,2,19,21.945
740,5,2,20,21.945
741,5,2,21,23.6775
742,5,2,22,23.265
743,5,2,23,21.56
744,5,3,0,18.48
745,5,3,1,16.61
746,5,3,2,15.895
747,5,3,3,15.4
748,5,3,4,15.5375
749,5,3,5,15.455
750,5,3,6,15.95
751,5,3,7,17.22875
752,5,3,8,20.25375
753,5,3,9,21.5325
754,5,3,10,22.12375
755,5,3,11,22.64625
756,5,3,12,23.21
757,5,3,13,23.6775
758,5,3,14,23.55375
759,5,3,15,23.4025
760,5,3,16,22.88
761,5,3,17,23.045
762,5,3,18,22.5225
763,5,3,19,22.11
764,5,3,20,22.66
765,5,3,21,23.1
766,5,3,22,23.155
767,5,3,23,21.45
768,5,4,0,19.4975
769,5,4,1,17.49
770,5,4,2,16.5825
771,5,4,3,15.895
772,5,4,4,15.4
773,5,4,5,14.795
774,5,4,6,15.95
775,5,4,7,17.215
776,5,4,8,19.53875
777,5,4,9,21.505
778,5,4,10,23.1825
779,5,4,11,24.6675
780,5,4,12,25.355
781,5,4,13,25.025
782,5,4,14,23.76
783,5,4,15,22.99
784,5,4,16,22.48125
785,5,4,17,22.385
786,5,4,18,22.495
787,5,4,19,20.47375
788,5,4,20,21.46375
789,5,4,21,22.9075
790,5,4,22,22.88
791,5,4,23,21.90375
792,5,5,0,19.2775
793,5,5,1,17.20125
794,5,5,2,16.4725
795,5,5,3,15.8125
796,5,5,4,15.51
797,5,5,5,15.125
798,5,5,6,14.3275
799,5,5,7,14.52
800,5,5,8,16.29375
801,5,5,9,18.315
802,5,5,10,20.35
803,5,5,11,21.60125
804,5,5,12,21.9175
805,5,5,13,22.0
806,5,5,14,21.87625
807,5,5,15,21.01
808,5,5,16,20.405
809,5,5,17,19.5525
810,5,5,18,19.7175
811,5,5,19,19.7175
812,5,5,20,20.22625
813,5,5,21,21.395
814,5,5,22,21.835
815,5,5,23,20.02
816,5,6,0,17.9025
817,5,6,1,16.5825
818,5,6,2,15.0425
819,5,6,3,14.06625
820,5,6,4,13.53
821,5,6,5,13.46125
822,5,6,6,13.4475
823,5,6,7,13.43375
824,5,6,8,14.6575
825,5,6,9,16.18375
826,5,6,10,16.9675
827,5,6,11,18.1775
828,5,6,12,19.4975
829,5,6,13,20.2675
830,5,6,14,20.2675
831,5,6,15,19.8825
832,5,6,16,19.305
833,5,6,17,19.4425
834,5,6,18,19.18125
835,5,6,19,18.81
836,5,6,20,19.20875
837,5,6,21,22.0
838,5,6,22,22.37125
839,5,6,23,20.50125
840,6,0,0,18.0125
841,6,0,1,16.005
842,6,0,2,14.575
843,6,0,3,13.7775
844,6,0,4,13.68125
845,6,0,5,13.7225
846,6,0,6,15.1525
847,6,0,7,16.445
848,6,0,8,19.14
849,6,0,9,21.2025
850,6,0,10,22.8525
851,6,0,11,23.595
852,6,0,12,24.1175
853,6,0,13,24.3375
854,6,0,14,23.65
855,6,0,15,23.4575
856,6,0,16,23.32
857,6,0,17,22.9625
858,6,0,18,22.1375
859,6,0,19,21.5875
860,6,0,20,21.79375
861,6,0,21,22.9075
862,6,0,22,22.99
863,6,0,23,20.8175
864,6,1,0,18.095
865,6,1,1,16.7475
866,6,1,2,15.9225
867,6,1,3,15.675
868,6,1,4,15.73
869,6,1,5,15.73
870,6,1,6,16.4175
871,6,1,7,17.33875
872,6,1,8,20.00625
873,6,1,9,21.89
874,6,1,10,22.64625
875,6,1,11,23.6775
876,6,1,12,23.87
877,6,1,13,24.255
878,6,1,14,24.09
879,6,1,15,23.96625
880,6,1,16,23.8425
881,6,1,17,23.3475
882,6,1,18,22.59125
883,6,1,19,22.22
884,6,1,20,23.87
885,6,1,21,24.98375
886,6,1,22,23.55375
887,6,1,23,21.065
888,6,2,0,18.8375
889,6,2,1,16.995
890,6,2,2,16.01875
891,6,2,3,15.13875
892,6,2,4,15.345
893,6,2,5,15.30375
894,6,2,6,16.39
895,6,2,7,17.71
896,6,2,8,20.625
897,6,2,9,22.48125
898,6,2,10,23.43
899,6,2,11,23.76
900,6,2,12,24.75
901,6,2,13,24.585
902,6,2,14,23.925
903,6,2,15,23.815
904,6,2,16,23.375
905,6,2,17,22.9625
906,6,2,18,22.44
907,6,2,19,21.6975
908,6,2,20,23.1
909,6,2,21,23.8975
910,6,2,22,23.045
911,6,2,23,21.175
912,6,3,0,18.6725
913,6,3,1,16.9675
914,6,3,2,16.23875
915,6,3,3,15.51
916,6,3,4,14.795
917,6,3,5,15.4
918,6,3,6,16.1975
919,6,3,7,17.5175
920,6,3,8,20.35
921,6,3,9,21.615
922,6,3,10,23.1275
923,6,3,11,23.43
924,6,3,12,23.595
925,6,3,13,23.2925
926,6,3,14,22.9075
927,6,3,15,22.9625
928,6,3,16,22.7425
929,6,3,17,22.33
930,6,3,18,22.0825
931,6,3,19,21.9175
932,6,3,20,21.9725
933,6,3,21,23.58125
934,6,3,22,22.77
935,6,3,23,21.0925
936,6,4,0,17.985
937,6,4,1,17.33875
938,6,4,2,16.76125
939,6,4,3,15.41375
940,6,4,4,15.0975
941,6,4,5,15.7575
942,6,4,6,16.61
943,6,4,7,17.6
944,6,4,8,20.515
945,6,4,9,21.9175
946,6,4,10,22.4675
947,6,4,11,23.1
948,6,4,12,23.27875
949,6,4,13,23.7875
950,6,4,14,23.1
951,6,4,15,23.1275
952,6,4,16,22.88
953,6,4,17,22.67375
954,6,4,18,22.385
955,6,4,19,21.5325
956,6,4,20,22.165
957,6,4,21,22.6325
958,6,4,22,21.7525
959,6,4,23,20.2675
960,6,5,0,18.35625
961,6,5,1,16.995
962,6,5,2,15.8675
963,6,5,3,14.905
964,6,5,4,14.135
965,6,5,5,14.61625
966,6,5,6,14.8225
967,6,5,7,14.96
968,6,5,8,16.3625
969,6,5,9,18.2325
970,6,5,10,19.3875
971,6,5,11,20.2675
972,6,5,12,21.0925
973,6,5,13,21.3675
974,6,5,14,20.845
975,6,5,15,20.9275
976,6,5,16,20.515
977,6,5,17,20.405
978,6,5,18,19.965
979,6,5,19,20.00625
980,6,5,20,20.2675
981,6,5,21,22.0275
982,6,5,22,21.1475
983,6,5,23,19.635
984,6,6,0,17.7375
985,6,6,1,16.445
986,6,6,2,15.51
987,6,6,3,13.75
988,6,6,4,13.4475
989,6,6,5,13.255
990,6,6,6,13.365
991,6,6,7,13.145
992,6,6,8,14.355
993,6,6,9,15.7025
994,6,6,10,17.82
995,6,6,11,18.645
996,6,6,12,19.47
997,6,6,13,19.69
998,6,6,14,19.8275
999,6,6,15,18.975
1000,6,6,16,19.36
1001,6,6,17,18.645
1002,6,6,18,18.85125
1003,6,6,19,19.48375
1004,6,6,20,20.3225
1005,6,6,21,22.53625
1006,6,6,22,22.3025
1007,6,6,23,20.08875
1008,7,0,0,17.93
1009,7,0,1,15.9775
1010,7,0,2,14.78125
1011,7,0,3,13.86
1012,7,0,4,13.6125
1013,7,0,5,14.6025
1014,7,0,6,15.565
1015,7,0,7,17.20125
1016,7,0,8,20.22625
1017,7,0,9,22.7425
1018,7,0,10,23.4575
1019,7,0,11,24.5025
1020,7,0,12,24.42
1021,7,0,13,24.31
1022,7,0,14,23.87
1023,7,0,15,23.595
1024,7,0,16,23.21
1025,7,0,17,23.16875
1026,7,0,18,23.47125
1027,7,0,19,23.595
1028,7,0,20,24.42
1029,7,0,21,25.63
1030,7,0,22,23.65
1031,7,0,23,21.57375
1032,7,1,0,19.03
1033,7,1,1,17.6
1034,7,1,2,15.95
1035,7,1,3,15.29
1036,7,1,4,15.07
1037,7,1,5,15.125
1038,7,1,6,16.5
1039,7,1,7,18.425
1040,7,1,8,21.0925
1041,7,1,9,23.595
1042,7,1,10,24.97
1043,7,1,11,25.8775
1044,7,1,12,26.13875
1045,7,1,13,25.9875
1046,7,1,14,25.1625
1047,7,1,15,24.8875
1048,7,1,16,24.48875
1049,7,1,17,24.3925
1050,7,1,18,23.96625
1051,7,1,19,22.825
1052,7,1,20,22.715
1053,7,1,21,23.87
1054,7,1,22,24.42
1055,7,1,23,21.49125
1056,7,2,0,19.0575
1057,7,2,1,17.2975
1058,7,2,2,16.0875
1059,7,2,3,15.5375
1060,7,2,4,15.18
1061,7,2,5,14.85
1062,7,2,6,16.67875
1063,7,2,7,18.41125
1064,7,2,8,21.065
1065,7,2,9,22.9845
1066,7,2,10,23.9525
1067,7,2,11,24.04875
1068,7,2,12,24.53
1069,7,2,13,24.3925
1070,7,2,14,24.145
1071,7,2,15,24.145
1072,7,2,16,23.7325
1073,7,2,17,23.2925
1074,7,2,18,22.935
1075,7,2,19,22.385
1076,7,2,20,22.2475
1077,7,2,21,24.915
1078,7,2,22,24.02125
1079,7,2,23,21.395
1080,7,3,0,19.1675
1081,7,3,1,17.49
1082,7,3,2,16.3625
1083,7,3,3,16.15625
1084,7,3,4,15.99125
1085,7,3,5,15.51
1086,7,3,6,17.28375
1087,7,3,7,19.20875
1088,7,3,8,21.2025
1089,7,3,9,22.5775
1090,7,3,10,24.1725
1091,7,3,11,24.5025
1092,7,3,12,24.695
1093,7,3,13,24.26875
1094,7,3,14,24.21375
1095,7,3,15,24.145
1096,7,3,16,23.76
1097,7,3,17,23.705
1098,7,3,18,23.265
1099,7,3,19,22.495
1100,7,3,20,22.3575
1101,7,3,21,24.0625
1102,7,3,22,23.5125
1103,7,3,23,21.2025
1104,7,4,0,18.59
1105,7,4,1,17.3525
1106,7,4,2,16.72
1107,7,4,3,16.0875
1108,7,4,4,15.785
1109,7,4,5,15.785
1110,7,4,6,16.5825
1111,7,4,7,18.19125
1112,7,4,8,20.83125
1113,7,4,9,22.33
1114,7,4,10,23.7875
1115,7,4,11,24.2
1116,7,4,12,24.7775
1117,7,4,13,24.02125
1118,7,4,14,23.7325
1119,7,4,15,23.1825
1120,7,4,16,22.551375
1121,7,4,17,21.4775
1122,7,4,18,22.3025
1123,7,4,19,21.56
1124,7,4,20,21.725
1125,7,4,21,22.7975
1126,7,4,22,22.495
1127,7,4,23,20.7075
1128,7,5,0,19.1125
1129,7,5,1,17.2425
1130,7,5,2,15.895
1131,7,5,3,15.18
1132,7,5,4,14.85
1133,7,5,5,14.905
1134,7,5,6,14.69875
1135,7,5,7,14.8225
1136,7,5,8,16.3075
1137,7,5,9,18.2875
1138,7,5,10,20.2125
1139,7,5,11,20.77625
1140,7,5,12,21.56
1141,7,5,13,21.79375
1142,7,5,14,21.285
1143,7,5,15,22.0
1144,7,5,16,21.45
1145,7,5,17,20.47375
1146,7,5,18,19.8275
1147,7,5,19,19.47
1148,7,5,20,20.1575
1149,7,5,21,22.1375
1150,7,5,22,21.5875
1151,7,5,23,20.02
1152,7,6,0,17.16
1153,7,6,1,15.5925
1154,7,6,2,14.685
1155,7,6,3,14.245
1156,7,6,4,14.025
1157,7,6,5,13.695
1158,7,6,6,13.43375
1159,7,6,7,13.35125
1160,7,6,8,14.245
1161,7,6,9,15.71625
1162,7,6,10,16.98125
1163,7,6,11,18.205
1164,7,6,12,19.305
1165,7,6,13,19.9925
1166,7,6,14,19.59375
1167,7,6,15,19.47
1168,7,6,16,19.14
1169,7,6,17,19.23625
1170,7,6,18,19.9925
1171,7,6,19,20.1025
1172,7,6,20,20.7625
1173,7,6,21,22.715
1174,7,6,22,22.1375
1175,7,6,23,20.185
1176,8,0,0,18.5075
1177,8,0,1,16.39
1178,8,0,2,15.62
1179,8,0,3,15.4275
1180,8,0,4,15.3725
1181,8,0,5,15.4275
1182,8,0,6,15.565
1183,8,0,7,17.545
1184,8,0,8,19.6075
1185,8,0,9,22.2475
1186,8,0,10,23.6225
1187,8,0,11,24.5575
1188,8,0,12,24.8325
1189,8,0,13,25.19
1190,8,0,14,24.64
1191,8,0,15,24.76375
1192,8,0,16,24.3925
1193,8,0,17,24.2275
1194,8,0,18,23.265
1195,8,0,19,23.045
1196,8,0,20,23.1825
1197,8,0,21,24.7225
1198,8,0,22,23.8975
1199,8,0,23,22.0825
1200,8,1,0,19.8825
1201,8,1,1,18.2325
1202,8,1,2,16.83
1203,8,1,3,16.3075
1204,8,1,4,16.115
1205,8,1,5,16.17
1206,8,1,6,17.3525
1207,8,1,7,18.54875
1208,8,1,8,21.13375
1209,8,1,9,22.92125
1210,8,1,10,24.37875
1211,8,1,11,24.915
1212,8,1,12,25.12125
1213,8,1,13,24.365
1214,8,1,14,23.925
1215,8,1,15,23.58125
1216,8,1,16,22.66
1217,8,1,17,22.5225
1218,8,1,18,22.2475
1219,8,1,19,22.275
1220,8,1,20,23.5675
1221,8,1,21,25.1625
1222,8,1,22,23.9525
1223,8,1,23,21.95875
1224,8,2,0,19.415
1225,8,2,1,17.4075
1226,8,2,2,16.4725
1227,8,2,3,16.10125
1228,8,2,4,14.7675
1229,8,2,5,15.7025
1230,8,2,6,16.445
1231,8,2,7,18.095
1232,8,2,8,20.1575
1233,8,2,9,22.22
1234,8,2,10,23.74625
1235,8,2,11,23.69125
1236,8,2,12,24.3375
1237,8,2,13,24.21375
1238,8,2,14,23.98
1239,8,2,15,23.925
1240,8,2,16,23.49875
1241,8,2,17,23.00375
1242,8,2,18,22.4125
1243,8,2,19,22.4675
1244,8,2,20,23.76
1245,8,2,21,24.255
1246,8,2,22,23.155
1247,8,2,23,21.06775
1248,8,3,0,18.88975
1249,8,3,1,17.4075
1250,8,3,2,15.84
1251,8,3,3,15.51
1252,8,3,4,15.51
1253,8,3,5,15.51
1254,8,3,6,16.0875
1255,8,3,7,18.37
1256,8,3,8,20.3775
1257,8,3,9,22.1925
1258,8,3,10,23.7875
1259,8,3,11,24.8325
1260,8,3,12,25.19
1261,8,3,13,24.9975
1262,8,3,14,24.6675
1263,8,3,15,24.145
1264,8,3,16,23.815
1265,8,3,17,23.4025
1266,8,3,18,23.485
1267,8,3,19,22.77
1268,8,3,20,24.5575
1269,8,3,21,25.575
1270,8,3,22,24.1725
1271,8,3,23,21.8625
1272,8,4,0,19.42875
1273,8,4,1,17.71
1274,8,4,2,16.39
1275,8,4,3,15.60625
1276,8,4,4,14.83625
1277,8,4,5,15.235
1278,8,4,6,16.665
1279,8,4,7,18.32875
1280,8,4,8,20.1575
1281,8,4,9,22.44
1282,8,4,10,23.71875
1283,8,4,11,24.145
1284,8,4,12,24.695
1285,8,4,13,24.75
1286,8,4,14,23.87
1287,8,4,15,23.595
1288,8,4,16,22.4675
1289,8,4,17,21.945
1290,8,4,18,21.6975
1291,8,4,19,22.34375
1292,8,4,20,23.4575
1293,8,4,21,24.64
1294,8,4,22,23.3475
1295,8,4,23,21.54625
1296,8,5,0,19.305
1297,8,5,1,17.58625
1298,8,5,2,16.3075
1299,8,5,3,15.4
1300,8,5,4,15.08375
1301,8,5,5,15.015
1302,8,5,6,15.3725
1303,8,5,7,15.5925
1304,8,5,8,17.05
1305,8,5,9,18.8375
1306,8,5,10,20.03375
1307,8,5,11,20.96875
1308,8,5,12,21.57375
1309,8,5,13,21.9175
1310,8,5,14,21.5325
1311,8,5,15,21.395
1312,8,5,16,20.5425
1313,8,5,17,21.2575
1314,8,5,18,20.24
1315,8,5,19,20.77625
1316,8,5,20,22.275
1317,8,5,21,23.21
1318,8,5,22,22.4675
1319,8,5,23,20.69375
1320,8,6,0,17.93
1321,8,6,1,16.40375
1322,8,6,2,15.16625
1323,8,6,3,13.915
1324,8,6,4,13.29625
1325,8,6,5,13.43375
1326,8,6,6,13.5025
1327,8,6,7,13.2275
1328,8,6,8,13.75
1329,8,6,9,15.0975
1330,8,6,10,17.6275
1331,8,6,11,18.755
1332,8,6,12,20.185
1333,8,6,13,20.9275
1334,8,6,14,20.955
1335,8,6,15,20.4325
1336,8,6,16,20.3225
1337,8,6,17,19.56625
1338,8,6,18,20.47375
1339,8,6,19,21.32625
1340,8,6,20,23.0725
1341,8,6,21,24.09
1342,8,6,22,22.81125
1343,8,6,23,20.5425
1344,9,0,0,18.26
1345,9,0,1,16.5
1346,9,0,2,15.29
1347,9,0,3,15.18
1348,9,0,4,15.05625
1349,9,0,5,14.78125
1350,9,0,6,16.07375
1351,9,0,7,18.645
1352,9,0,8,20.515
1353,9,0,9,22.8525
1354,9,0,10,23.38875
1355,9,0,11,24.15875
1356,9,0,12,23.99375
1357,9,0,13,24.5575
1358,9,0,14,24.09
1359,9,0,15,23.7325
1360,9,0,16,23.5125
1361,9,0,17,22.77
1362,9,0,18,22.2475
1363,9,0,19,22.6325
1364,9,0,20,23.8975
1365,9,0,21,25.1625
1366,9,0,22,24.04875
1367,9,0,23,21.46375
1368,9,1,0,18.6175
1369,9,1,1,17.5175
1370,9,1,2,15.84
1371,9,1,3,15.73
1372,9,1,4,15.5375
1373,9,1,5,15.5925
1374,9,1,6,17.28375
1375,9,1,7,18.96125
1376,9,1,8,21.62875
1377,9,1,9,23.25125
1378,9,1,10,24.8325
1379,9,1,11,24.31
1380,9,1,12,24.6125
1381,9,1,13,24.805
1382,9,1,14,24.8875
1383,9,1,15,24.68125
1384,9,1,16,24.695
1385,9,1,17,24.035
1386,9,1,18,23.36125
1387,9,1,19,24.09
1388,9,1,20,24.92875
1389,9,1,21,25.2175
1390,9,1,22,24.42
1391,9,1,23,21.57375
1392,9,2,0,19.4975
1393,9,2,1,16.9125
1394,9,2,2,15.96375
1395,9,2,3,15.235
1396,9,2,4,15.08375
1397,9,2,5,14.9875
1398,9,2,6,17.435
1399,9,2,7,20.4875
1400,9,2,8,22.44
1401,9,2,9,23.27875
1402,9,2,10,24.6675
1403,9,2,11,24.5025
1404,9,2,12,24.54375
1405,9,2,13,25.1625
1406,9,2,14,24.2
1407,9,2,15,24.255
1408,9,2,16,23.4025
1409,9,2,17,22.3575
1410,9,2,18,22.165
1411,9,2,19,22.89375
1412,9,2,20,23.54
1413,9,2,21,24.6675
1414,9,2,22,23.36125
1415,9,2,23,21.175
1416,9,3,0,18.90625
1417,9,3,1,17.05
1418,9,3,2,16.115
1419,9,3,3,15.2075
1420,9,3,4,14.67125
1421,9,3,5,15.0975
1422,9,3,6,17.6275
1423,9,3,7,20.2675
1424,9,3,8,21.60125
1425,9,3,9,24.09
1426,9,3,10,24.4475
1427,9,3,11,24.8325
1428,9,3,12,24.84625
1429,9,3,13,24.53
1430,9,3,14,24.31
1431,9,3,15,23.69125
1432,9,3,16,23.44375
1433,9,3,17,23.27875
1434,9,3,18,22.77
1435,9,3,19,22.9625
1436,9,3,20,24.79125
1437,9,3,21,24.9425
1438,9,3,22,23.49875
1439,9,3,23,20.9
1440,9,4,0,18.865
1441,9,4,1,17.05
1442,9,4,2,16.005
1443,9,4,3,15.08375
1444,9,4,4,14.69875
1445,9,4,5,15.22125
1446,9,4,6,17.6825
1447,9,4,7,20.68
1448,9,4,8,21.9175
1449,9,4,9,23.76
1450,9,4,10,24.365
1451,9,4,11,24.7225
1452,9,4,12,24.7775
1453,9,4,13,24.3925
1454,9,4,14,23.76
1455,9,4,15,23.08625
1456,9,4,16,22.495
1457,9,4,17,22.31625
1458,9,4,18,21.2575
1459,9,4,19,21.395
1460,9,4,20,23.11375
1461,9,4,21,24.0075
1462,9,4,22,23.11375
1463,9,4,23,20.94125
1464,9,5,0,18.4525
1465,9,5,1,16.72
1466,9,5,2,15.4825
1467,9,5,3,14.67125
1468,9,5,4,13.98375
1469,9,5,5,14.31375
1470,9,5,6,14.63
1471,9,5,7,15.0425
1472,9,5,8,16.3075
1473,9,5,9,19.14
1474,9,5,10,20.24
1475,9,5,11,21.285
1476,9,5,12,22.86625
1477,9,5,13,22.825
1478,9,5,14,22.6325
1479,9,5,15,22.165
1480,9,5,16,21.835
1481,9,5,17,21.2575
1482,9,5,18,20.8175
1483,9,5,19,21.8625
1484,9,5,20,24.145
1485,9,5,21,24.75
1486,9,5,22,22.44
1487,9,5,23,20.625
1488,9,6,0,18.63125
1489,9,6,1,16.5
1490,9,6,2,15.24875
1491,9,6,3,14.50625
1492,9,6,4,14.19
1493,9,6,5,14.03875
1494,9,6,6,14.0525
1495,9,6,7,13.915
1496,9,6,8,15.015
1497,9,6,9,17.6275
1498,9,6,10,19.8825
1499,9,6,11,20.955
1500,9,6,12,22.0825
1501,9,6,13,23.6225
1502,9,6,14,22.715
1503,9,6,15,23.265
1504,9,6,16,23.1
1505,9,6,17,23.0725
1506,9,6,18,22.22
1507,9,6,19,22.275
1508,9,6,20,24.5575
1509,9,6,21,24.7775
1510,9,6,22,23.485
1511,9,6,23,20.405
1512,10,0,0,18.26
1513,10,0,1,16.21125
1514,10,0,2,15.44125
1515,10,0,3,15.05625
1516,10,0,4,15.0425
1517,10,0,5,15.74375
1518,10,0,6,19.6625
1519,10,0,7,22.0275
1520,10,0,8,23.1825
1521,10,0,9,24.53
1522,10,0,10,24.84625
1523,10,0,11,25.19
1524,10,0,12,25.41
1525,10,0,13,24.73625
1526,10,0,14,24.8875
1527,10,0,15,24.51625
1528,10,0,16,24.53
1529,10,0,17,23.14125
1530,10,0,18,23.21
1531,10,0,19,23.7875
1532,10,0,20,25.89125
1533,10,0,21,26.08375
1534,10,0,22,24.24125
1535,10,0,23,20.4325
1536,10,1,0,17.6
1537,10,1,1,16.3075
1538,10,1,2,15.8125
1539,10,1,3,15.5375
1540,10,1,4,15.3175
1541,10,1,5,15.46875
1542,10,1,6,20.83125
1543,10,1,7,23.36125
1544,10,1,8,24.6125
1545,10,1,9,25.575
1546,10,1,10,25.96
1547,10,1,11,25.86375
1548,10,1,12,26.0975
1549,10,1,13,25.06625
1550,10,1,14,24.84625
1551,10,1,15,23.96625
1552,10,1,16,23.55375
1553,10,1,17,23.93875
1554,10,1,18,23.1825
1555,10,1,19,24.0075
1556,10,1,20,26.455
1557,10,1,21,26.6475
1558,10,1,22,24.7225
1559,10,1,23,21.51875
1560,10,2,0,18.5075
1561,10,2,1,16.9675
1562,10,2,2,16.61
1563,10,2,3,16.12875
1564,10,2,4,15.675
1565,10,2,5,15.9775
1566,10,2,6,20.5975
1567,10,2,7,24.18625
1568,10,2,8,24.6675
1569,10,2,9,25.795
1570,10,2,10,26.4275
1571,10,2,11,27.3075
1572,10,2,12,26.6475
1573,10,2,13,25.53375
1574,10,2,14,25.2725
1575,10,2,15,24.97
1576,10,2,16,24.79125
1577,10,2,17,24.585
1578,10,2,18,24.6125
1579,10,2,19,24.7775
1580,10,2,20,26.66125
1581,10,2,21,26.9225
1582,10,2,22,24.5025
1583,10,2,23,21.2025
1584,10,3,0,17.93
1585,10,3,1,16.92625
1586,10,3,2,15.90875
1587,10,3,3,15.35875
1588,10,3,4,15.35875
1589,10,3,5,15.565
1590,10,3,6,20.4875
1591,10,3,7,22.9075
1592,10,3,8,24.35125
1593,10,3,9,25.3825
1594,10,3,10,25.67125
1595,10,3,11,25.85
1596,10,3,12,26.0425
1597,10,3,13,25.8225
1598,10,3,14,25.3275
1599,10,3,15,25.2175
1600,10,3,16,24.9425
1601,10,3,17,24.6675
1602,10,3,18,24.2
1603,10,3,19,24.64
1604,10,3,20,27.005
1605,10,3,21,26.5925
1606,10,3,22,24.5025
1607,10,3,23,21.67
1608,10,4,0,18.865
1609,10,4,1,17.49
1610,10,4,2,16.70625
1611,10,4,3,16.115
1612,10,4,4,15.84
1613,10,4,5,16.115
1614,10,4,6,18.26
1615,10,4,7,22.7975
1616,10,4,8,24.145
1617,10,4,9,25.47875
1618,10,4,10,25.80875
1619,10,4,11,26.07
1620,10,4,12,26.11125
1621,10,4,13,25.905
1622,10,4,14,25.19
1623,10,4,15,24.9425
1624,10,4,16,24.37875
1625,10,4,17,24.035
1626,10,4,18,23.705
1627,10,4,19,23.6225
1628,10,4,20,25.41
1629,10,4,21,24.79125
1630,10,4,22,22.99
1631,10,4,23,21.12
1632,10,5,0,19.2225
1633,10,5,1,17.325
1634,10,5,2,16.1425
1635,10,5,3,15.35875
1636,10,5,4,14.96
1637,10,5,5,15.07
1638,10,5,6,15.41375
1639,10,5,7,15.73
1640,10,5,8,17.75125
1641,10,5,9,19.73125
1642,10,5,10,21.89
1643,10,5,11,23.96625
1644,10,5,12,24.21375
1645,10,5,13,23.80125
1646,10,5,14,23.6225
1647,10,5,15,22.6875
1648,10,5,16,22.11
1649,10,5,17,22.3025
1650,10,5,18,22.22
1651,10,5,19,23.27875
1652,10,5,20,25.3
1653,10,5,21,24.75
1654,10,5,22,22.3575
1655,10,5,23,20.185
1656,10,6,0,17.75125
1657,10,6,1,16.32125
1658,10,6,2,15.4825
1659,10,6,3,15.235
1660,10,6,4,14.7675
1661,10,6,5,13.97
1662,10,6,6,14.5475
1663,10,6,7,14.9325
1664,10,6,8,15.3175
1665,10,6,9,17.42125
1666,10,6,10,19.195
1667,10,6,11,21.175
1668,10,6,12,22.7975
1669,10,6,13,23.045
1670,10,6,14,23.1
1671,10,6,15,22.5775
1672,10,6,16,22.165
1673,10,6,17,22.4125
1674,10,6,18,22.275
1675,10,6,19,23.93875
1676,10,6,20,26.07
1677,10,6,21,25.7125
1678,10,6,22,23.5675
1679,10,6,23,20.68
1680,11,0,0,18.2875
1681,11,0,1,16.1975
1682,11,0,2,15.125
1683,11,0,3,14.8775
1684,11,0,4,15.235
1685,11,0,5,15.4
1686,11,0,6,21.4225
1687,11,0,7,23.76
1688,11,0,8,24.7225
1689,11,0,9,25.2175
1690,11,0,10,25.85
1691,11,0,11,26.015
1692,11,0,12,26.2075
1693,11,0,13,25.39625
1694,11,0,14,25.355
1695,11,0,15,24.7775
1696,11,0,16,24.475
1697,11,0,17,24.9975
1698,11,0,18,25.25875
1699,11,0,19,26.07
1700,11,0,20,27.335
1701,11,0,21,26.895
1702,11,0,22,24.585
1703,11,0,23,21.725
1704,11,1,0,19.085
1705,11,1,1,17.16
1706,11,1,2,16.17
1707,11,1,3,15.8675
1708,11,1,4,15.52375
1709,11,1,5,16.5
1710,11,1,6,21.73875
1711,11,1,7,25.355
1712,11,1,8,25.9325
1713,11,1,9,27.06
1714,11,1,10,27.4175
1715,11,1,11,26.9775
1716,11,1,12,26.62
1717,11,1,13,26.125
1718,11,1,14,25.465
1719,11,1,15,25.08
1720,11,1,16,24.6675
1721,11,1,17,24.8325
1722,11,1,18,24.5575
1723,11,1,19,25.3
1724,11,1,20,27.4175
1725,11,1,21,27.0325
1726,11,1,22,25.355
1727,11,1,23,22.055
1728,11,2,0,18.535
1729,11,2,1,16.72
1730,11,2,2,16.17
1731,11,2,3,15.84
1732,11,2,4,15.62
1733,11,2,5,16.6925
1734,11,2,6,21.89
1735,11,2,7,24.76375
1736,11,2,8,24.75
1737,11,2,9,25.45125
1738,11,2,10,26.29
1739,11,2,11,26.73
1740,11,2,12,27.0325
1741,11,2,13,26.6475
1742,11,2,14,26.125
1743,11,2,15,25.4925
1744,11,2,16,25.3275
1745,11,2,17,22.8525
1746,11,2,18,25.1625
1747,11,2,19,26.07
1748,11,2,20,27.39
1749,11,2,21,27.5825
1750,11,2,22,24.7225
1751,11,2,23,22.15125
1752,11,3,0,19.14
1753,11,3,1,17.53125
1754,11,3,2,16.51375
1755,11,3,3,16.005
1756,11,3,4,15.785
1757,11,3,5,16.12875
1758,11,3,6,21.3675
1759,11,3,7,23.1275
1760,11,3,8,25.025
1761,11,3,9,26.00125
1762,11,3,10,26.3175
1763,11,3,11,28.0775
1764,11,3,12,28.05
1765,11,3,13,27.9125
1766,11,3,14,27.0875
1767,11,3,15,26.51
1768,11,3,16,26.24875
1769,11,3,17,26.29
1770,11,3,18,25.74
1771,11,3,19,26.13875
1772,11,3,20,28.0225
1773,11,3,21,26.4825
1774,11,3,22,25.2175
1775,11,3,23,21.5325
1776,11,4,0,19.2225
1777,11,4,1,17.7375
1778,11,4,2,16.6925
1779,11,4,3,16.005
1780,11,4,4,15.77125
1781,11,4,5,16.32125
1782,11,4,6,20.39125
1783,11,4,7,23.1275
1784,11,4,8,25.025
1785,11,4,9,24.86
1786,11,4,10,26.3175
1787,11,4,11,25.86375
1788,11,4,12,25.58875
1789,11,4,13,24.8875
1790,11,4,14,24.5575
1791,11,4,15,24.1175
1792,11,4,16,23.595
1793,11,4,17,23.3475
1794,11,4,18,23.8975
1795,11,4,19,25.1075
1796,11,4,20,26.57875
1797,11,4,21,26.62
1798,11,4,22,24.73625
1799,11,4,23,21.5875
1800,11,5,0,19.0575
1801,11,5,1,17.50375
1802,11,5,2,16.04625
1803,11,5,3,15.33125
1804,11,5,4,14.9325
1805,11,5,5,15.29
1806,11,5,6,15.675
1807,11,5,7,16.07375
1808,11,5,8,17.82
1809,11,5,9,21.62875
1810,11,5,10,23.485
1811,11,5,11,25.12125
1812,11,5,12,25.09375
1813,11,5,13,24.365
1814,11,5,14,23.65
1815,11,5,15,23.155
1816,11,5,16,23.80125
1817,11,5,17,23.21
1818,11,5,18,22.8525
1819,11,5,19,24.53
1820,11,5,20,26.2625
1821,11,5,21,26.125
1822,11,5,22,24.31
1823,11,5,23,20.9825
1824,11,6,0,18.7
1825,11,6,1,17.0225
1826,11,6,2,15.8125
1827,11,6,3,15.0975
1828,11,6,4,15.125
1829,11,6,5,15.2625
1830,11,6,6,16.06
1831,11,6,7,16.72
1832,11,6,8,18.5075
1833,11,6,9,21.2025
1834,11,6,10,22.5775
1835,11,6,11,23.0175
1836,11,6,12,23.54
1837,11,6,13,24.09
1838,11,6,14,24.09
1839,11,6,15,22.4675
1840,11,6,16,21.78
1841,11,6,17,21.5875
1842,11,6,18,21.5325
1843,11,6,19,22.935
1844,11,6,20,25.74
1845,11,6,21,26.1525
1846,11,6,22,24.0075
1847,11,6,23,21.175
1848,12,0,0,18.68625
1849,12,0,1,17.0225
1850,12,0,2,16.005
1851,12,0,3,15.66125
1852,12,0,4,15.68875
1853,12,0,5,16.17
1854,12,0,6,19.1125
1855,12,0,7,24.3925
1856,12,0,8,25.47875
1857,12,0,9,26.82625
1858,12,0,10,27.0875
1859,12,0,11,26.5925
1860,12,0,12,21.56
1861,12,0,13,24.1175
1862,12,0,14,23.4575
1863,12,0,15,23.0175
1864,12,0,16,22.88
1865,12,0,17,22.605
1866,12,0,18,22.70125
1867,12,0,19,23.595
1868,12,0,20,27.005
1869,12,0,21,26.84
1870,12,0,22,24.64
1871,12,0,23,21.78
1872,12,1,0,18.54875
1873,12,1,1,17.22875
1874,12,1,2,16.7475
1875,12,1,3,16.0875
1876,12,1,4,15.895
1877,12,1,5,16.3625
1878,12,1,6,20.9825
1879,12,1,7,24.8325
1880,12,1,8,25.85
1881,12,1,9,26.785
1882,12,1,10,26.8125
1883,12,1,11,26.9225
1884,12,1,12,26.455
1885,12,1,13,26.29
1886,12,1,14,26.125
1887,12,1,15,24.86
1888,12,1,16,25.025
1889,12,1,17,24.2825
1890,12,1,18,24.035
1891,12,1,19,24.65375
1892,12,1,20,26.565
1893,12,1,21,26.785
1894,12,1,22,24.70875
1895,12,1,23,21.29875
1896,12,2,0,18.93375
1897,12,2,1,17.31125
1898,12,2,2,16.555
1899,12,2,3,16.21125
1900,12,2,4,15.95
1901,12,2,5,16.56875
1902,12,2,6,22.2475
1903,12,2,7,24.75
1904,12,2,8,25.74
1905,12,2,9,26.5925
1906,12,2,10,26.51
1907,12,2,11,25.9875
1908,12,2,12,26.1525
1909,12,2,13,25.905
1910,12,2,14,25.245
1911,12,2,15,24.7225
1912,12,2,16,24.0625
1913,12,2,17,24.13125
1914,12,2,18,24.24125
1915,12,2,19,25.6025
1916,12,2,20,28.16
1917,12,2,21,27.18375
1918,12,2,22,24.65375
1919,12,2,23,21.8625
1920,12,3,0,19.6625
1921,12,3,1,17.7375
1922,12,3,2,17.2425
1923,12,3,3,15.74375
1924,12,3,4,15.51
1925,12,3,5,16.78875
1926,12,3,6,21.9175
1927,12,3,7,23.925
1928,12,3,8,24.53
1929,12,3,9,26.0975
1930,12,3,10,24.64
1931,12,3,11,24.5575
1932,12,3,12,24.7775
1933,12,3,13,24.5025
1934,12,3,14,24.42
1935,12,3,15,23.76
1936,12,3,16,24.035
1937,12,3,17,24.145
1938,12,3,18,24.255
1939,12,3,19,25.6575
1940,12,3,20,27.4725
1941,12,3,21,26.5375
1942,12,3,22,24.7775
1943,12,3,23,21.5875
1944,12,4,0,19.47
1945,12,4,1,17.6275
1946,12,4,2,16.555
1947,12,4,3,15.71625
1948,12,4,4,15.62
1949,12,4,5,15.9775
1950,12,4,6,19.2775
1951,12,4,7,23.4575
1952,12,4,8,24.035
1953,12,4,9,25.08
1954,12,4,10,24.9975
1955,12,4,11,25.1625
1956,12,4,12,25.5475
1957,12,4,13,25.63
1958,12,4,14,24.8875
1959,12,4,15,24.5575
1960,12,4,16,24.255
1961,12,4,17,23.595
1962,12,4,18,23.7875
1963,12,4,19,25.575
1964,12,4,20,26.51
1965,12,4,21,25.96
1966,12,4,22,23.69125
1967,12,4,23,21.78
1968,12,5,0,19.64875
1969,12,5,1,17.875
1970,12,5,2,16.5
1971,12,5,3,16.0875
1972,12,5,4,15.55125
1973,12,5,5,15.66125
1974,12,5,6,15.18
1975,12,5,7,16.005
1976,12,5,8,18.5625
1977,12,5,9,20.845
1978,12,5,10,22.3025
1979,12,5,11,23.0725
1980,12,5,12,23.2925
1981,12,5,13,23.32
1982,12,5,14,22.605
1983,12,5,15,22.4675
1984,12,5,16,21.3675
1985,12,5,17,21.395
1986,12,5,18,22.09625
1987,12,5,19,24.64
1988,12,5,20,25.7675
1989,12,5,21,24.9975
1990,12,5,22,23.55375
1991,12,5,23,21.6425
1992,12,6,0,18.7
1993,12,6,1,16.54125
1994,12,6,2,15.4825
1995,12,6,3,15.02875
1996,12,6,4,15.07
1997,12,6,5,15.7575
1998,12,6,6,17.2425
1999,12,6,7,18.1225
2000,12,6,8,20.24
2001,12,6,9,22.1375
2002,12,6,10,23.76
2003,12,6,11,23.21
2004,12,6,12,25.905
2005,12,6,13,25.575
2006,12,6,14,24.8875
2007,12,6,15,24.3375
2008,12,6,16,24.0625
2009,12,6,17,24.2825
2010,12,6,18,24.75
2011,12,6,19,25.905
2012,12,6,20,25.8775
2013,12,6,21,24.9975
2014,12,6,22,22.70125
2015,12,6,23,20.13
2016,13,0,0,18.315
2017,13,0,1,16.7475
2018,13,0,2,15.2075
2019,13,0,3,15.015
2020,13,0,4,14.795
2021,13,0,5,14.2725
2022,13,0,6,17.82
2023,13,0,7,21.7525
2024,13,0,8,23.2925
2025,13,0,9,23.925
2026,13,0,10,24.4475
2027,13,0,11,24.53
2028,13,0,12,25.575
2029,13,0,13,25.85
2030,13,0,14,24.65375
2031,13,0,15,24.3925
2032,13,0,16,24.3375
2033,13,0,17,23.88375
2034,13,0,18,24.5575
2035,13,0,19,25.905
2036,13,0,20,27.28
2037,13,0,21,26.565
2038,13,0,22,24.2275
2039,13,0,23,21.12
2040,13,1,0,18.5625
2041,13,1,1,17.0775
2042,13,1,2,15.4825
2043,13,1,3,15.3175
2044,13,1,4,15.29
2045,13,1,5,16.5275
2046,13,1,6,20.79
2047,13,1,7,24.21375
2048,13,1,8,25.39625
2049,13,1,9,26.95
2050,13,1,10,28.0775
2051,13,1,11,28.5175
2052,13,1,12,28.7375
2053,13,1,13,27.665
2054,13,1,14,27.1975
2055,13,1,15,26.73
2056,13,1,16,25.63
2057,13,1,17,26.4
2058,13,1,18,25.6575
2059,13,1,19,28.0225
2060,13,1,20,29.5075
2061,13,1,21,28.5725
2062,13,1,22,25.23125
2063,13,1,23,21.2025
2064,13,2,0,18.7
2065,13,2,1,17.27
2066,13,2,2,16.72
2067,13,2,3,16.17
2068,13,2,4,15.1525
2069,13,2,5,15.895
2070,13,2,6,21.79375
2071,13,2,7,24.8875
2072,13,2,8,26.18
2073,13,2,9,27.8575
2074,13,2,10,26.8125
2075,13,2,11,27.5
2076,13,2,12,27.1975
2077,13,2,13,26.51
2078,13,2,14,26.0425
2079,13,2,15,24.98375
2080,13,2,16,25.08
2081,13,2,17,25.575
2082,13,2,18,25.74
2083,13,2,19,28.9025
2084,13,2,20,29.26
2085,13,2,21,27.5825
2086,13,2,22,25.2175
2087,13,2,23,21.6975
2088,13,3,0,19.47
2089,13,3,1,17.4075
2090,13,3,2,16.6925
2091,13,3,3,16.335
2092,13,3,4,16.5
2093,13,3,5,16.72
2094,13,3,6,20.44625
2095,13,3,7,26.235
2096,13,3,8,27.555
2097,13,3,9,28.49
2098,13,3,10,28.545
2099,13,3,11,28.05
2100,13,3,12,28.435
2101,13,3,13,27.4175
2102,13,3,14,26.895
2103,13,3,15,26.345
2104,13,3,16,25.795
2105,13,3,17,22.4125
2106,13,3,18,22.42625
2107,13,3,19,24.6675
2108,13,3,20,27.0875
2109,13,3,21,27.06
2110,13,3,22,25.2725
2111,13,3,23,22.0275
2112,13,4,0,19.3875
2113,13,4,1,17.4625
2114,13,4,2,16.4725
2115,13,4,3,15.7575
2116,13,4,4,15.73
2117,13,4,5,15.8125
2118,13,4,6,20.2125
2119,13,4,7,24.86
2120,13,4,8,26.73
2121,13,4,9,28.0225
2122,13,4,10,28.325
2123,13,4,11,27.4725
2124,13,4,12,28.2425
2125,13,4,13,26.96375
2126,13,4,14,26.29
2127,13,4,15,25.5475
2128,13,4,16,24.86
2129,13,4,17,24.75
2130,13,4,18,25.3275
2131,13,4,19,26.7575
2132,13,4,20,27.4175
2133,13,4,21,26.6475
2134,13,4,22,25.355
2135,13,4,23,22.495
2136,13,5,0,20.2125
2137,13,5,1,18.2875
2138,13,5,2,17.435
2139,13,5,3,16.54125
2140,13,5,4,16.17
2141,13,5,5,15.785
2142,13,5,6,15.895
2143,13,5,7,16.1975
2144,13,5,8,18.0125
2145,13,5,9,21.67
2146,13,5,10,23.32
2147,13,5,11,24.76375
2148,13,5,12,25.465
2149,13,5,13,24.95625
2150,13,5,14,24.475
2151,13,5,15,23.32
2152,13,5,16,22.3025
2153,13,5,17,21.89
2154,13,5,18,22.77
2155,13,5,19,26.0425
2156,13,5,20,27.9675
2157,13,5,21,27.28
2158,13,5,22,24.8875
2159,13,5,23,21.615
2160,13,6,0,19.3325
2161,13,6,1,17.0225
2162,13,6,2,16.1975
2163,13,6,3,16.005
2164,13,6,4,15.895
2165,13,6,5,15.5925
2166,13,6,6,15.95
2167,13,6,7,17.6825
2168,13,6,8,19.7175
2169,13,6,9,23.54
2170,13,6,10,24.7775
2171,13,6,11,25.1625
2172,13,6,12,24.86
2173,13,6,13,24.2825
2174,13,6,14,22.99
2175,13,6,15,22.55
2176,13,6,16,22.33
2177,13,6,17,21.835
2178,13,6,18,23.54
2179,13,6,19,26.235
2180,13,6,20,26.3175
2181,13,6,21,25.465
2182,13,6,22,23.6225
2183,13,6,23,21.2575
2184,14,0,0,18.6725
2185,14,0,1,16.8025
2186,14,0,2,15.675
2187,14,0,3,15.125
2188,14,0,4,15.51
2189,14,0,5,15.675
2190,14,0,6,19.14
2191,14,0,7,23.5125
2192,14,0,8,24.53
2193,14,0,9,26.0425
2194,14,0,10,26.2625
2195,14,0,11,26.62
2196,14,0,12,26.5925
2197,14,0,13,26.51
2198,14,0,14,25.58875
2199,14,0,15,23.815
2200,14,0,16,24.43375
2201,14,0,17,24.75
2202,14,0,18,26.5375
2203,14,0,19,27.995
2204,14,0,20,27.70625
2205,14,0,21,26.84
2206,14,0,22,24.21375
2207,14,0,23,20.68
2208,14,1,0,18.0675
2209,14,1,1,16.9125
2210,14,1,2,15.9775
2211,14,1,3,15.95
2212,14,1,4,15.73
2213,14,1,5,16.6925
2214,14,1,6,21.3675
2215,14,1,7,24.3925
2216,14,1,8,26.125
2217,14,1,9,26.73
2218,14,1,10,27.2525
2219,14,1,11,27.555
2220,14,1,12,26.8675
2221,14,1,13,25.9875
2222,14,1,14,26.2625
2223,14,1,15,26.3725
2224,14,1,16,25.9875
2225,14,1,17,25.3275
2226,14,1,18,26.19375
2227,14,1,19,28.2425
2228,14,1,20,29.4525
2229,14,1,21,28.215
2230,14,1,22,25.58875
2231,14,1,23,22.42625
2232,14,2,0,19.635
2233,14,2,1,17.72375
2234,14,2,2,16.61
2235,14,2,3,16.28
2236,14,2,4,16.61
2237,14,2,5,16.94
2238,14,2,6,22.15125
2239,14,2,7,25.3275
2240,14,2,8,26.455
2241,14,2,9,26.84
2242,14,2,10,27.06
2243,14,2,11,26.90875
2244,14,2,12,25.905
2245,14,2,13,25.34125
2246,14,2,14,25.025
2247,14,2,15,24.70875
2248,14,2,16,24.46125
2249,14,2,17,24.5575
2250,14,2,18,25.6025
2251,14,2,19,27.8575
2252,14,2,20,28.71
2253,14,2,21,27.84375
2254,14,2,22,26.0975
2255,14,2,23,21.945
2256,14,3,0,19.36
2257,14,3,1,18.1775
2258,14,3,2,16.72
2259,14,3,3,16.17
2260,14,3,4,16.04625
2261,14,3,5,16.78875
2262,14,3,6,21.68375
2263,14,3,7,25.85
2264,14,3,8,26.9225
2265,14,3,9,27.8025
2266,14,3,10,28.11875
2267,14,3,11,28.2425
2268,14,3,12,27.1975
2269,14,3,13,26.24875
2270,14,3,14,26.1525
2271,14,3,15,25.69875
2272,14,3,16,25.135
2273,14,3,17,24.53
2274,14,3,18,25.83625
2275,14,3,19,27.21125
2276,14,3,20,27.28
2277,14,3,21,26.57875
2278,14,3,22,25.08
2279,14,3,23,22.385
2280,14,4,0,19.6625
2281,14,4,1,17.875
2282,14,4,2,16.83
2283,14,4,3,16.17
2284,14,4,4,15.8675
2285,14,4,5,15.49625
2286,14,4,6,16.12875
2287,14,4,7,17.1875
2288,14,4,8,18.9475
2289,14,4,9,21.65625
2290,14,4,10,22.83875
2291,14,4,11,23.8975
2292,14,4,12,25.5475
2293,14,4,13,25.34125
2294,14,4,14,24.68125
2295,14,4,15,23.74625
2296,14,4,16,22.825
2297,14,4,17,22.1925
2298,14,4,18,23.22375
2299,14,4,19,25.4375
2300,14,4,20,26.30375
2301,14,4,21,25.4925
2302,14,4,22,24.24125
2303,14,4,23,21.5875
2304,14,5,0,18.645
2305,14,5,1,16.7475
2306,14,5,2,15.73
2307,14,5,3,15.22125
2308,14,5,4,15.02875
2309,14,5,5,14.91875
2310,14,5,6,14.74
2311,14,5,7,15.4825
2312,14,5,8,19.45625
2313,14,5,9,21.8625
2314,14,5,10,22.22
2315,14,5,11,22.6875
2316,14,5,12,23.5675
2317,14,5,13,23.76
2318,14,5,14,23.2375
2319,14,5,15,22.77
2320,14,5,16,22.92125
2321,14,5,17,23.22375
2322,14,5,18,25.58875
2323,14,5,19,27.885
2324,14,5,20,27.65125
2325,14,5,21,26.33125
2326,14,5,22,23.22375
2327,14,5,23,20.185
2328,14,6,0,18.7275
2329,14,6,1,17.215
2330,14,6,2,15.895
2331,14,6,3,15.8125
2332,14,6,4,15.77125
2333,14,6,5,15.95
2334,14,6,6,16.115
2335,14,6,7,17.1875
2336,14,6,8,19.8
2337,14,6,9,21.725
2338,14,6,10,23.5675
2339,14,6,11,23.87
2340,14,6,12,25.795
2341,14,6,13,26.5925
2342,14,6,14,24.8875
2343,14,6,15,24.2
2344,14,6,16,23.47125
2345,14,6,17,23.1
2346,14,6,18,24.42
2347,14,6,19,26.73
2348,14,6,20,26.8675
2349,14,6,21,26.015
2350,14,6,22,23.54
2351,14,6,23,20.5975
2352,15,0,0,18.7
2353,15,0,1,16.9675
2354,15,0,2,15.82625
2355,15,0,3,15.29
2356,15,0,4,15.38625
2357,15,0,5,15.8675
2358,15,0,6,19.9375
2359,15,0,7,24.695
2360,15,0,8,26.35875
2361,15,0,9,27.5825
2362,15,0,10,27.9675
2363,15,0,11,27.6375
2364,15,0,12,27.40375
2365,15,0,13,26.8125
2366,15,0,14,26.27625
2367,15,0,15,25.56125
2368,15,0,16,25.56125
2369,15,0,17,25.3
2370,15,0,18,27.8575
2371,15,0,19,29.425
2372,15,0,20,29.0125
2373,15,0,21,28.4075
2374,15,0,22,25.1625
2375,15,0,23,21.90375
2376,15,1,0,19.56625
2377,15,1,1,17.69625
2378,15,1,2,16.995
2379,15,1,3,16.65125
2380,15,1,4,16.65125
2381,15,1,5,16.67875
2382,15,1,6,21.8625
2383,15,1,7,26.79875
2384,15,1,8,28.17375
2385,15,1,9,28.5175
2386,15,1,10,28.03625
2387,15,1,11,27.4725
2388,15,1,12,28.38
2389,15,1,13,26.77125
2390,15,1,14,25.63
2391,15,1,15,25.2175
2392,15,1,16,24.5025
2393,15,1,17,25.245
2394,15,1,18,27.7475
2395,15,1,19,29.535
2396,15,1,20,29.6175
2397,15,1,21,28.1875
2398,15,1,22,26.08375
2399,15,1,23,22.935
2400,15,2,0,19.73125
2401,15,2,1,17.83375
2402,15,2,2,17.11875
2403,15,2,3,16.995
2404,15,2,4,16.775
2405,15,2,5,17.105
2406,15,2,6,22.1925
2407,15,2,7,25.52
2408,15,2,8,26.9775
2409,15,2,9,27.7475
2410,15,2,10,27.5825
2411,15,2,11,27.28
2412,15,2,12,26.8125
2413,15,2,13,26.0425
2414,15,2,14,25.025
2415,15,2,15,24.7775
2416,15,2,16,24.2825
2417,15,2,17,24.9425
2418,15,2,18,27.1425
2419,15,2,19,29.0675
2420,15,2,20,28.71
2421,15,2,21,28.215
2422,15,2,22,24.97
2423,15,2,23,22.31625
2424,15,3,0,19.415
2425,15,3,1,18.1775
2426,15,3,2,17.655
2427,15,3,3,17.38
2428,15,3,4,17.4075
2429,15,3,5,17.71
2430,15,3,6,22.8525
2431,15,3,7,26.4275
2432,15,3,8,27.4175
2433,15,3,9,28.1325
2434,15,3,10,28.2975
2435,15,3,11,27.56875
2436,15,3,12,26.8675
2437,15,3,13,26.2075
2438,15,3,14,25.795
2439,15,3,15,25.465
2440,15,3,16,24.695
2441,15,3,17,24.585
2442,15,3,18,27.1975
2443,15,3,19,29.04
2444,15,3,20,29.04
2445,15,3,21,28.215
2446,15,3,22,24.81875
2447,15,3,23,21.98625
2448,15,4,0,19.15375
2449,15,4,1,17.44875
2450,15,4,2,16.4175
2451,15,4,3,16.17
2452,15,4,4,16.0325
2453,15,4,5,16.29375
2454,15,4,6,21.13375
2455,15,4,7,25.8775
2456,15,4,8,27.3625
2457,15,4,9,28.27
2458,15,4,10,28.0775
2459,15,4,11,27.6925
2460,15,4,12,27.06
2461,15,4,13,26.015
2462,15,4,14,24.46125
2463,15,4,15,24.585
2464,15,4,16,23.0175
2465,15,4,17,23.1825
2466,15,4,18,26.015
2467,15,4,19,28.215
2468,15,4,20,27.8025
2469,15,4,21,27.115
2470,15,4,22,24.8325
2471,15,4,23,22.15125
2472,15,5,0,19.745
2473,15,5,1,17.36625
2474,15,5,2,16.12875
2475,15,5,3,15.675
2476,15,5,4,15.18
2477,15,5,5,15.05625
2478,15,5,6,15.4
2479,15,5,7,16.12875
2480,15,5,8,18.43875
2481,15,5,9,21.07875
2482,15,5,10,22.45375
2483,15,5,11,22.9075
2484,15,5,12,23.22375
2485,15,5,13,23.1
2486,15,5,14,22.42625
2487,15,5,15,21.45
2488,15,5,16,21.4775
2489,15,5,17,22.0
2490,15,5,18,24.8875
2491,15,5,19,25.9875
2492,15,5,20,25.85
2493,15,5,21,25.135
2494,15,5,22,23.705
2495,15,5,23,21.175
2496,15,6,0,19.25
2497,15,6,1,17.9575
2498,15,6,2,16.32125
2499,15,6,3,15.785
2500,15,6,4,15.08375
2501,15,6,5,14.47875
2502,15,6,6,14.9325
2503,15,6,7,15.3725
2504,15,6,8,17.325
2505,15,6,9,19.8825
2506,15,6,10,21.89
2507,15,6,11,24.0625
2508,15,6,12,24.365
2509,15,6,13,24.09
2510,15,6,14,24.1175
2511,15,6,15,23.375
2512,15,6,16,23.1
2513,15,6,17,23.0725
2514,15,6,18,26.18
2515,15,6,19,28.05
2516,15,6,20,26.5375
2517,15,6,21,25.74
2518,15,6,22,23.595
2519,15,6,23,21.43625
2520,16,0,0,19.18125
2521,16,0,1,17.09125
2522,16,0,2,16.17
2523,16,0,3,15.29
2524,16,0,4,15.5375
2525,16,0,5,16.32125
2526,16,0,6,21.01
2527,16,0,7,24.0625
2528,16,0,8,24.43375
2529,16,0,9,25.42375
2530,16,0,10,25.83625
2531,16,0,11,25.56125
2532,16,0,12,25.795
2533,16,0,13,25.905
2534,16,0,14,25.3825
2535,16,0,15,25.135
2536,16,0,16,25.2725
2537,16,0,17,25.685
2538,16,0,18,29.04
2539,16,0,19,29.2875
2540,16,0,20,28.93
2541,16,0,21,27.9675
2542,16,0,22,24.585
2543,16,0,23,21.27125
2544,16,1,0,18.43875
2545,16,1,1,16.4725
2546,16,1,2,16.06
2547,16,1,3,15.73
2548,16,1,4,15.5925
2549,16,1,5,16.26625
2550,16,1,6,21.505
2551,16,1,7,24.7775
2552,16,1,8,25.7675
2553,16,1,9,27.1425
2554,16,1,10,27.9675
2555,16,1,11,27.5
2556,16,1,12,27.5825
2557,16,1,13,27.0875
2558,16,1,14,26.4275
2559,16,1,15,26.235
2560,16,1,16,26.1525
2561,16,1,17,25.63
2562,16,1,18,28.49
2563,16,1,19,29.04
2564,16,1,20,28.27
2565,16,1,21,27.06
2566,16,1,22,25.09375
2567,16,1,23,21.7525
2568,16,2,0,19.745
2569,16,2,1,17.435
2570,16,2,2,17.0775
2571,16,2,3,16.885
2572,16,2,4,16.9675
2573,16,2,5,17.0775
2574,16,2,6,22.34375
2575,16,2,7,25.09375
2576,16,2,8,26.7025
2577,16,2,9,26.99125
2578,16,2,10,27.51375
2579,16,2,11,27.6375
2580,16,2,12,27.0325
2581,16,2,13,25.7675
2582,16,2,14,24.7775
2583,16,2,15,24.35125
2584,16,2,16,25.1625
2585,16,2,17,28.0225
2586,16,2,18,29.755
2587,16,2,19,31.02
2588,16,2,20,30.4975
2589,16,2,21,29.205
2590,16,2,22,25.7125
2591,16,2,23,21.95875
2592,16,3,0,19.1675
2593,16,3,1,17.71
2594,16,3,2,16.72
2595,16,3,3,16.0875
2596,16,3,4,15.708
2597,16,3,5,16.39
2598,16,3,6,22.4125
2599,16,3,7,25.6575
2600,16,3,8,26.9775
2601,16,3,9,28.325
2602,16,3,10,28.7375
2603,16,3,11,28.1325
2604,16,3,12,28.0225
2605,16,3,13,27.885
2606,16,3,14,27.3075
2607,16,3,15,26.9775
2608,16,3,16,26.6475
2609,16,3,17,26.29
2610,16,3,18,27.335
2611,16,3,19,28.1325
2612,16,3,20,29.0125
2613,16,3,21,27.3625
2614,16,3,22,24.9425
2615,16,3,23,22.44
2616,16,4,0,19.855
2617,16,4,1,17.875
2618,16,4,2,16.72
2619,16,4,3,16.3625
2620,16,4,4,16.06
2621,16,4,5,16.32125
2622,16,4,6,19.3875
2623,16,4,7,23.6775
2624,16,4,8,24.7775
2625,16,4,9,25.72625
2626,16,4,10,25.2175
2627,16,4,11,25.5475
2628,16,4,12,26.015
2629,16,4,13,25.7125
2630,16,4,14,24.90125
2631,16,4,15,23.815
2632,16,4,16,23.85625
2633,16,4,17,24.9425
2634,16,4,18,27.6375
2635,16,4,19,27.8025
2636,16,4,20,27.5
2637,16,4,21,26.3175
2638,16,4,22,24.86
2639,16,4,23,22.15125
2640,16,5,0,19.855
2641,16,5,1,18.04
2642,16,5,2,16.84375
2643,16,5,3,16.5
2644,16,5,4,16.28
2645,16,5,5,15.9225
2646,16,5,6,16.10125
2647,16,5,7,16.8025
2648,16,5,8,20.3225
2649,16,5,9,22.3025
2650,16,5,10,23.8975
2651,16,5,11,24.0075
2652,16,5,12,24.3375
2653,16,5,13,24.37875
2654,16,5,14,23.74625
2655,16,5,15,23.03125
2656,16,5,16,22.33
2657,16,5,17,24.59875
2658,16,5,18,27.885
2659,16,5,19,29.865
2660,16,5,20,29.755
2661,16,5,21,28.7375
2662,16,5,22,25.6025
2663,16,5,23,21.9725
2664,16,6,0,19.5525
2665,16,6,1,17.9575
2666,16,6,2,16.72
2667,16,6,3,16.3625
2668,16,6,4,16.28
2669,16,6,5,17.0775
2670,16,6,6,17.985
2671,16,6,7,19.415
2672,16,6,8,21.2575
2673,16,6,9,23.375
2674,16,6,10,25.63
2675,16,6,11,26.51
2676,16,6,12,27.06
2677,16,6,13,27.115
2678,16,6,14,26.7575
2679,16,6,15,26.0425
2680,16,6,16,25.5475
2681,16,6,17,25.96
2682,16,6,18,26.9225
2683,16,6,19,28.6275
2684,16,6,20,27.995
2685,16,6,21,26.895
2686,16,6,22,24.6125
2687,16,6,23,22.1375
2688,17,0,0,18.98875
2689,17,0,1,17.3525
2690,17,0,2,16.0325
2691,17,0,3,15.62
2692,17,0,4,15.4
2693,17,0,5,16.4725
2694,17,0,6,20.41875
2695,17,0,7,24.5025
2696,17,0,8,25.6575
2697,17,0,9,26.55125
2698,17,0,10,26.30375
2699,17,0,11,25.74
2700,17,0,12,25.8225
2701,17,0,13,25.12125
2702,17,0,14,24.8325
2703,17,0,15,25.47875
2704,17,0,16,25.94625
2705,17,0,17,26.30375
2706,17,0,18,28.4075
2707,17,0,19,29.52125
2708,17,0,20,28.83375
2709,17,0,21,27.995
2710,17,0,22,25.41
2711,17,0,23,21.34
2712,17,1,0,18.3975
2713,17,1,1,17.03625
2714,17,1,2,16.1425
2715,17,1,3,15.71625
2716,17,1,4,15.5925
2717,17,1,5,16.83
2718,17,1,6,22.55
2719,17,1,7,25.8775
2720,17,1,8,27.445
2721,17,1,9,28.4625
2722,17,1,10,28.8475
2723,17,1,11,28.16
2724,17,1,12,28.14625
2725,17,1,13,27.6375
2726,17,1,14,27.3625
2727,17,1,15,27.4725
2728,17,1,16,27.335
2729,17,1,17,27.0325
2730,17,1,18,28.435
2731,17,1,19,29.8925
2732,17,1,20,29.535
2733,17,1,21,28.38
2734,17,1,22,26.07
2735,17,1,23,22.66
2736,17,2,0,19.8
2737,17,2,1,18.16375
2738,17,2,2,17.80625
2739,17,2,3,17.25625
2740,17,2,4,17.2425
2741,17,2,5,17.5175
2742,17,2,6,22.55
2743,17,2,7,25.8775
2744,17,2,8,27.0875
2745,17,2,9,28.16
2746,17,2,10,28.215
2747,17,2,11,28.325
2748,17,2,12,28.4625
2749,17,2,13,27.72
2750,17,2,14,26.44125
2751,17,2,15,25.94625
2752,17,2,16,25.8775
2753,17,2,17,26.77125
2754,17,2,18,29.26
2755,17,2,19,30.09875
2756,17,2,20,29.9475
2757,17,2,21,28.64125
2758,17,2,22,26.62
2759,17,2,23,22.66
2760,17,3,0,20.33625
2761,17,3,1,18.3975
2762,17,3,2,16.95375
2763,17,3,3,16.665
2764,17,3,4,16.5
2765,17,3,5,17.06375
2766,17,3,6,22.28875
2767,17,3,7,25.905
2768,17,3,8,26.9225
2769,17,3,9,27.61
2770,17,3,10,28.105
2771,17,3,11,28.1325
2772,17,3,12,27.83
2773,17,3,13,27.07375
2774,17,3,14,26.9775
2775,17,3,15,26.4
2776,17,3,16,25.80875
2777,17,3,17,27.4175
2778,17,3,18,29.535
2779,17,3,19,27.995
2780,17,3,20,27.5
2781,17,3,21,26.895
2782,17,3,22,24.6675
2783,17,3,23,22.42625
2784,17,4,0,19.745
2785,17,4,1,18.0675
2786,17,4,2,17.545
2787,17,4,3,16.9125
2788,17,4,4,16.43125
2789,17,4,5,16.1975
2790,17,4,6,16.8575
2791,17,4,7,17.0225
2792,17,4,8,18.4525
2793,17,4,9,21.32625
2794,17,4,10,23.08625
2795,17,4,11,24.475
2796,17,4,12,25.2175
2797,17,4,13,25.74
2798,17,4,14,25.50625
2799,17,4,15,25.245
2800,17,4,16,25.41
2801,17,4,17,26.90875
2802,17,4,18,28.83375
2803,17,4,19,28.7925
2804,17,4,20,27.9125
2805,17,4,21,26.3175
2806,17,4,22,24.62625
2807,17,4,23,21.57375
2808,17,5,0,18.81
2809,17,5,1,17.105
2810,17,5,2,16.335
2811,17,5,3,16.06
2812,17,5,4,16.0325
2813,17,5,5,16.6375
2814,17,5,6,17.6825
2815,17,5,7,20.46
2816,17,5,8,23.93875
2817,17,5,9,25.41
2818,17,5,10,26.785
2819,17,5,11,27.7475
2820,17,5,12,28.655
2821,17,5,13,27.87125
2822,17,5,14,27.95375
2823,17,5,15,27.28
2824,17,5,16,24.915
2825,17,5,17,24.365
2826,17,5,18,26.0975
2827,17,5,19,26.1525
2828,17,5,20,26.125
2829,17,5,21,25.3825
2830,17,5,22,24.24125
2831,17,5,23,22.055
2832,17,6,0,19.7175
2833,17,6,1,18.1225
2834,17,6,2,16.6925
2835,17,6,3,15.4275
2836,17,6,4,15.46875
2837,17,6,5,15.345
2838,17,6,6,15.84
2839,17,6,7,16.94
2840,17,6,8,19.635
2841,17,6,9,21.65625
2842,17,6,10,24.31
2843,17,6,11,24.73625
2844,17,6,12,25.31375
2845,17,6,13,25.45125
2846,17,6,14,25.465
2847,17,6,15,24.695
2848,17,6,16,23.6225
2849,17,6,17,23.21
2850,17,6,18,25.135
2851,17,6,19,26.29
2852,17,6,20,25.9875
2853,17,6,21,25.4375
2854,17,6,22,24.6125
2855,17,6,23,22.8525
2856,18,0,0,19.9925
2857,18,0,1,18.24625
2858,18,0,2,17.1325
2859,18,0,3,16.3625
2860,18,0,4,16.0875
2861,18,0,5,15.455
2862,18,0,6,15.11125
2863,18,0,7,16.18375
2864,18,0,8,17.4625
2865,18,0,9,19.89625
2866,18,0,10,22.15125
2867,18,0,11,23.66375
2868,18,0,12,24.6125
2869,18,0,13,25.56125
2870,18,0,14,25.1075
2871,18,0,15,24.8325
2872,18,0,16,23.43
2873,18,0,17,24.585
2874,18,0,18,27.445
2875,18,0,19,28.4075
2876,18,0,20,28.105
2877,18,0,21,27.3075
2878,18,0,22,25.01125
2879,18,0,23,22.3575
2880,18,1,0,20.0475
2881,18,1,1,18.15
2882,18,1,2,17.16
2883,18,1,3,16.885
2884,18,1,4,16.9125
2885,18,1,5,17.22875
2886,18,1,6,22.0825
2887,18,1,7,27.4725
2888,18,1,8,29.1225
2889,18,1,9,30.1675
2890,18,1,10,30.2225
2891,18,1,11,28.49
2892,18,1,12,28.6
2893,18,1,13,28.105
2894,18,1,14,27.225
2895,18,1,15,26.8125
2896,18,1,16,26.29
2897,18,1,17,26.345
2898,18,1,18,28.7925
2899,18,1,19,28.765
2900,18,1,20,28.4075
2901,18,1,21,27.8025
2902,18,1,22,26.4
2903,18,1,23,22.9075
2904,18,2,0,19.855
2905,18,2,1,18.63125
2906,18,2,2,17.6825
2907,18,2,3,17.2425
2908,18,2,4,16.67875
2909,18,2,5,17.55875
2910,18,2,6,22.88
2911,18,2,7,25.7125
2912,18,2,8,28.3525
2913,18,2,9,28.2975
2914,18,2,10,28.765
2915,18,2,11,29.13625
2916,18,2,12,30.48375
2917,18,2,13,30.2225
2918,18,2,14,29.4525
2919,18,2,15,28.7925
2920,18,2,16,27.665
2921,18,2,17,27.83
2922,18,2,18,29.37
2923,18,2,19,29.7
2924,18,2,20,29.0675
2925,18,2,21,27.775
2926,18,2,22,26.3725
2927,18,2,23,23.8425
2928,18,3,0,21.0375
2929,18,3,1,18.425
2930,18,3,2,17.6
2931,18,3,3,17.03625
2932,18,3,4,16.83
2933,18,3,5,16.78875
2934,18,3,6,20.3225
2935,18,3,7,24.6675
2936,18,3,8,25.41
2937,18,3,9,26.18
2938,18,3,10,27.0875
2939,18,3,11,28.0775
2940,18,3,12,28.545
2941,18,3,13,29.1225
2942,18,3,14,28.7375
2943,18,3,15,28.71
2944,18,3,16,26.51
2945,18,3,17,25.5475
2946,18,3,18,28.1325
2947,18,3,19,29.0125
2948,18,3,20,28.5725
2949,18,3,21,27.5825
2950,18,3,22,25.9325
2951,18,3,23,23.7325
2952,18,4,0,20.68
2953,18,4,1,18.26
2954,18,4,2,17.0225
2955,18,4,3,16.225
2956,18,4,4,16.26625
2957,18,4,5,15.95
2958,18,4,6,18.81
2959,18,4,7,22.825
2960,18,4,8,24.42
2961,18,4,9,25.96
2962,18,4,10,26.675
2963,18,4,11,26.95
2964,18,4,12,27.1425
2965,18,4,13,26.62
2966,18,4,14,26.8125
2967,18,4,15,25.85
2968,18,4,16,25.52
2969,18,4,17,24.97
2970,18,4,18,28.2425
2971,18,4,19,29.16375
2972,18,4,20,28.5175
2973,18,4,21,26.85375
2974,18,4,22,26.3725
2975,18,4,23,23.32
2976,18,5,0,19.8
2977,18,5,1,18.15
2978,18,5,2,16.665
2979,18,5,3,16.1425
2980,18,5,4,16.06
2981,18,5,5,17.42125
2982,18,5,6,24.145
2983,18,5,7,28.2425
2984,18,5,8,29.59
2985,18,5,9,26.5375
2986,18,5,10,27.5275
2987,18,5,11,30.14
2988,18,5,12,31.35
2989,18,5,13,31.44625
2990,18,5,14,30.59375
2991,18,5,15,30.84125
2992,18,5,16,26.60625
2993,18,5,17,25.34125
2994,18,5,18,27.3075
2995,18,5,19,27.8575
2996,18,5,20,27.3075
2997,18,5,21,26.5925
2998,18,5,22,26.675
2999,18,5,23,23.88375
3000,18,6,0,20.735
3001,18,6,1,18.81
3002,18,6,2,18.0125
3003,18,6,3,17.5725
3004,18,6,4,17.14625
3005,18,6,5,17.2975
3006,18,6,6,18.26
3007,18,6,7,19.2775
3008,18,6,8,22.6325
3009,18,6,9,24.24125
3010,18,6,10,25.795
3011,18,6,11,26.8675
3012,18,6,12,26.785
3013,18,6,13,26.8125
3014,18,6,14,26.2625
3015,18,6,15,25.96
3016,18,6,16,23.705
3017,18,6,17,22.7975
3018,18,6,18,25.4375
3019,18,6,19,27.335
3020,18,6,20,26.95
3021,18,6,21,26.29
3022,18,6,22,24.7225
3023,18,6,23,22.55
3024,19,0,0,19.6075
3025,19,0,1,18.13625
3026,19,0,2,16.6375
3027,19,0,3,15.95
3028,19,0,4,15.785
3029,19,0,5,16.8025
3030,19,0,6,20.515
3031,19,0,7,25.025
3032,19,0,8,26.235
3033,19,0,9,27.4175
3034,19,0,10,28.875
3035,19,0,11,28.9575
3036,19,0,12,29.81
3037,19,0,13,28.9575
3038,19,0,14,26.6475
3039,19,0,15,26.3175
3040,19,0,16,27.1425
3041,19,0,17,27.115
3042,19,0,18,29.15
3043,19,0,19,29.48
3044,19,0,20,29.04
3045,19,0,21,28.4625
3046,19,0,22,25.9875
3047,19,0,23,23.595
3048,19,1,0,20.6525
3049,19,1,1,18.4525
3050,19,1,2,17.545
3051,19,1,3,16.72
3052,19,1,4,16.6375
3053,19,1,5,17.2425
3054,19,1,6,23.54
3055,19,1,7,26.51
3056,19,1,8,28.93
3057,19,1,9,29.37
3058,19,1,10,29.755
3059,19,1,11,29.15
3060,19,1,12,29.57625
3061,19,1,13,29.04
3062,19,1,14,27.1975
3063,19,1,15,26.77125
3064,19,1,16,24.8875
3065,19,1,17,24.97
3066,19,1,18,27.9675
3067,19,1,19,28.6825
3068,19,1,20,28.4075
3069,19,1,21,27.83
3070,19,1,22,26.7575
3071,19,1,23,22.99
3072,19,2,0,19.91
3073,19,2,1,18.5075
3074,19,2,2,16.94
3075,19,2,3,16.5275
3076,19,2,4,16.445
3077,19,2,5,16.775
3078,19,2,6,21.5875
3079,19,2,7,25.1075
3080,19,2,8,27.665
3081,19,2,9,28.4075
3082,19,2,10,28.91625
3083,19,2,11,29.08125
3084,19,2,12,29.315
3085,19,2,13,29.24625
3086,19,2,14,28.61375
3087,19,2,15,28.27
3088,19,2,16,27.37625
3089,19,2,17,28.05
3090,19,2,18,28.82
3091,19,2,19,28.5725
3092,19,2,20,27.995
3093,19,2,21,27.07375
3094,19,2,22,24.81875
3095,19,2,23,23.1275
3096,19,3,0,19.58
3097,19,3,1,18.2325
3098,19,3,2,17.38
3099,19,3,3,16.4175
3100,19,3,4,16.3625
3101,19,3,5,16.65125
3102,19,3,6,20.7075
3103,19,3,7,24.9975
3104,19,3,8,25.12125
3105,19,3,9,26.08375
3106,19,3,10,27.335
3107,19,3,11,28.6275
3108,19,3,12,28.50375
3109,19,3,13,28.28375
3110,19,3,14,26.2625
3111,19,3,15,25.63
3112,19,3,16,24.915
3113,19,3,17,26.38625
3114,19,3,18,28.215
3115,19,3,19,28.435
3116,19,3,20,27.995
3117,19,3,21,27.3625
3118,19,3,22,26.62
3119,19,3,23,23.705
3120,19,4,0,20.02
3121,19,4,1,18.535
3122,19,4,2,17.71
3123,19,4,3,17.0225
3124,19,4,4,16.5275
3125,19,4,5,16.8025
3126,19,4,6,20.66625
3127,19,4,7,24.3925
3128,19,4,8,25.25875
3129,19,4,9,26.90875
3130,19,4,10,27.48625
3131,19,4,11,27.8575
3132,19,4,12,28.4625
3133,19,4,13,28.545
3134,19,4,14,27.9125
3135,19,4,15,27.225
3136,19,4,16,25.0525
3137,19,4,17,26.4825
3138,19,4,18,27.92625
3139,19,4,19,27.56875
3140,19,4,20,26.9775
3141,19,4,21,26.51
3142,19,4,22,26.0975
3143,19,4,23,23.80125
3144,19,5,0,20.8175
3145,19,5,1,18.81
3146,19,5,2,17.93
3147,19,5,3,17.6825
3148,19,5,4,17.31125
3149,19,5,5,18.1225
3150,19,5,6,23.2375
3151,19,5,7,26.895
3152,19,5,8,29.1775
3153,19,5,9,29.7
3154,19,5,10,29.92
3155,19,5,11,31.13
3156,19,5,12,31.50125
3157,19,5,13,30.965
3158,19,5,14,29.7825
3159,19,5,15,28.97125
3160,19,5,16,26.9775
3161,19,5,17,28.1875
3162,19,5,18,29.0125
3163,19,5,19,28.985
3164,19,5,20,28.82
3165,19,5,21,27.995
3166,19,5,22,27.61
3167,19,5,23,25.12125
3168,19,6,0,21.51875
3169,19,6,1,19.525
3170,19,6,2,18.27375
3171,19,6,3,17.4075
3172,19,6,4,16.8575
3173,19,6,5,16.8025
3174,19,6,6,17.9025
3175,19,6,7,19.525
3176,19,6,8,22.385
3177,19,6,9,25.3275
3178,19,6,10,28.17375
3179,19,6,11,29.975
3180,19,6,12,29.8925
3181,19,6,13,29.4525
3182,19,6,14,28.9025
3183,19,6,15,28.325
3184,19,6,16,27.1425
3185,19,6,17,27.1975
3186,19,6,18,27.4175
3187,19,6,19,29.37
3188,19,6,20,28.9575
3189,19,6,21,28.3525
3190,19,6,22,26.4275
3191,19,6,23,24.1175
3192,20,0,0,20.7625
3193,20,0,1,18.5075
3194,20,0,2,17.49
3195,20,0,3,16.61
3196,20,0,4,15.7575
3197,20,0,5,15.9225
3198,20,0,6,20.03375
3199,20,0,7,24.3375
3200,20,0,8,25.245
3201,20,0,9,25.83625
3202,20,0,10,27.51375
3203,20,0,11,27.78875
3204,20,0,12,27.92625
3205,20,0,13,28.31125
3206,20,0,14,27.07375
3207,20,0,15,26.68875
3208,20,0,16,26.4825
3209,20,0,17,26.62
3210,20,0,18,29.48
3211,20,0,19,30.91
3212,20,0,20,30.415
3213,20,0,21,29.48
3214,20,0,22,26.565
3215,20,0,23,23.21
3216,20,1,0,20.295
3217,20,1,1,18.15
3218,20,1,2,16.885
3219,20,1,3,15.9225
3220,20,1,4,16.06
3221,20,1,5,16.555
3222,20,1,6,22.385
3223,20,1,7,26.8675
3224,20,1,8,30.3325
3225,20,1,9,31.68
3226,20,1,10,31.96875
3227,20,1,11,31.68
3228,20,1,12,31.7075
3229,20,1,13,31.1025
3230,20,1,14,30.03
3231,20,1,15,29.02625
3232,20,1,16,27.21125
3233,20,1,17,27.5275
3234,20,1,18,29.85125
3235,20,1,19,30.5525
3236,20,1,20,29.87875
3237,20,1,21,28.985
3238,20,1,22,27.5825
3239,20,1,23,24.3925
3240,20,2,0,21.1475
3241,20,2,1,19.2775
3242,20,2,2,16.9125
3243,20,2,3,16.8575
3244,20,2,4,16.8575
3245,20,2,5,17.38
3246,20,2,6,23.6775
3247,20,2,7,27.5275
3248,20,2,8,29.6175
3249,20,2,9,30.8
3250,20,2,10,30.8
3251,20,2,11,30.8275
3252,20,2,12,31.3775
3253,20,2,13,30.95125
3254,20,2,14,30.3325
3255,20,2,15,29.1225
3256,20,2,16,27.21125
3257,20,2,17,27.9675
3258,20,2,18,30.0575
3259,20,2,19,29.865
3260,20,2,20,29.27375
3261,20,2,21,28.49
3262,20,2,22,26.62
3263,20,2,23,24.585
3264,20,3,0,21.6975
3265,20,3,1,19.91
3266,20,3,2,19.085
3267,20,3,3,17.215
3268,20,3,4,17.05
3269,20,3,5,17.4625
3270,20,3,6,19.415
3271,20,3,7,21.21625
3272,20,3,8,24.65375
3273,20,3,9,27.06
3274,20,3,10,27.94
3275,20,3,11,28.6275
3276,20,3,12,29.3425
3277,20,3,13,30.25
3278,20,3,14,28.69625
3279,20,3,15,27.72
3280,20,3,16,26.38625
3281,20,3,17,28.1325
3282,20,3,18,29.96125
3283,20,3,19,31.25375
3284,20,3,20,30.69
3285,20,3,21,29.4525
3286,20,3,22,27.1975
3287,20,3,23,23.815
3288,20,4,0,20.7625
3289,20,4,1,18.87875
3290,20,4,2,17.545
3291,20,4,3,16.72
3292,20,4,4,16.61
3293,20,4,5,17.6
3294,20,4,6,23.32
3295,20,4,7,26.3175
3296,20,4,8,26.8675
3297,20,4,9,28.1875
3298,20,4,10,28.71
3299,20,4,11,28.105
3300,20,4,12,27.83
3301,20,4,13,27.995
3302,20,4,14,27.5275
3303,20,4,15,26.785
3304,20,4,16,26.00125
3305,20,4,17,28.2425
3306,20,4,18,29.5625
3307,20,4,19,29.7
3308,20,4,20,29.3975
3309,20,4,21,28.7925
3310,20,4,22,26.18
3311,20,4,23,23.0175
3312,20,5,0,20.28125
3313,20,5,1,18.205
3314,20,5,2,16.995
3315,20,5,3,16.61
3316,20,5,4,16.5825
3317,20,5,5,17.1875
3318,20,5,6,20.2675
3319,20,5,7,23.8975
3320,20,5,8,27.335
3321,20,5,9,28.5175
3322,20,5,10,28.97125
3323,20,5,11,29.7275
3324,20,5,12,29.98875
3325,20,5,13,29.425
3326,20,5,14,28.50375
3327,20,5,15,27.665
3328,20,5,16,27.5
3329,20,5,17,28.16
3330,20,5,18,29.52125
3331,20,5,19,29.24625
3332,20,5,20,28.39375
3333,20,5,21,27.06
3334,20,5,22,25.685
3335,20,5,23,23.5675
3336,20,6,0,21.2025
3337,20,6,1,19.085
3338,20,6,2,17.9575
3339,20,6,3,16.885
3340,20,6,4,16.28
3341,20,6,5,15.95
3342,20,6,6,16.15625
3343,20,6,7,17.9025
3344,20,6,8,18.92
3345,20,6,9,21.34
3346,20,6,10,23.3475
3347,20,6,11,25.3
3348,20,6,12,26.00125
3349,20,6,13,25.9875
3350,20,6,14,25.86375
3351,20,6,15,25.4375
3352,20,6,16,25.72625
3353,20,6,17,27.445
3354,20,6,18,30.25
3355,20,6,19,30.53875
3356,20,6,20,30.085
3357,20,6,21,28.7925
3358,20,6,22,26.29
3359,20,6,23,22.55
3360,21,0,0,19.58
3361,21,0,1,18.27375
3362,21,0,2,16.61
3363,21,0,3,16.4725
3364,21,0,4,15.62
3365,21,0,5,16.70625
3366,21,0,6,21.65625
3367,21,0,7,27.17
3368,21,0,8,28.3525
3369,21,0,9,29.2875
3370,21,0,10,29.48
3371,21,0,11,30.0025
3372,21,0,12,30.2775
3373,21,0,13,29.04
3374,21,0,14,28.215
3375,21,0,15,28.91625
3376,21,0,16,27.61
3377,21,0,17,28.655
3378,21,0,18,31.11625
3379,21,0,19,30.5525
3380,21,0,20,30.25
3381,21,0,21,29.24625
3382,21,0,22,27.87125
3383,21,0,23,24.76375
3384,21,1,0,21.3675
3385,21,1,1,18.5625
3386,21,1,2,17.655
3387,21,1,3,17.435
3388,21,1,4,17.3525
3389,21,1,5,18.4525
3390,21,1,6,22.39875
3391,21,1,7,28.2975
3392,21,1,8,29.5625
3393,21,1,9,31.28125
3394,21,1,10,31.405
3395,21,1,11,31.3225
3396,21,1,12,31.0475
3397,21,1,13,30.42875
3398,21,1,14,29.7
3399,21,1,15,29.1225
3400,21,1,16,27.885
3401,21,1,17,29.13625
3402,21,1,18,31.69375
3403,21,1,19,31.955
3404,21,1,20,31.25375
3405,21,1,21,29.81
3406,21,1,22,27.1425
3407,21,1,23,24.10375
3408,21,2,0,21.395
3409,21,2,1,19.6625
3410,21,2,2,18.27375
3411,21,2,3,17.6825
3412,21,2,4,17.55875
3413,21,2,5,17.5725
3414,21,2,6,24.1175
3415,21,2,7,28.1875
3416,21,2,8,30.8
3417,21,2,9,31.405
3418,21,2,10,32.175
3419,21,2,11,31.955
3420,21,2,12,32.54625
3421,21,2,13,31.8725
3422,21,2,14,30.9375
3423,21,2,15,30.1675
3424,21,2,16,28.38
3425,21,2,17,30.69
3426,21,2,18,31.57
3427,21,2,19,31.57
3428,21,2,20,30.965
3429,21,2,21,30.2225
3430,21,2,22,27.9675
3431,21,2,23,25.03875
3432,21,3,0,20.94125
3433,21,3,1,19.40125
3434,21,3,2,18.8925
3435,21,3,3,16.665
3436,21,3,4,16.1975
3437,21,3,5,17.0225
3438,21,3,6,21.615
3439,21,3,7,26.895
3440,21,3,8,28.72375
3441,21,3,9,30.14
3442,21,3,10,29.7
3443,21,3,11,29.8375
3444,21,3,12,29.865
3445,21,3,13,29.4525
3446,21,3,14,28.6275
3447,21,3,15,27.94
3448,21,3,16,27.5825
3449,21,3,17,29.205
3450,21,3,18,30.4975
3451,21,3,19,30.8
3452,21,3,20,30.36
3453,21,3,21,29.205
3454,21,3,22,27.555
3455,21,3,23,24.97
3456,21,4,0,21.2575
3457,21,4,1,19.14
3458,21,4,2,18.1225
3459,21,4,3,17.83375
3460,21,4,4,17.545
3461,21,4,5,17.99875
3462,21,4,6,22.22
3463,21,4,7,27.5275
3464,21,4,8,29.4525
3465,21,4,9,30.525
3466,21,4,10,30.9925
3467,21,4,11,31.3775
3468,21,4,12,30.9925
3469,21,4,13,30.47
3470,21,4,14,28.9025
3471,21,4,15,29.15
3472,21,4,16,27.23875
3473,21,4,17,30.085
3474,21,4,18,32.0375
3475,21,4,19,31.845
3476,21,4,20,31.08875
3477,21,4,21,29.81
3478,21,4,22,28.4625
3479,21,4,23,24.4475
3480,21,5,0,21.54625
3481,21,5,1,19.3875
3482,21,5,2,18.15
3483,21,5,3,17.2425
3484,21,5,4,16.885
3485,21,5,5,17.9025
3486,21,5,6,23.705
3487,21,5,7,27.5275
3488,21,5,8,30.03
3489,21,5,9,31.2125
3490,21,5,10,31.4325
3491,21,5,11,31.515
3492,21,5,12,29.3425
3493,21,5,13,28.71
3494,21,5,14,28.14625
3495,21,5,15,28.655
3496,21,5,16,26.895
3497,21,5,17,28.49
3498,21,5,18,30.1125
3499,21,5,19,29.82375
3500,21,5,20,29.1775
3501,21,5,21,28.105
3502,21,5,22,26.66125
3503,21,5,23,24.02125
3504,21,6,0,20.9825
3505,21,6,1,18.49375
3506,21,6,2,17.27
3507,21,6,3,16.115
3508,21,6,4,15.85375
3509,21,6,5,15.99125
3510,21,6,6,16.335
3511,21,6,7,18.0125
3512,21,6,8,21.49125
3513,21,6,9,24.13125
3514,21,6,10,25.6575
3515,21,6,11,26.3725
3516,21,6,12,27.005
3517,21,6,13,27.0325
3518,21,6,14,26.455
3519,21,6,15,25.9325
3520,21,6,16,25.4375
3521,21,6,17,27.995
3522,21,6,18,30.58
3523,21,6,19,31.185
3524,21,6,20,30.51125
3525,21,6,21,28.4625
3526,21,6,22,26.785
3527,21,6,23,23.045
3528,22,0,0,20.3225
3529,22,0,1,18.205
3530,22,0,2,16.94
3531,22,0,3,16.26625
3532,22,0,4,16.3075
3533,22,0,5,16.92625
3534,22,0,6,20.955
3535,22,0,7,26.125
3536,22,0,8,27.3625
3537,22,0,9,29.2875
3538,22,0,10,29.865
3539,22,0,11,29.7
3540,22,0,12,29.59
3541,22,0,13,30.5525
3542,22,0,14,30.3875
3543,22,0,15,30.58
3544,22,0,16,29.48
3545,22,0,17,30.69
3546,22,0,18,31.7075
3547,22,0,19,31.24
3548,22,0,20,30.62125
3549,22,0,21,29.535
3550,22,0,22,27.21125
3551,22,0,23,23.85625
3552,22,1,0,20.66625
3553,22,1,1,18.65875
3554,22,1,2,17.75125
3555,22,1,3,16.56875
3556,22,1,4,16.40375
3557,22,1,5,16.95375
3558,22,1,6,22.825
3559,22,1,7,27.225
3560,22,1,8,29.8925
3561,22,1,9,30.1675
3562,22,1,10,30.8275
3563,22,1,11,30.1125
3564,22,1,12,30.2225
3565,22,1,13,29.4525
3566,22,1,14,28.765
3567,22,1,15,28.105
3568,22,1,16,27.39
3569,22,1,17,28.7375
3570,22,1,18,29.865
3571,22,1,19,29.8925
3572,22,1,20,29.48
3573,22,1,21,27.885
3574,22,1,22,26.8125
3575,22,1,23,23.2925
3576,22,2,0,20.68
3577,22,2,1,18.645
3578,22,2,2,17.82
3579,22,2,3,16.995
3580,22,2,4,17.0225
3581,22,2,5,17.7375
3582,22,2,6,24.09
3583,22,2,7,27.6925
3584,22,2,8,30.23075
3585,22,2,9,30.6625
3586,22,2,10,30.69
3587,22,2,11,30.53875
3588,22,2,12,30.42875
3589,22,2,13,29.30125
3590,22,2,14,28.75125
3591,22,2,15,28.545
3592,22,2,16,27.94
3593,22,2,17,27.9675
3594,22,2,18,29.425
3595,22,2,19,29.755
3596,22,2,20,29.37
3597,22,2,21,28.1325
3598,22,2,22,27.555
3599,22,2,23,24.3375
3600,22,3,0,20.8725
3601,22,3,1,19.0025
3602,22,3,2,17.77875
3603,22,3,3,17.1875
3604,22,3,4,16.92625
3605,22,3,5,17.49
3606,22,3,6,20.91375
3607,22,3,7,26.3175
3608,22,3,8,28.16
3609,22,3,9,29.425
3610,22,3,10,30.1125
3611,22,3,11,30.37375
3612,22,3,12,30.14
3613,22,3,13,29.10875
3614,22,3,14,28.27
3615,22,3,15,27.5
3616,22,3,16,26.27625
3617,22,3,17,28.06375
3618,22,3,18,29.82375
3619,22,3,19,29.5625
3620,22,3,20,28.88875
3621,22,3,21,27.9675
3622,22,3,22,26.8675
3623,22,3,23,24.0625
3624,22,4,0,20.7625
3625,22,4,1,19.3875
3626,22,4,2,18.1225
3627,22,4,3,16.84375
3628,22,4,4,16.8025
3629,22,4,5,17.27
3630,22,4,6,20.9825
3631,22,4,7,26.05625
3632,22,4,8,27.73375
3633,22,4,9,29.15
3634,22,4,10,29.52125
3635,22,4,11,29.98875
3636,22,4,12,30.2225
3637,22,4,13,30.0575
3638,22,4,14,29.81
3639,22,4,15,29.27375
3640,22,4,16,28.99875
3641,22,4,17,30.51125
3642,22,4,18,30.8825
3643,22,4,19,30.3325
3644,22,4,20,29.92
3645,22,4,21,29.095
3646,22,4,22,27.445
3647,22,4,23,24.915
3648,22,5,0,21.835
3649,22,5,1,19.18125
3650,22,5,2,18.1775
3651,22,5,3,17.49
3652,22,5,4,17.16
3653,22,5,5,17.6
3654,22,5,6,23.21
3655,22,5,7,27.775
3656,22,5,8,30.03
3657,22,5,9,30.745
3658,22,5,10,31.1025
3659,22,5,11,30.8825
3660,22,5,12,30.36
3661,22,5,13,29.92
3662,22,5,14,29.095
3663,22,5,15,28.05
3664,22,5,16,27.005
3665,22,5,17,28.31125
3666,22,5,18,28.6825
3667,22,5,19,28.765
3668,22,5,20,27.94
3669,22,5,21,27.335
3670,22,5,22,27.2525
3671,22,5,23,24.255
3672,22,6,0,20.7075
3673,22,6,1,18.8925
3674,22,6,2,17.435
3675,22,6,3,16.9125
3676,22,6,4,16.775
3677,22,6,5,16.555
3678,22,6,6,17.105
3679,22,6,7,19.085
3680,22,6,8,22.935
3681,22,6,9,25.355
3682,22,6,10,28.325
3683,22,6,11,29.37
3684,22,6,12,29.7275
3685,22,6,13,29.08125
3686,22,6,14,27.8025
3687,22,6,15,26.455
3688,22,6,16,26.73
3689,22,6,17,28.03625
3690,22,6,18,29.37
3691,22,6,19,29.92
3692,22,6,20,29.3975
3693,22,6,21,28.9025
3694,22,6,22,26.675
3695,22,6,23,23.045
3696,23,0,0,20.3225
3697,23,0,1,18.4525
3698,23,0,2,17.2975
3699,23,0,3,16.3625
3700,23,0,4,16.2525
3701,23,0,5,16.6925
3702,23,0,6,21.12
3703,23,0,7,26.3725
3704,23,0,8,29.2325
3705,23,0,9,29.59
3706,23,0,10,30.03
3707,23,0,11,30.085
3708,23,0,12,29.315
3709,23,0,13,28.82
3710,23,0,14,28.93
3711,23,0,15,28.82
3712,23,0,16,27.775
3713,23,0,17,28.655
3714,23,0,18,29.205
3715,23,0,19,30.01625
3716,23,0,20,29.76875
3717,23,0,21,28.66875
3718,23,0,22,25.74
3719,23,0,23,22.935
3720,23,1,0,20.1575
3721,23,1,1,18.8375
3722,23,1,2,17.4075
3723,23,1,3,16.4175
3724,23,1,4,16.3625
3725,23,1,5,17.1875
3726,23,1,6,22.6875
3727,23,1,7,27.3625
3728,23,1,8,29.3425
3729,23,1,9,30.305
3730,23,1,10,30.745
3731,23,1,11,30.8825
3732,23,1,12,30.9925
3733,23,1,13,30.58
3734,23,1,14,29.6175
3735,23,1,15,29.7275
3736,23,1,16,28.655
3737,23,1,17,29.1225
3738,23,1,18,29.865
3739,23,1,19,29.513
3740,23,1,20,28.80625
3741,23,1,21,27.8575
3742,23,1,22,26.235
3743,23,1,23,23.265
3744,23,2,0,21.10625
3745,23,2,1,18.6725
3746,23,2,2,17.4625
3747,23,2,3,16.995
3748,23,2,4,17.2975
3749,23,2,5,18.535
3750,23,2,6,23.9525
3751,23,2,7,27.39
3752,23,2,8,28.3525
3753,23,2,9,29.6175
3754,23,2,10,31.13
3755,23,2,11,30.965
3756,23,2,12,30.67625
3757,23,2,13,30.4425
3758,23,2,14,29.76875
3759,23,2,15,30.1125
3760,23,2,16,28.38
3761,23,2,17,28.71
3762,23,2,18,30.09875
3763,23,2,19,30.40125
3764,23,2,20,29.645
3765,23,2,21,28.25625
3766,23,2,22,27.5275
3767,23,2,23,24.475
3768,23,3,0,21.43625
3769,23,3,1,19.25
3770,23,3,2,18.0125
3771,23,3,3,17.2975
3772,23,3,4,17.17375
3773,23,3,5,18.10875
3774,23,3,6,18.57625
3775,23,3,7,25.34125
3776,23,3,8,27.9675
3777,23,3,9,29.05375
3778,23,3,10,29.79625
3779,23,3,11,30.3875
3780,23,3,12,31.06125
3781,23,3,13,29.86775
3782,23,3,14,30.47
3783,23,3,15,30.47
3784,23,3,16,28.4625
3785,23,3,17,28.545
3786,23,3,18,29.865
3787,23,3,19,30.2775
3788,23,3,20,29.46625
3789,23,3,21,28.38
3790,23,3,22,26.95
3791,23,3,23,23.7325
3792,23,4,0,21.23
3793,23,4,1,19.0575
3794,23,4,2,17.875
3795,23,4,3,17.6
3796,23,4,4,17.5175
3797,23,4,5,18.13625
3798,23,4,6,22.15125
3799,23,4,7,26.95
3800,23,4,8,29.0675
3801,23,4,9,30.40125
3802,23,4,10,31.36375
3803,23,4,11,32.065
3804,23,4,12,31.91375
3805,23,4,13,30.89625
3806,23,4,14,31.0475
3807,23,4,15,30.8
3808,23,4,16,28.1875
3809,23,4,17,29.7275
3810,23,4,18,31.52875
3811,23,4,19,30.855
3812,23,4,20,30.3875
3813,23,4,21,29.26
3814,23,4,22,27.4725
3815,23,4,23,24.805
3816,23,5,0,21.615
3817,23,5,1,19.525
3818,23,5,2,18.975
3819,23,5,3,17.6
3820,23,5,4,17.03625
3821,23,5,5,18.10875
3822,23,5,6,23.375
3823,23,5,7,27.665
3824,23,5,8,29.975
3825,23,5,9,30.8
3826,23,5,10,31.55625
3827,23,5,11,31.02
3828,23,5,12,31.13
3829,23,5,13,30.36
3830,23,5,14,29.71375
3831,23,5,15,28.9025
3832,23,5,16,27.04625
3833,23,5,17,28.05
3834,23,5,18,29.2875
3835,23,5,19,29.3425
3836,23,5,20,28.93
3837,23,5,21,27.885
3838,23,5,22,26.4275
3839,23,5,23,23.99375
3840,23,6,0,21.0925
3841,23,6,1,18.7
3842,23,6,2,17.39375
3843,23,6,3,16.995
3844,23,6,4,16.5825
3845,23,6,5,16.45875
3846,23,6,6,17.75125
3847,23,6,7,18.92
3848,23,6,8,21.87625
3849,23,6,9,24.2825
3850,23,6,10,26.51
3851,23,6,11,28.325
3852,23,6,12,28.9025
3853,23,6,13,29.32875
3854,23,6,14,28.435
3855,23,6,15,27.9675
3856,23,6,16,27.665
3857,23,6,17,28.27
3858,23,6,18,30.12625
3859,23,6,19,29.7825
3860,23,6,20,29.425
3861,23,6,21,28.61375
3862,23,6,22,26.99125
3863,23,6,23,24.04875
3864,24,0,0,21.12
3865,24,0,1,19.04375
3866,24,0,2,17.50375
3867,24,0,3,16.0875
3868,24,0,4,15.51
3869,24,0,5,15.84
3870,24,0,6,21.945
3871,24,0,7,27.555
3872,24,0,8,29.315
3873,24,0,9,29.8375
3874,24,0,10,30.47
3875,24,0,11,30.7725
3876,24,0,12,30.965
3877,24,0,13,29.865
3878,24,0,14,29.535
3879,24,0,15,29.1775
3880,24,0,16,28.16
3881,24,0,17,29.6175
3882,24,0,18,30.20875
3883,24,0,19,30.14
3884,24,0,20,29.63125
3885,24,0,21,28.94375
3886,24,0,22,26.60625
3887,24,0,23,23.375
3888,24,1,0,21.02375
3889,24,1,1,18.7825
3890,24,1,2,17.50375
3891,24,1,3,17.05
3892,24,1,4,17.11875
3893,24,1,5,17.86125
3894,24,1,6,23.045
3895,24,1,7,27.5
3896,24,1,8,29.3425
3897,24,1,9,30.745
3898,24,1,10,31.1025
3899,24,1,11,32.12
3900,24,1,12,31.515
3901,24,1,13,30.5525
3902,24,1,14,30.4975
3903,24,1,15,30.415
3904,24,1,16,28.7925
3905,24,1,17,28.91625
3906,24,1,18,30.34625
3907,24,1,19,30.73125
3908,24,1,20,30.8275
3909,24,1,21,29.16375
3910,24,1,22,27.98125
3911,24,1,23,24.475
3912,24,2,0,21.6975
3913,24,2,1,19.37375
3914,24,2,2,18.04
3915,24,2,3,17.55875
3916,24,2,4,17.50375
3917,24,2,5,17.8475
3918,24,2,6,23.87
3919,24,2,7,27.9125
3920,24,2,8,28.6825
3921,24,2,9,29.8925
3922,24,2,10,30.8275
3923,24,2,11,30.745
3924,24,2,12,31.075
3925,24,2,13,31.0475
3926,24,2,14,29.59
3927,24,2,15,29.15
3928,24,2,16,27.87125
3929,24,2,17,29.60375
3930,24,2,18,30.4425
3931,24,2,19,30.14
3932,24,2,20,29.96125
3933,24,2,21,28.7925
3934,24,2,22,27.76125
3935,24,2,23,24.21375
3936,24,3,0,21.34
3937,24,3,1,18.8375
3938,24,3,2,17.4075
3939,24,3,3,16.5825
3940,24,3,4,16.4725
3941,24,3,5,16.5825
3942,24,3,6,19.8275
3943,24,3,7,25.85
3944,24,3,8,28.5175
3945,24,3,9,29.1225
3946,24,3,10,29.48
3947,24,3,11,29.5625
3948,24,3,12,29.15
3949,24,3,13,28.49
3950,24,3,14,27.9125
3951,24,3,15,27.61
3952,24,3,16,27.9125
3953,24,3,17,28.72375
3954,24,3,18,30.51125
3955,24,3,19,30.085
3956,24,3,20,28.75125
3957,24,3,21,27.9125
3958,24,3,22,26.90875
3959,24,3,23,23.77375
3960,24,4,0,21.27125
3961,24,4,1,18.59
3962,24,4,2,17.83375
3963,24,4,3,17.50375
3964,24,4,4,17.53125
3965,24,4,5,18.095
3966,24,4,6,22.5225
3967,24,4,7,27.885
3968,24,4,8,29.71375
3969,24,4,9,30.965
3970,24,4,10,30.9375
3971,24,4,11,31.625
3972,24,4,12,31.35
3973,24,4,13,30.91
3974,24,4,14,30.305
3975,24,4,15,29.9475
3976,24,4,16,27.4725
3977,24,4,17,29.65875
3978,24,4,18,30.3875
3979,24,4,19,31.02
3980,24,4,20,30.8825
3981,24,4,21,29.8375
3982,24,4,22,27.0325
3983,24,4,23,23.93875
3984,24,5,0,21.93125
3985,24,5,1,18.27375
3986,24,5,2,17.0775
3987,24,5,3,16.8025
3988,24,5,4,16.775
3989,24,5,5,17.71
3990,24,5,6,18.3975
3991,24,5,7,19.9925
3992,24,5,8,22.6325
3993,24,5,9,25.63
3994,24,5,10,28.9575
3995,24,5,11,29.7
3996,24,5,12,29.81
3997,24,5,13,30.085
3998,24,5,14,29.975
3999,24,5,15,28.875
4000,24,5,16,28.655
4001,24,5,17,29.81
4002,24,5,18,30.69
4003,24,5,19,30.3875
4004,24,5,20,30.0575
4005,24,5,21,29.205
4006,24,5,22,27.775
4007,24,5,23,24.585
4008,24,6,0,21.23
4009,24,6,1,19.3875
4010,24,6,2,17.71
4011,24,6,3,16.555
4012,24,6,4,16.115
4013,24,6,5,15.84
4014,24,6,6,16.61
4015,24,6,7,18.2325
4016,24,6,8,20.57
4017,24,6,9,22.7975
4018,24,6,10,25.2725
4019,24,6,11,26.455
4020,24,6,12,27.39
4021,24,6,13,27.39
4022,24,6,14,26.7575
4023,24,6,15,26.18
4024,24,6,16,25.4925
4025,24,6,17,27.1425
4026,24,6,18,30.5525
4027,24,6,19,31.46
4028,24,6,20,32.285
4029,24,6,21,30.7175
4030,24,6,22,27.9675
4031,24,6,23,24.0625
4032,25,0,0,21.3125
4033,25,0,1,19.91
4034,25,0,2,18.425
4035,25,0,3,17.6825
4036,25,0,4,17.435
4037,25,0,5,17.9575
4038,25,0,6,22.75625
4039,25,0,7,28.82
4040,25,0,8,30.81375
4041,25,0,9,32.0375
4042,25,0,10,32.8625
4043,25,0,11,24.75
4044,25,0,12,29.96125
4045,25,0,13,32.175
4046,25,0,14,30.64875
4047,25,0,15,30.40125
4048,25,0,16,29.9475
4049,25,0,17,31.625
4050,25,0,18,32.49125
4051,25,0,19,32.065
4052,25,0,20,31.735
4053,25,0,21,30.8275
4054,25,0,22,29.5625
4055,25,0,23,26.18
4056,25,1,0,23.14125
4057,25,1,1,20.7625
4058,25,1,2,18.6725
4059,25,1,3,18.04
4060,25,1,4,17.9025
4061,25,1,5,17.88875
4062,25,1,6,23.5125
4063,25,1,7,28.16
4064,25,1,8,30.7725
4065,25,1,9,32.57375
4066,25,1,10,32.45
4067,25,1,11,32.4775
4068,25,1,12,32.54625
4069,25,1,13,31.74875
4070,25,1,14,31.4325
4071,25,1,15,30.67625
4072,25,1,16,30.37375
4073,25,1,17,31.3775
4074,25,1,18,32.2575
4075,25,1,19,32.395
4076,25,1,20,32.1475
4077,25,1,21,30.8825
4078,25,1,22,29.3975
4079,25,1,23,25.41
4080,25,2,0,22.99
4081,25,2,1,19.855
4082,25,2,2,17.2425
4083,25,2,3,16.445
4084,25,2,4,17.787
4085,25,2,5,18.04
4086,25,2,6,20.68825
4087,25,2,7,23.27325
4088,25,2,8,26.8345
4089,25,2,9,29.4745
4090,25,2,10,30.89625
4091,25,2,11,31.68
4092,25,2,12,31.5975
4093,25,2,13,31.92475
4094,25,2,14,32.1365
4095,25,2,15,31.295
4096,25,2,16,29.49375
4097,25,2,17,30.7175
4098,25,2,18,31.00625
4099,25,2,19,31.3225
4100,25,2,20,30.7725
4101,25,2,21,29.315
4102,25,2,22,28.435
4103,25,2,23,25.1075
4104,25,3,0,22.4675
4105,25,3,1,20.0475
4106,25,3,2,18.8925
4107,25,3,3,18.37
4108,25,3,4,17.985
4109,25,3,5,18.0125
4110,25,3,6,21.10625
4111,25,3,7,26.35875
4112,25,3,8,28.6
4113,25,3,9,29.76875
4114,25,3,10,27.72
4115,25,3,11,28.72375
4116,25,3,12,30.195
4117,25,3,13,30.09875
4118,25,3,14,30.1125
4119,25,3,15,30.25
4120,25,3,16,30.01625
4121,25,3,17,30.53875
4122,25,3,18,31.33625
4123,25,3,19,31.5425
4124,25,3,20,31.2125
4125,25,3,21,30.525
4126,25,3,22,28.985
4127,25,3,23,25.355
4128,25,4,0,22.1925
4129,25,4,1,19.69
4130,25,4,2,18.59
4131,25,4,3,18.2875
4132,25,4,4,17.6825
4133,25,4,5,17.8475
4134,25,4,6,21.3125
4135,25,4,7,25.905
4136,25,4,8,27.95375
4137,25,4,9,29.05375
4138,25,4,10,29.49375
4139,25,4,11,29.6725
4140,25,4,12,31.0475
4141,25,4,13,31.185
4142,25,4,14,30.75875
4143,25,4,15,30.2225
4144,25,4,16,27.87125
4145,25,4,17,28.8475
4146,25,4,18,29.975
4147,25,4,19,30.2775
4148,25,4,20,29.6175
4149,25,4,21,29.095
4150,25,4,22,27.72
4151,25,4,23,24.64
4152,25,5,0,22.055
4153,25,5,1,19.6075
4154,25,5,2,18.59
4155,25,5,3,18.15
4156,25,5,4,17.985
4157,25,5,5,19.3325
4158,25,5,6,23.96625
4159,25,5,7,28.215
4160,25,5,8,31.63875
4161,25,5,9,32.93125
4162,25,5,10,33.495
4163,25,5,11,33.6325
4164,25,5,12,33.9625
4165,25,5,13,31.5975
4166,25,5,14,30.36
4167,25,5,15,30.4975
4168,25,5,16,28.1325
4169,25,5,17,27.775
4170,25,5,18,29.81
4171,25,5,19,30.47
4172,25,5,20,29.81
4173,25,5,21,28.71
4174,25,5,22,29.41125
4175,25,5,23,26.02875
4176,25,6,0,22.33
4177,25,6,1,20.55625
4178,25,6,2,19.15375
4179,25,6,3,19.0575
4180,25,6,4,16.775
4181,25,6,5,16.555
4182,25,6,6,17.27
4183,25,6,7,18.7
4184,25,6,8,22.7975
4185,25,6,9,26.07
4186,25,6,10,29.205
4187,25,6,11,30.91
4188,25,6,12,30.8825
4189,25,6,13,30.415
4190,25,6,14,30.0025
4191,25,6,15,30.085
4192,25,6,16,29.1775
4193,25,6,17,29.095
4194,25,6,18,30.965
4195,25,6,19,32.01
4196,25,6,20,31.295
4197,25,6,21,29.755
4198,25,6,22,29.0125
4199,25,6,23,23.705
4200,26,0,0,22.67375
4201,26,0,1,19.965
4202,26,0,2,18.755
4203,26,0,3,18.0675
4204,26,0,4,17.545
4205,26,0,5,17.5725
4206,26,0,6,18.0675
4207,26,0,7,19.7175
4208,26,0,8,21.3125
4209,26,0,9,23.98
4210,26,0,10,26.3175
4211,26,0,11,30.085
4212,26,0,12,30.5525
4213,26,0,13,31.075
4214,26,0,14,30.58
4215,26,0,15,30.1125
4216,26,0,16,29.095
4217,26,0,17,29.6175
4218,26,0,18,32.285
4219,26,0,19,32.46375
4220,26,0,20,31.77625
4221,26,0,21,30.04375
4222,26,0,22,28.765
4223,26,0,23,24.255
4224,26,1,0,21.78
4225,26,1,1,20.1025
4226,26,1,2,18.645
4227,26,1,3,17.985
4228,26,1,4,18.1775
4229,26,1,5,19.07125
4230,26,1,6,24.70875
4231,26,1,7,29.1225
4232,26,1,8,30.31875
4233,26,1,9,31.8175
4234,26,1,10,32.62875
4235,26,1,11,33.15125
4236,26,1,12,33.75625
4237,26,1,13,33.8525
4238,26,1,14,33.44
4239,26,1,15,33.22
4240,26,1,16,32.5325
4241,26,1,17,31.8725
4242,26,1,18,33.4125
4243,26,1,19,33.3575
4244,26,1,20,32.9175
4245,26,1,21,31.9275
4246,26,1,22,29.63125
4247,26,1,23,26.44125
4248,26,2,0,23.49875
4249,26,2,1,21.07875
4250,26,2,2,19.40125
4251,26,2,3,18.3425
4252,26,2,4,18.60375
4253,26,2,5,19.085
4254,26,2,6,25.3275
4255,26,2,7,29.37
4256,26,2,8,30.69
4257,26,2,9,32.23
4258,26,2,10,32.78
4259,26,2,11,33.385
4260,26,2,12,33.605
4261,26,2,13,33.26125
4262,26,2,14,32.2575
4263,26,2,15,31.9825
4264,26,2,16,30.965
4265,26,2,17,29.755
4266,26,2,18,31.075
4267,26,2,19,31.845
4268,26,2,20,31.39125
4269,26,2,21,30.47
4270,26,2,22,30.15375
4271,26,2,23,26.29
4272,26,3,0,23.0725
4273,26,3,1,20.8175
4274,26,3,2,19.2775
4275,26,3,3,18.5625
4276,26,3,4,18.3425
4277,26,3,5,18.865
4278,26,3,6,21.3125
4279,26,3,7,26.015
4280,26,3,8,29.0125
4281,26,3,9,31.0475
4282,26,3,10,32.82125
4283,26,3,11,33.01375
4284,26,3,12,33.055
4285,26,3,13,32.3675
4286,26,3,14,30.745
4287,26,3,15,30.3875
4288,26,3,16,30.58
4289,26,3,17,29.48
4290,26,3,18,31.2675
4291,26,3,19,31.295
4292,26,3,20,29.7275
4293,26,3,21,29.425
4294,26,3,22,28.8475
4295,26,3,23,26.2625
4296,26,4,0,22.605
4297,26,4,1,21.175
4298,26,4,2,19.97875
4299,26,4,3,19.14
4300,26,4,4,18.49375
4301,26,4,5,18.74125
4302,26,4,6,21.065
4303,26,4,7,25.36875
4304,26,4,8,29.54875
4305,26,4,9,30.78625
4306,26,4,10,32.12
4307,26,4,11,32.76625
4308,26,4,12,32.34
4309,26,4,13,31.7075
4310,26,4,14,30.56625
4311,26,4,15,30.085
4312,26,4,16,27.335
4313,26,4,17,29.6725
4314,26,4,18,31.41875
4315,26,4,19,31.02
4316,26,4,20,30.37375
4317,26,4,21,29.96125
4318,26,4,22,28.49
4319,26,4,23,25.61625
4320,26,5,0,23.2243
4321,26,5,1,21.07875
4322,26,5,2,18.7275
4323,26,5,3,18.02625
4324,26,5,4,17.47625
4325,26,5,5,18.4525
4326,26,5,6,23.485
4327,26,5,7,28.0775
4328,26,5,8,29.8375
4329,26,5,9,31.735
4330,26,5,10,32.175
4331,26,5,11,32.12
4332,26,5,12,32.12
4333,26,5,13,31.69375
4334,26,5,14,29.08125
4335,26,5,15,28.215
4336,26,5,16,27.885
4337,26,5,17,27.8575
4338,26,5,18,29.4525
4339,26,5,19,29.1225
4340,26,5,20,28.875
4341,26,5,21,28.6825
4342,26,5,22,28.545
4343,26,5,23,25.135
4344,26,6,0,21.9725
4345,26,6,1,19.73125
4346,26,6,2,18.3975
4347,26,6,3,17.985
4348,26,6,4,17.93
4349,26,6,5,18.5625
4350,26,6,6,18.82375
4351,26,6,7,20.46
4352,26,6,8,24.62625
4353,26,6,9,26.9775
4354,26,6,10,30.48375
4355,26,6,11,31.5975
4356,26,6,12,31.9825
4357,26,6,13,32.4775
4358,26,6,14,31.83125
4359,26,6,15,30.745
4360,26,6,16,29.05375
4361,26,6,17,28.435
4362,26,6,18,29.975
4363,26,6,19,30.51125
4364,26,6,20,29.7
4365,26,6,21,29.38375
4366,26,6,22,27.83
4367,26,6,23,26.2075
4368,27,0,0,22.825
4369,27,0,1,19.6625
4370,27,0,2,18.5075
4371,27,0,3,17.6
4372,27,0,4,17.14625
4373,27,0,5,17.6275
4374,27,0,6,19.95125
4375,27,0,7,23.815
4376,27,0,8,27.775
4377,27,0,9,30.7175
4378,27,0,10,31.8175
4379,27,0,11,31.735
4380,27,0,12,32.01
4381,27,0,13,32.93125
4382,27,0,14,32.0375
4383,27,0,15,31.955
4384,27,0,16,30.36
4385,27,0,17,31.13
4386,27,0,18,31.74875
4387,27,0,19,31.50125
4388,27,0,20,31.075
4389,27,0,21,30.36
4390,27,0,22,28.9025
4391,27,0,23,25.795
4392,27,1,0,22.0825
4393,27,1,1,19.7725
4394,27,1,2,19.085
4395,27,1,3,18.4525
4396,27,1,4,17.7925
4397,27,1,5,18.5075
4398,27,1,6,21.60125
4399,27,1,7,25.41
4400,27,1,8,29.205
4401,27,1,9,31.02
4402,27,1,10,32.065
4403,27,1,11,32.5875
4404,27,1,12,32.45
4405,27,1,13,32.45
4406,27,1,14,32.4225
4407,27,1,15,32.0925
4408,27,1,16,29.3425
4409,27,1,17,29.6175
4410,27,1,18,31.515
4411,27,1,19,31.3775
4412,27,1,20,30.7725
4413,27,1,21,30.0025
4414,27,1,22,28.93
4415,27,1,23,25.4925
4416,27,2,0,22.6875
4417,27,2,1,20.7075
4418,27,2,2,19.745
4419,27,2,3,18.8375
4420,27,2,4,18.92
4421,27,2,5,19.36
4422,27,2,6,22.6875
4423,27,2,7,27.17
4424,27,2,8,30.03
4425,27,2,9,31.46
4426,27,2,10,32.01
4427,27,2,11,32.9725
4428,27,2,12,33.0
4429,27,2,13,32.56
4430,27,2,14,32.065
4431,27,2,15,31.735
4432,27,2,16,29.755
4433,27,2,17,29.81
4434,27,2,18,30.8275
4435,27,2,19,30.4425
4436,27,2,20,29.48
4437,27,2,21,29.15
4438,27,2,22,28.5175
4439,27,2,23,26.5925
4440,27,3,0,24.0625
4441,27,3,1,20.3775
4442,27,3,2,18.535
4443,27,3,3,18.0125
4444,27,3,4,18.26
4445,27,3,5,18.2875
4446,27,3,6,20.515
4447,27,3,7,24.9975
4448,27,3,8,27.8025
4449,27,3,9,29.3975
4450,27,3,10,30.3325
4451,27,3,11,30.7725
4452,27,3,12,30.965
4453,27,3,13,30.4975
4454,27,3,14,29.76875
4455,27,3,15,29.8375
4456,27,3,16,27.94
4457,27,3,17,28.66875
4458,27,3,18,29.645
4459,27,3,19,29.315
4460,27,3,20,29.095
4461,27,3,21,28.71
4462,27,3,22,28.27
4463,27,3,23,25.2725
4464,27,4,0,23.32
4465,27,4,1,21.0375
4466,27,4,2,18.645
4467,27,4,3,17.93
4468,27,4,4,17.875
4469,27,4,5,18.6175
4470,27,4,6,20.7625
4471,27,4,7,24.7775
4472,27,4,8,28.655
4473,27,4,9,30.525
4474,27,4,10,31.0475
4475,27,4,11,31.8175
4476,27,4,12,31.79
4477,27,4,13,31.11625
4478,27,4,14,30.1675
4479,27,4,15,29.9475
4480,27,4,16,27.9675
4481,27,4,17,26.455
4482,27,4,18,29.02625
4483,27,4,19,29.32875
4484,27,4,20,28.83375
4485,27,4,21,28.05
4486,27,4,22,26.3175
4487,27,4,23,23.76
4488,27,5,0,21.505
4489,27,5,1,19.6625
4490,27,5,2,17.655
4491,27,5,3,17.05
4492,27,5,4,16.4725
4493,27,5,5,17.0775
4494,27,5,6,19.70375
4495,27,5,7,24.02125
4496,27,5,8,27.39
4497,27,5,9,28.97125
4498,27,5,10,30.42875
4499,27,5,11,30.58
4500,27,5,12,31.1025
4501,27,5,13,30.6625
4502,27,5,14,30.25
4503,27,5,15,29.9475
4504,27,5,16,27.61
4505,27,5,17,29.3975
4506,27,5,18,30.4975
4507,27,5,19,30.0575
4508,27,5,20,29.6175
4509,27,5,21,28.8475
4510,27,5,22,28.0225
4511,27,5,23,25.685
4512,27,6,0,22.55
4513,27,6,1,20.1575
4514,27,6,2,18.92
4515,27,6,3,17.435
4516,27,6,4,17.105
4517,27,6,5,17.0775
4518,27,6,6,17.765
4519,27,6,7,19.745
4520,27,6,8,21.89
4521,27,6,9,24.035
4522,27,6,10,25.85
4523,27,6,11,27.5825
4524,27,6,12,28.27
4525,27,6,13,28.1325
4526,27,6,14,27.995
4527,27,6,15,26.8125
4528,27,6,16,25.7675
4529,27,6,17,27.06
4530,27,6,18,28.545
4531,27,6,19,29.315
4532,27,6,20,29.9475
4533,27,6,21,29.205
4534,27,6,22,27.8575
4535,27,6,23,24.915
4536,28,0,0,22.8525
4537,28,0,1,20.295
4538,28,0,2,18.2325
4539,28,0,3,17.4625
4540,28,0,4,17.325
4541,28,0,5,17.435
4542,28,0,6,19.9375
4543,28,0,7,23.54
4544,28,0,8,27.4175
4545,28,0,9,29.6175
4546,28,0,10,30.91
4547,28,0,11,31.4875
4548,28,0,12,31.57
4549,28,0,13,30.45625
4550,28,0,14,29.76875
4551,28,0,15,29.16375
4552,28,0,16,27.5275
4553,28,0,17,28.93
4554,28,0,18,30.2775
4555,28,0,19,30.415
4556,28,0,20,30.0025
4557,28,0,21,29.3425
4558,28,0,22,28.8475
4559,28,0,23,25.74
4560,28,1,0,22.4125
4561,28,1,1,20.2125
4562,28,1,2,18.76875
4563,28,1,3,17.875
4564,28,1,4,18.04
4565,28,1,5,18.535
4566,28,1,6,21.6425
4567,28,1,7,25.41
4568,28,1,8,28.4075
4569,28,1,9,30.3875
4570,28,1,10,31.735
4571,28,1,11,32.5875
4572,28,1,12,32.4775
4573,28,1,13,31.9
4574,28,1,14,31.405
4575,28,1,15,29.8925
4576,28,1,16,27.94
4577,28,1,17,28.06375
4578,28,1,18,29.74125
4579,28,1,19,29.16375
4580,28,1,20,28.55875
4581,28,1,21,27.6925
4582,28,1,22,27.40375
4583,28,1,23,24.915
4584,28,2,0,21.6425
4585,28,2,1,19.9925
4586,28,2,2,18.76875
4587,28,2,3,18.13625
4588,28,2,4,18.0675
4589,28,2,5,18.59
4590,28,2,6,22.0
4591,28,2,7,25.7125
4592,28,2,8,28.9025
4593,28,2,9,30.6625
4594,28,2,10,31.25375
4595,28,2,11,32.73875
4596,28,2,12,33.04125
4597,28,2,13,32.5325
4598,28,2,14,31.83125
4599,28,2,15,30.91
4600,28,2,16,29.26
4601,28,2,17,29.1225
4602,28,2,18,30.20875
4603,28,2,19,30.25
4604,28,2,20,29.08125
4605,28,2,21,28.42125
4606,28,2,22,28.09125
4607,28,2,23,25.56125
4608,28,3,0,22.605
4609,28,3,1,20.46
4610,28,3,2,18.85125
4611,28,3,3,18.425
4612,28,3,4,18.32875
4613,28,3,5,18.3425
4614,28,3,6,18.98875
4615,28,3,7,21.505
4616,28,3,8,23.43
4617,28,3,9,26.49625
4618,28,3,10,27.6925
4619,28,3,11,28.06375
4620,28,3,12,28.9025
4621,28,3,13,28.72375
4622,28,3,14,28.47625
4623,28,3,15,27.45875
4624,28,3,16,26.73
4625,28,3,17,27.9675
4626,28,3,18,28.88875
4627,28,3,19,28.71
4628,28,3,20,28.55875
4629,28,3,21,27.83
4630,28,3,22,26.015
4631,28,3,23,23.54
4632,28,4,0,21.4225
4633,28,4,1,19.25
4634,28,4,2,17.77875
4635,28,4,3,16.98125
4636,28,4,4,16.9235
4637,28,4,5,17.4295
4638,28,4,6,20.405
4639,28,4,7,24.59875
4640,28,4,8,27.37625
4641,28,4,9,29.3975
4642,28,4,10,29.48
4643,28,4,11,31.3225
4644,28,4,12,32.5325
4645,28,4,13,32.2025
4646,28,4,14,31.4325
4647,28,4,15,31.03375
4648,28,4,16,28.1325
4649,28,4,17,28.05
4650,28,4,18,29.8925
4651,28,4,19,29.2325
4652,28,4,20,28.545
4653,28,4,21,27.5825
4654,28,4,22,26.22125
4655,28,4,23,24.29625
4656,28,5,0,21.3675
4657,28,5,1,19.305
4658,28,5,2,18.425
4659,28,5,3,17.82
4660,28,5,4,17.545
4661,28,5,5,17.31125
4662,28,5,6,19.97875
4663,28,5,7,23.60875
4664,28,5,8,27.005
4665,28,5,9,28.5175
4666,28,5,10,30.20875
4667,28,5,11,27.775
4668,28,5,12,27.81625
4669,28,5,13,27.555
4670,28,5,14,27.17
4671,28,5,15,26.68875
4672,28,5,16,26.49625
4673,28,5,17,28.38
4674,28,5,18,29.81
4675,28,5,19,29.52125
4676,28,5,20,28.8475
4677,28,5,21,27.21125
4678,28,5,22,25.905
4679,28,5,23,24.0625
4680,28,6,0,21.60125
4681,28,6,1,19.085
4682,28,6,2,18.0675
4683,28,6,3,17.5175
4684,28,6,4,17.27
4685,28,6,5,17.11875
4686,28,6,6,18.1775
4687,28,6,7,19.3875
4688,28,6,8,21.01
4689,28,6,9,22.99
4690,28,6,10,24.75
4691,28,6,11,26.4275
4692,28,6,12,27.62375
4693,28,6,13,27.6375
4694,28,6,14,27.17
4695,28,6,15,27.10125
4696,28,6,16,26.57875
4697,28,6,17,27.005
4698,28,6,18,29.3425
4699,28,6,19,29.32875
4700,28,6,20,28.985
4701,28,6,21,28.6
4702,28,6,22,26.7575
4703,28,6,23,24.90125
4704,29,0,0,22.495
4705,29,0,1,19.8825
4706,29,0,2,18.04
4707,29,0,3,17.6
4708,29,0,4,17.105
4709,29,0,5,17.69625
4710,29,0,6,21.32625
4711,29,0,7,25.14875
4712,29,0,8,28.31125
4713,29,0,9,31.1025
4714,29,0,10,32.2575
4715,29,0,11,33.28875
4716,29,0,12,34.1275
4717,29,0,13,32.90375
4718,29,0,14,32.23
4719,29,0,15,31.58375
4720,29,0,16,29.975
4721,29,0,17,30.69
4722,29,0,18,31.22625
4723,29,0,19,30.5525
4724,29,0,20,29.68625
4725,29,0,21,28.5725
4726,29,0,22,27.225
4727,29,0,23,24.68125
4728,29,1,0,21.56
4729,29,1,1,19.745
4730,29,1,2,17.97125
4731,29,1,3,17.49
4732,29,1,4,17.27
4733,29,1,5,18.37
4734,29,1,6,21.93125
4735,29,1,7,26.08375
4736,29,1,8,29.5075
4737,29,1,9,31.85875
4738,29,1,10,33.495
4739,29,1,11,32.71125
4740,29,1,12,33.165
4741,29,1,13,33.72875
4742,29,1,14,32.10625
4743,29,1,15,32.3675
4744,29,1,16,28.4625
4745,29,1,17,29.05375
4746,29,1,18,29.92
4747,29,1,19,30.45625
4748,29,1,20,30.26375
4749,29,1,21,29.38375
4750,29,1,22,29.755
4751,29,1,23,27.0875
4752,29,2,0,24.40625
4753,29,2,1,21.60125
4754,29,2,2,19.965
4755,29,2,3,19.26375
4756,29,2,4,19.03
4757,29,2,5,19.58
4758,29,2,6,22.275
4759,29,2,7,25.7675
4760,29,2,8,29.205
4761,29,2,9,32.0375
4762,29,2,10,33.1925
4763,29,2,11,33.6325
4764,29,2,12,33.495
4765,29,2,13,32.9725
4766,29,2,14,31.55625
4767,29,2,15,30.8275
4768,29,2,16,27.3075
4769,29,2,17,27.01875
4770,29,2,18,28.99875
4771,29,2,19,30.1125
4772,29,2,20,29.87875
4773,29,2,21,29.57625
4774,29,2,22,29.1225
4775,29,2,23,26.2625
4776,29,3,0,23.9525
4777,29,3,1,21.395
4778,29,3,2,19.9925
4779,29,3,3,19.07125
4780,29,3,4,18.8925
4781,29,3,5,19.15375
4782,29,3,6,21.175
4783,29,3,7,23.93875
4784,29,3,8,27.4175
4785,29,3,9,29.37
4786,29,3,10,31.13
4787,29,3,11,33.20625
4788,29,3,12,33.53625
4789,29,3,13,32.945
4790,29,3,14,31.50125
4791,29,3,15,30.9375
4792,29,3,16,30.73125
4793,29,3,17,28.325
4794,29,3,18,31.02
4795,29,3,19,31.66625
4796,29,3,20,31.25375
4797,29,3,21,30.305
4798,29,3,22,28.69625
4799,29,3,23,26.57875
4800,29,4,0,23.25125
4801,29,4,1,20.94125
4802,29,4,2,19.92375
4803,29,4,3,19.01625
4804,29,4,4,18.5075
4805,29,4,5,18.65875
4806,29,4,6,20.72125
4807,29,4,7,24.18625
4808,29,4,8,26.6475
4809,29,4,9,29.92
4810,29,4,10,31.17125
4811,29,4,11,31.2675
4812,29,4,12,31.36375
4813,29,4,13,30.89625
4814,29,4,14,30.78625
4815,29,4,15,30.3875
4816,29,4,16,29.93375
4817,29,4,17,30.04375
4818,29,4,18,30.8825
4819,29,4,19,31.02
4820,29,4,20,30.48375
4821,29,4,21,29.6175
4822,29,4,22,28.6
4823,29,4,23,26.235
4824,29,5,0,23.32
4825,29,5,1,21.0375
4826,29,5,2,19.04375
4827,29,5,3,18.1225
4828,29,5,4,17.9025
4829,29,5,5,17.69625
4830,29,5,6,20.2125
4831,29,5,7,22.825
4832,29,5,8,24.8875
4833,29,5,9,27.115
4834,29,5,10,28.27
4835,29,5,11,28.765
4836,29,5,12,29.5075
4837,29,5,13,29.0125
4838,29,5,14,28.3525
4839,29,5,15,28.2425
4840,29,5,16,27.6925
4841,29,5,17,28.1875
4842,29,5,18,29.90625
4843,29,5,19,30.67625
4844,29,5,20,30.34625
4845,29,5,21,29.82375
4846,29,5,22,28.49
4847,29,5,23,25.7125
4848,29,6,0,22.70125
4849,29,6,1,20.4325
4850,29,6,2,18.5075
4851,29,6,3,17.53125
4852,29,6,4,17.105
4853,29,6,5,17.09125
4854,29,6,6,19.7175
4855,29,6,7,21.78
4856,29,6,8,23.815
4857,29,6,9,26.0425
4858,29,6,10,28.435
4859,29,6,11,30.15375
4860,29,6,12,30.1125
4861,29,6,13,29.1775
4862,29,6,14,27.995
4863,29,6,15,27.15625
4864,29,6,16,25.41
4865,29,6,17,27.04625
4866,29,6,18,28.88875
4867,29,6,19,30.26375
4868,29,6,20,29.9475
4869,29,6,21,29.02625
4870,29,6,22,28.38
4871,29,6,23,25.09375
4872,30,0,0,21.98625
4873,30,0,1,20.06125
4874,30,0,2,18.35625
4875,30,0,3,17.9025
4876,30,0,4,17.49
4877,30,0,5,17.27
4878,30,0,6,20.22625
4879,30,0,7,23.74625
4880,30,0,8,26.0425
4881,30,0,9,27.665
4882,30,0,10,28.6825
4883,30,0,11,29.05375
4884,30,0,12,29.35625
4885,30,0,13,29.21875
4886,30,0,14,28.6825
4887,30,0,15,28.7925
4888,30,0,16,27.995
4889,30,0,17,28.0775
4890,30,0,18,30.305
4891,30,0,19,31.735
4892,30,0,20,31.625
4893,30,0,21,30.6625
4894,30,0,22,28.55875
4895,30,0,23,24.54375
4896,30,1,0,21.725
4897,30,1,1,19.2775
4898,30,1,2,18.5075
4899,30,1,3,17.97125
4900,30,1,4,17.69625
4901,30,1,5,19.2775
4902,30,1,6,23.05875
4903,30,1,7,27.0325
4904,30,1,8,28.72375
4905,30,1,9,30.67625
4906,30,1,10,32.34
4907,30,1,11,32.93125
4908,30,1,12,33.34375
4909,30,1,13,33.26125
4910,30,1,14,32.945
4911,30,1,15,32.60125
4912,30,1,16,31.625
4913,30,1,17,30.14
4914,30,1,18,31.4875
4915,30,1,19,31.7625
4916,30,1,20,31.22625
4917,30,1,21,29.81
4918,30,1,22,28.61375
4919,30,1,23,25.575
4920,30,2,0,22.22
4921,30,2,1,21.0925
4922,30,2,2,19.37375
4923,30,2,3,18.92
4924,30,2,4,18.4525
4925,30,2,5,18.7275
4926,30,2,6,22.67375
4927,30,2,7,27.445
4928,30,2,8,29.43875
4929,30,2,9,31.77625
4930,30,2,10,32.82125
4931,30,2,11,32.89
4932,30,2,12,32.87625
4933,30,2,13,31.6525
4934,30,2,14,31.28125
4935,30,2,15,30.8
4936,30,2,16,29.4525
4937,30,2,17,28.5725
4938,30,2,18,30.6625
4939,30,2,19,31.3775
4940,30,2,20,30.8275
4941,30,2,21,29.82375
4942,30,2,22,29.3975
4943,30,2,23,25.74
4944,30,3,0,23.44375
4945,30,3,1,20.50125
4946,30,3,2,18.63125
4947,30,3,3,18.13625
4948,30,3,4,17.9575
4949,30,3,5,18.425
4950,30,3,6,23.1275
4951,30,3,7,28.25625
4952,30,3,8,30.085
4953,30,3,9,31.30875
4954,30,3,10,32.6975
4955,30,3,11,32.7525
4956,30,3,12,32.4225
4957,30,3,13,32.05125
4958,30,3,14,31.5425
4959,30,3,15,31.03375
4960,30,3,16,29.6175
4961,30,3,17,28.215
4962,30,3,18,29.81
4963,30,3,19,30.635
4964,30,3,20,30.25
4965,30,3,21,29.6175
4966,30,3,22,28.4075
4967,30,3,23,24.6675
4968,30,4,0,22.5225
4969,30,4,1,20.3225
4970,30,4,2,18.5075
4971,30,4,3,18.095
4972,30,4,4,17.655
4973,30,4,5,18.30125
4974,30,4,6,21.725
4975,30,4,7,27.17
4976,30,4,8,27.6375
4977,30,4,9,26.3175
4978,30,4,10,28.49
4979,30,4,11,32.12
4980,30,4,12,32.9175
4981,30,4,13,32.56
4982,30,4,14,32.05125
4983,30,4,15,31.52875
4984,30,4,16,28.49
4985,30,4,17,27.65125
4986,30,4,18,29.6175
4987,30,4,19,30.4975
4988,30,4,20,30.4425
4989,30,4,21,28.985
4990,30,4,22,28.1325
4991,30,4,23,24.915
4992,30,5,0,21.56
4993,30,5,1,18.535
4994,30,5,2,18.0125
4995,30,5,3,17.435
4996,30,5,4,17.435
4997,30,5,5,18.19125
4998,30,5,6,24.3375
4999,30,5,7,28.66875
5000,30,5,8,30.18125
5001,30,5,9,31.24
5002,30,5,10,31.4875
5003,30,5,11,32.12
5004,30,5,12,31.8725
5005,30,5,13,30.745
5006,30,5,14,29.975
5007,30,5,15,29.315
5008,30,5,16,27.8025
5009,30,5,17,28.42125
5010,30,5,18,30.195
5011,30,5,19,28.6825
5012,30,5,20,28.325
5013,30,5,21,27.84375
5014,30,5,22,26.9775
5015,30,5,23,24.0625
5016,30,6,0,21.395
5017,30,6,1,19.62125
5018,30,6,2,18.15
5019,30,6,3,17.1325
5020,30,6,4,17.0225
5021,30,6,5,16.8575
5022,30,6,6,17.7375
5023,30,6,7,20.35
5024,30,6,8,22.9625
5025,30,6,9,25.025
5026,30,6,10,27.5825
5027,30,6,11,29.1775
5028,30,6,12,29.7275
5029,30,6,13,29.5625
5030,30,6,14,29.1775
5031,30,6,15,28.4075
5032,30,6,16,27.0875
5033,30,6,17,27.45875
5034,30,6,18,30.0575
5035,30,6,19,30.0025
5036,30,6,20,29.8375
5037,30,6,21,29.26
5038,30,6,22,28.435
5039,30,6,23,24.7775
5040,31,0,0,21.285
5041,31,0,1,19.42875
5042,31,0,2,17.875
5043,31,0,3,16.98125
5044,31,0,4,17.105
5045,31,0,5,17.86125
5046,31,0,6,22.64625
5047,31,0,7,27.94
5048,31,0,8,28.93
5049,31,0,9,29.19125
5050,31,0,10,30.20875
5051,31,0,11,30.86875
5052,31,0,12,30.64875
5053,31,0,13,30.26375
5054,31,0,14,30.07125
5055,31,0,15,29.96125
5056,31,0,16,28.16
5057,31,0,17,28.655
5058,31,0,18,30.09875
5059,31,0,19,30.58
5060,31,0,20,31.11625
5061,31,0,21,30.085
5062,31,0,22,27.45875
5063,31,0,23,23.98
5064,31,1,0,20.5975
5065,31,1,1,18.5625
5066,31,1,2,17.27
5067,31,1,3,16.7475
5068,31,1,4,16.61
5069,31,1,5,17.9575
5070,31,1,6,23.99375
5071,31,1,7,27.5
5072,31,1,8,28.38
5073,31,1,9,29.7275
5074,31,1,10,29.425
5075,31,1,11,29.755
5076,31,1,12,31.7625
5077,31,1,13,32.3675
5078,31,1,14,32.505
5079,31,1,15,32.13375
5080,31,1,16,29.49375
5081,31,1,17,28.765
5082,31,1,18,30.1675
5083,31,1,19,30.7725
5084,31,1,20,30.7175
5085,31,1,21,29.865
5086,31,1,22,27.28
5087,31,1,23,24.97
5088,31,2,0,20.47375
5089,31,2,1,19.3325
5090,31,2,2,18.15
5091,31,2,3,17.545
5092,31,2,4,17.435
5093,31,2,5,18.68625
5094,31,2,6,24.32375
5095,31,2,7,28.75125
5096,31,2,8,29.65875
5097,31,2,9,31.7625
5098,31,2,10,32.4225
5099,31,2,11,32.6425
5100,31,2,12,32.725
5101,31,2,13,32.395
5102,31,2,14,32.395
5103,31,2,15,30.48375
5104,31,2,16,28.71
5105,31,2,17,27.06
5106,31,2,18,28.7375
5107,31,2,19,29.92
5108,31,2,20,29.7
5109,31,2,21,28.5725
5110,31,2,22,28.2975
5111,31,2,23,24.7225
5112,31,3,0,21.4225
5113,31,3,1,19.36
5114,31,3,2,18.0675
5115,31,3,3,17.655
5116,31,3,4,17.655
5117,31,3,5,18.975
5118,31,3,6,22.165
5119,31,3,7,27.665
5120,31,3,8,28.53125
5121,31,3,9,30.62125
5122,31,3,10,31.11625
5123,31,3,11,31.1575
5124,31,3,12,30.91
5125,31,3,13,30.1675
5126,31,3,14,29.81
5127,31,3,15,28.49
5128,31,3,16,25.465
5129,31,3,17,26.125
5130,31,3,18,28.1325
5131,31,3,19,29.095
5132,31,3,20,28.765
5133,31,3,21,28.0225
5134,31,3,22,27.445
5135,31,3,23,23.815
5136,31,4,0,21.2025
5137,31,4,1,18.92
5138,31,4,2,18.1225
5139,31,4,3,17.7925
5140,31,4,4,17.7925
5141,31,4,5,18.37
5142,31,4,6,22.1375
5143,31,4,7,27.48625
5144,31,4,8,28.50375
5145,31,4,9,29.81
5146,31,4,10,30.29125
5147,31,4,11,30.48375
5148,31,4,12,30.2775
5149,31,4,13,30.085
5150,31,4,14,29.57625
5151,31,4,15,28.38
5152,31,4,16,27.0325
5153,31,4,17,28.49
5154,31,4,18,30.45625
5155,31,4,19,29.7
5156,31,4,20,29.57625
5157,31,4,21,28.8475
5158,31,4,22,27.6375
5159,31,4,23,25.17625
5160,31,5,0,22.39875
5161,31,5,1,19.855
5162,31,5,2,18.2875
5163,31,5,3,17.47625
5164,31,5,4,16.94
5165,31,5,5,18.15
5166,31,5,6,24.37875
5167,31,5,7,28.42125
5168,31,5,8,30.20875
5169,31,5,9,31.06125
5170,31,5,10,31.66625
5171,31,5,11,32.395
5172,31,5,12,32.615
5173,31,5,13,32.0925
5174,31,5,14,31.58375
5175,31,5,15,29.5625
5176,31,5,16,26.235
5177,31,5,17,25.08
5178,31,5,18,28.49
5179,31,5,19,29.08125
5180,31,5,20,28.80625
5181,31,5,21,28.25625
5182,31,5,22,27.62375
5183,31,5,23,24.585
5184,31,6,0,22.0275
5185,31,6,1,19.5525
5186,31,6,2,17.91625
5187,31,6,3,17.325
5188,31,6,4,17.1875
5189,31,6,5,17.545
5190,31,6,6,17.6825
5191,31,6,7,20.9825
5192,31,6,8,23.485
5193,31,6,9,25.9875
5194,31,6,10,28.2975
5195,31,6,11,30.1125
5196,31,6,12,30.47
5197,31,6,13,30.34625
5198,31,6,14,28.94375
5199,31,6,15,27.61
5200,31,6,16,26.29
5201,31,6,17,24.6675
5202,31,6,18,29.19125
5203,31,6,19,30.20875
5204,31,6,20,29.74125
5205,31,6,21,29.10875
5206,31,6,22,27.335
5207,31,6,23,23.85625
5208,32,0,0,20.7625
5209,32,0,1,18.71375
5210,32,0,2,17.765
5211,32,0,3,16.5275
5212,32,0,4,16.45875
5213,32,0,5,17.105
5214,32,0,6,21.835
5215,32,0,7,27.83
5216,32,0,8,29.2325
5217,32,0,9,31.02
5218,32,0,10,31.13
5219,32,0,11,31.2675
5220,32,0,12,30.9375
5221,32,0,13,29.975
5222,32,0,14,29.10875
5223,32,0,15,27.37625
5224,32,0,16,25.905
5225,32,0,17,26.0425
5226,32,0,18,28.7925
5227,32,0,19,30.415
5228,32,0,20,30.6625
5229,32,0,21,29.645
5230,32,0,22,27.1975
5231,32,0,23,24.46125
5232,32,1,0,21.07875
5233,32,1,1,19.18125
5234,32,1,2,18.59
5235,32,1,3,17.61375
5236,32,1,4,17.545
5237,32,1,5,17.875
5238,32,1,6,22.89375
5239,32,1,7,27.94
5240,32,1,8,29.2875
5241,32,1,9,29.2325
5242,32,1,10,30.3875
5243,32,1,11,29.21875
5244,32,1,12,29.52125
5245,32,1,13,29.96125
5246,32,1,14,30.2775
5247,32,1,15,30.8275
5248,32,1,16,28.9575
5249,32,1,17,28.16
5250,32,1,18,29.98875
5251,32,1,19,30.09875
5252,32,1,20,29.5625
5253,32,1,21,28.72375
5254,32,1,22,27.28
5255,32,1,23,23.66375
5256,32,2,0,20.1025
5257,32,2,1,18.74125
5258,32,2,2,17.38
5259,32,2,3,16.8025
5260,32,2,4,16.5275
5261,32,2,5,17.2975
5262,32,2,6,22.6875
5263,32,2,7,27.5
5264,32,2,8,27.995
5265,32,2,9,28.985
5266,32,2,10,29.755
5267,32,2,11,30.1675
5268,32,2,12,30.6625
5269,32,2,13,28.875
5270,32,2,14,29.38375
5271,32,2,15,27.665
5272,32,2,16,25.96
5273,32,2,17,26.51
5274,32,2,18,28.49
5275,32,2,19,28.655
5276,32,2,20,28.71
5277,32,2,21,27.94
5278,32,2,22,27.225
5279,32,2,23,23.87
5280,32,3,0,20.46
5281,32,3,1,18.535
5282,32,3,2,17.49
5283,32,3,3,16.9125
5284,32,3,4,16.8575
5285,32,3,5,18.2875
5286,32,3,6,22.0275
5287,32,3,7,26.8675
5288,32,3,8,28.49
5289,32,3,9,30.1675
5290,32,3,10,30.5525
5291,32,3,11,30.91
5292,32,3,12,31.2125
5293,32,3,13,30.7175
5294,32,3,14,29.6725
5295,32,3,15,28.1875
5296,32,3,16,25.7675
5297,32,3,17,26.16625
5298,32,3,18,27.73375
5299,32,3,19,28.4625
5300,32,3,20,28.6
5301,32,3,21,28.105
5302,32,3,22,28.5996425
5303,32,3,23,24.717605
5304,32,4,0,21.67
5305,32,4,1,19.305
5306,32,4,2,17.875
5307,32,4,3,16.885
5308,32,4,4,16.72
5309,32,4,5,17.6825
5310,32,4,6,21.98625
5311,32,4,7,27.34875
5312,32,4,8,28.03625
5313,32,4,9,28.9025
5314,32,4,10,29.7825
5315,32,4,11,30.03
5316,32,4,12,29.6725
5317,32,4,13,28.97125
5318,32,4,14,28.14625
5319,32,4,15,27.3075
5320,32,4,16,25.1075
5321,32,4,17,26.6475
5322,32,4,18,29.425
5323,32,4,19,29.90625
5324,32,4,20,29.59
5325,32,4,21,28.50375
5326,32,4,22,25.025
5327,32,4,23,23.1825
5328,32,5,0,21.45
5329,32,5,1,19.0025
5330,32,5,2,17.1875
5331,32,5,3,17.0775
5332,32,5,4,16.81625
5333,32,5,5,17.0775
5334,32,5,6,18.0675
5335,32,5,7,19.0575
5336,32,5,8,20.9275
5337,32,5,9,24.8325
5338,32,5,10,27.07375
5339,32,5,11,28.325
5340,32,5,12,28.545
5341,32,5,13,27.98125
5342,32,5,14,27.87125
5343,32,5,15,27.7475
5344,32,5,16,27.0325
5345,32,5,17,26.51
5346,32,5,18,28.1325
5347,32,5,19,28.655
5348,32,5,20,27.9125
5349,32,5,21,27.0325
5350,32,5,22,25.2725
5351,32,5,23,22.4675
5352,32,6,0,18.30125
5353,32,6,1,17.0225
5354,32,6,2,17.09125
5355,32,6,3,16.3625
5356,32,6,4,15.88125
5357,32,6,5,15.55125
5358,32,6,6,16.6375
5359,32,6,7,17.0775
5360,32,6,8,20.4325
5361,32,6,9,22.3575
5362,32,6,10,23.98
5363,32,6,11,25.4375
5364,32,6,12,27.445
5365,32,6,13,28.66875
5366,32,6,14,28.27
5367,32,6,15,27.95375
5368,32,6,16,26.35875
5369,32,6,17,26.5925
5370,32,6,18,28.7925
5371,32,6,19,29.315
5372,32,6,20,28.49
5373,32,6,21,27.4725
5374,32,6,22,26.3175
5375,32,6,23,22.20625
5376,33,0,0,20.28125
5377,33,0,1,17.93
5378,33,0,2,17.38
5379,33,0,3,16.5825
5380,33,0,4,16.1425
5381,33,0,5,16.555
5382,33,0,6,19.3325
5383,33,0,7,22.22
5384,33,0,8,24.4475
5385,33,0,9,28.2975
5386,33,0,10,28.53125
5387,33,0,11,28.5725
5388,33,0,12,28.06375
5389,33,0,13,27.3625
5390,33,0,14,26.05625
5391,33,0,15,26.8675
5392,33,0,16,24.73625
5393,33,0,17,25.08
5394,33,0,18,27.8575
5395,33,0,19,28.38
5396,33,0,20,28.325
5397,33,0,21,27.26625
5398,33,0,22,25.41
5399,33,0,23,23.7875
5400,33,1,0,20.2125
5401,33,1,1,17.765
5402,33,1,2,16.995
5403,33,1,3,16.005
5404,33,1,4,16.0325
5405,33,1,5,16.37625
5406,33,1,6,17.86125
5407,33,1,7,18.48
5408,33,1,8,20.47375
5409,33,1,9,22.77
5410,33,1,10,24.24125
5411,33,1,11,26.1525
5412,33,1,12,27.7475
5413,33,1,13,29.095
5414,33,1,14,26.27625
5415,33,1,15,24.86
5416,33,1,16,23.2375
5417,33,1,17,22.1925
5418,33,1,18,23.65
5419,33,1,19,25.5475
5420,33,1,20,25.9875
5421,33,1,21,25.465
5422,33,1,22,24.7225
5423,33,1,23,21.79375
5424,33,2,0,19.635
5425,33,2,1,17.5175
5426,33,2,2,16.5275
5427,33,2,3,15.9775
5428,33,2,4,15.675
5429,33,2,5,16.72
5430,33,2,6,23.5675
5431,33,2,7,27.7475
5432,33,2,8,29.57625
5433,33,2,9,29.81
5434,33,2,10,30.3325
5435,33,2,11,30.8825
5436,33,2,12,30.91
5437,33,2,13,30.6075
5438,33,2,14,29.54875
5439,33,2,15,29.32875
5440,33,2,16,26.63375
5441,33,2,17,25.96
5442,33,2,18,28.38
5443,33,2,19,28.1325
5444,33,2,20,28.0775
5445,33,2,21,27.1975
5446,33,2,22,26.2625
5447,33,2,23,23.045
5448,33,3,0,20.57
5449,33,3,1,18.37
5450,33,3,2,17.105
5451,33,3,3,16.885
5452,33,3,4,16.775
5453,33,3,5,18.205
5454,33,3,6,22.77
5455,33,3,7,27.72
5456,33,3,8,30.6075
5457,33,3,9,31.625
5458,33,3,10,32.8075
5459,33,3,11,33.0825
5460,33,3,12,32.8625
5461,33,3,13,31.8725
5462,33,3,14,30.58
5463,33,3,15,30.5525
5464,33,3,16,28.2425
5465,33,3,17,26.125
5466,33,3,18,27.445
5467,33,3,19,29.4525
5468,33,3,20,29.4525
5469,33,3,21,28.7375
5470,33,3,22,27.4175
5471,33,3,23,24.0075
5472,33,4,0,21.1475
5473,33,4,1,19.5525
5474,33,4,2,17.49
5475,33,4,3,16.995
5476,33,4,4,17.0225
5477,33,4,5,18.3425
5478,33,4,6,23.54
5479,33,4,7,28.6
5480,33,4,8,29.9475
5481,33,4,9,30.9375
5482,33,4,10,31.1025
5483,33,4,11,31.13
5484,33,4,12,30.8275
5485,33,4,13,29.15
5486,33,4,14,28.27
5487,33,4,15,28.435
5488,33,4,16,26.0425
5489,33,4,17,25.08
5490,33,4,18,29.08125
5491,33,4,19,30.40125
5492,33,4,20,30.1675
5493,33,4,21,29.41125
5494,33,4,22,26.895
5495,33,4,23,23.2375
5496,33,5,0,21.56
5497,33,5,1,18.5625
5498,33,5,2,17.5725
5499,33,5,3,17.105
5500,33,5,4,16.7475
5501,33,5,5,17.7925
5502,33,5,6,23.76
5503,33,5,7,28.06375
5504,33,5,8,29.65875
5505,33,5,9,30.525
5506,33,5,10,30.7175
5507,33,5,11,30.45625
5508,33,5,12,29.48
5509,33,5,13,28.875
5510,33,5,14,27.7475
5511,33,5,15,26.785
5512,33,5,16,25.905
5513,33,5,17,24.87375
5514,33,5,18,28.0225
5515,33,5,19,28.9025
5516,33,5,20,28.93
5517,33,5,21,28.0775
5518,33,5,22,26.62
5519,33,5,23,23.8425
5520,33,6,0,21.615
5521,33,6,1,18.8925
5522,33,6,2,17.435
5523,33,6,3,16.9125
5524,33,6,4,16.5275
5525,33,6,5,16.885
5526,33,6,6,17.93
5527,33,6,7,20.2675
5528,33,6,8,22.5775
5529,33,6,9,25.8775
5530,33,6,10,28.1875
5531,33,6,11,28.2425
5532,33,6,12,29.26
5533,33,6,13,29.0675
5534,33,6,14,28.105
5535,33,6,15,26.4
5536,33,6,16,26.3725
5537,33,6,17,26.27625
5538,33,6,18,28.80625
5539,33,6,19,29.15
5540,33,6,20,28.86125
5541,33,6,21,27.4725
5542,33,6,22,26.24875
5543,33,6,23,22.825
5544,34,0,0,20.185
5545,34,0,1,18.3425
5546,34,0,2,17.0775
5547,34,0,3,16.5825
5548,34,0,4,16.8025
5549,34,0,5,16.98125
5550,34,0,6,21.24375
5551,34,0,7,26.62
5552,34,0,8,27.8575
5553,34,0,9,29.8375
5554,34,0,10,30.3875
5555,34,0,11,30.4975
5556,34,0,12,30.47
5557,34,0,13,30.25
5558,34,0,14,29.425
5559,34,0,15,29.315
5560,34,0,16,27.29375
5561,34,0,17,27.005
5562,34,0,18,29.35625
5563,34,0,19,29.6725
5564,34,0,20,29.27375
5565,34,0,21,28.17375
5566,34,0,22,26.63375
5567,34,0,23,23.1
5568,34,1,0,20.405
5569,34,1,1,18.65875
5570,34,1,2,17.94375
5571,34,1,3,17.655
5572,34,1,4,17.49
5573,34,1,5,17.9575
5574,34,1,6,23.4575
5575,34,1,7,27.0325
5576,34,1,8,28.9025
5577,34,1,9,29.98875
5578,34,1,10,30.6625
5579,34,1,11,30.4425
5580,34,1,12,30.58
5581,34,1,13,29.9475
5582,34,1,14,29.15
5583,34,1,15,27.9125
5584,34,1,16,27.7475
5585,34,1,17,27.0325
5586,34,1,18,28.86125
5587,34,1,19,29.2875
5588,34,1,20,28.99875
5589,34,1,21,27.775
5590,34,1,22,26.24875
5591,34,1,23,23.1825
5592,34,2,0,20.9
5593,34,2,1,18.975
5594,34,2,2,17.3525
5595,34,2,3,17.0775
5596,34,2,4,16.8025
5597,34,2,5,17.985
5598,34,2,6,23.65
5599,34,2,7,27.87125
5600,34,2,8,29.16375
5601,34,2,9,29.6725
5602,34,2,10,30.4425
5603,34,2,11,30.635
5604,34,2,12,30.525
5605,34,2,13,30.1125
5606,34,2,14,29.37
5607,34,2,15,29.0125
5608,34,2,16,25.8225
5609,34,2,17,24.2
5610,34,2,18,27.005
5611,34,2,19,27.6375
5612,34,2,20,27.15625
5613,34,2,21,26.77125
5614,34,2,22,25.91875
5615,34,2,23,23.47125
5616,34,3,0,20.3775
5617,34,3,1,18.13625
5618,34,3,2,17.20125
5619,34,3,3,16.6375
5620,34,3,4,16.4725
5621,34,3,5,18.095
5622,34,3,6,23.08625
5623,34,3,7,27.1975
5624,34,3,8,28.215
5625,34,3,9,28.4625
5626,34,3,10,28.6275
5627,34,3,11,30.085
5628,34,3,12,31.25375
5629,34,3,13,28.6
5630,34,3,14,27.0325
5631,34,3,15,25.91875
5632,34,3,16,24.035
5633,34,3,17,24.255
5634,34,3,18,27.3625
5635,34,3,19,27.5825
5636,34,3,20,27.15625
5637,34,3,21,26.51
5638,34,3,22,25.6575
5639,34,3,23,22.495
5640,34,4,0,20.3775
5641,34,4,1,18.48
5642,34,4,2,17.4075
5643,34,4,3,17.05
5644,34,4,4,17.05
5645,34,4,5,17.985
5646,34,4,6,23.045
5647,34,4,7,27.92625
5648,34,4,8,28.61375
5649,34,4,9,29.865
5650,34,4,10,30.0575
5651,34,4,11,30.195
5652,34,4,12,30.2775
5653,34,4,13,28.53125
5654,34,4,14,25.85
5655,34,4,15,25.58875
5656,34,4,16,24.475
5657,34,4,17,25.8775
5658,34,4,18,28.4075
5659,34,4,19,29.5625
5660,34,4,20,29.6175
5661,34,4,21,28.1325
5662,34,4,22,25.6025
5663,34,4,23,22.8525
5664,34,5,0,20.3225
5665,34,5,1,17.93
5666,34,5,2,17.2975
5667,34,5,3,16.6925
5668,34,5,4,16.61
5669,34,5,5,17.1875
5670,34,5,6,22.9075
5671,34,5,7,26.55125
5672,34,5,8,27.5
5673,34,5,9,27.72
5674,34,5,10,28.2975
5675,34,5,11,28.27
5676,34,5,12,28.3525
5677,34,5,13,28.435
5678,34,5,14,27.2525
5679,34,5,15,26.63375
5680,34,5,16,25.7125
5681,34,5,17,25.7675
5682,34,5,18,27.445
5683,34,5,19,28.44875
5684,34,5,20,28.39375
5685,34,5,21,27.39
5686,34,5,22,25.4375
5687,34,5,23,22.33
5688,34,6,0,20.075
5689,34,6,1,18.0125
5690,34,6,2,17.0775
5691,34,6,3,16.4725
5692,34,6,4,16.21125
5693,34,6,5,16.1975
5694,34,6,6,16.9125
5695,34,6,7,19.14
5696,34,6,8,20.735
5697,34,6,9,23.7325
5698,34,6,10,25.63
5699,34,6,11,25.8775
5700,34,6,12,25.7675
5701,34,6,13,25.34125
5702,34,6,14,24.97
5703,34,6,15,24.1175
5704,34,6,16,24.07625
5705,34,6,17,25.08
5706,34,6,18,27.89875
5707,34,6,19,29.15
5708,34,6,20,28.88875
5709,34,6,21,28.105
5710,34,6,22,25.58875
5711,34,6,23,22.605
5712,35,0,0,19.81375
5713,35,0,1,17.64125
5714,35,0,2,16.335
5715,35,0,3,15.8675
5716,35,0,4,15.8125
5717,35,0,5,16.59625
5718,35,0,6,21.065
5719,35,0,7,25.9325
5720,35,0,8,26.73
5721,35,0,9,27.5275
5722,35,0,10,27.8575
5723,35,0,11,27.665
5724,35,0,12,27.39
5725,35,0,13,27.06
5726,35,0,14,25.96
5727,35,0,15,25.4375
5728,35,0,16,24.3925
5729,35,0,17,23.9525
5730,35,0,18,27.9125
5731,35,0,19,29.205
5732,35,0,20,29.0675
5733,35,0,21,28.2425
5734,35,0,22,26.565
5735,35,0,23,22.88
5736,35,1,0,20.4875
5737,35,1,1,18.0125
5738,35,1,2,17.1325
5739,35,1,3,16.665
5740,35,1,4,16.28
5741,35,1,5,17.105
5742,35,1,6,23.21
5743,35,1,7,26.73
5744,35,1,8,28.1875
5745,35,1,9,28.4075
5746,35,1,10,28.545
5747,35,1,11,28.53125
5748,35,1,12,28.47625
5749,35,1,13,27.9125
5750,35,1,14,27.39
5751,35,1,15,27.21125
5752,35,1,16,25.0525
5753,35,1,17,23.1825
5754,35,1,18,26.7575
5755,35,1,19,27.5825
5756,35,1,20,28.27
5757,35,1,21,27.5825
5758,35,1,22,27.005
5759,35,1,23,23.85625
5760,35,2,0,21.1475
5761,35,2,1,19.14
5762,35,2,2,17.9025
5763,35,2,3,17.22875
5764,35,2,4,17.53125
5765,35,2,5,18.02625
5766,35,2,6,23.91125
5767,35,2,7,27.775
5768,35,2,8,29.5625
5769,35,2,9,30.085
5770,35,2,10,30.25
5771,35,2,11,30.195
5772,35,2,12,29.975
5773,35,2,13,29.52125
5774,35,2,14,28.86125
5775,35,2,15,28.9575
5776,35,2,16,27.39
5777,35,2,17,24.53
5778,35,2,18,26.2075
5779,35,2,19,28.435
5780,35,2,20,28.4075
5781,35,2,21,27.5275
5782,35,2,22,27.3625
5783,35,2,23,23.6225
5784,35,3,0,21.0925
5785,35,3,1,18.30125
5786,35,3,2,16.92625
5787,35,3,3,16.65125
5788,35,3,4,16.94
5789,35,3,5,17.80625
5790,35,3,6,21.725
5791,35,3,7,23.815
5792,35,3,8,25.97375
5793,35,3,9,27.72
5794,35,3,10,27.8575
5795,35,3,11,27.8025
5796,35,3,12,27.28
5797,35,3,13,27.15625
5798,35,3,14,27.26625
5799,35,3,15,27.12875
5800,35,3,16,24.475
5801,35,3,17,23.32
5802,35,3,18,25.8775
5803,35,3,19,26.9225
5804,35,3,20,28.0775
5805,35,3,21,28.05
5806,35,3,22,25.5475
5807,35,3,23,23.66375
5808,35,4,0,21.4775
5809,35,4,1,19.6625
5810,35,4,2,18.48
5811,35,4,3,17.97125
5812,35,4,4,17.47625
5813,35,4,5,17.25625
5814,35,4,6,22.1375
5815,35,4,7,26.18
5816,35,4,8,27.4175
5817,35,4,9,29.095
5818,35,4,10,29.7
5819,35,4,11,29.755
5820,35,4,12,29.59
5821,35,4,13,29.1775
5822,35,4,14,28.435
5823,35,4,15,27.1975
5824,35,4,16,26.74375
5825,35,4,17,27.3625
5826,35,4,18,29.425
5827,35,4,19,30.745
5828,35,4,20,30.36
5829,35,4,21,29.1225
5830,35,4,22,27.61
5831,35,4,23,25.09375
5832,35,5,0,22.17875
5833,35,5,1,20.02
5834,35,5,2,18.425
5835,35,5,3,17.4075
5836,35,5,4,17.03625
5837,35,5,5,17.9575
5838,35,5,6,24.1175
5839,35,5,7,27.61
5840,35,5,8,29.205
5841,35,5,9,29.7
5842,35,5,10,30.1125
5843,35,5,11,30.6075
5844,35,5,12,29.8375
5845,35,5,13,28.75125
5846,35,5,14,28.49
5847,35,5,15,26.88125
5848,35,5,16,25.78125
5849,35,5,17,26.11125
5850,35,5,18,28.5725
5851,35,5,19,29.2875
5852,35,5,20,28.765
5853,35,5,21,27.23875
5854,35,5,22,25.64375
5855,35,5,23,23.58125
5856,35,6,0,20.7625
5857,35,6,1,18.63125
5858,35,6,2,17.64125
5859,35,6,3,16.94
5860,35,6,4,16.5825
5861,35,6,5,16.5275
5862,35,6,6,17.27
5863,35,6,7,18.7825
5864,35,6,8,21.2575
5865,35,6,9,23.7875
5866,35,6,10,25.4925
5867,35,6,11,26.18
5868,35,6,12,26.125
5869,35,6,13,25.9325
5870,35,6,14,26.3175
5871,35,6,15,25.94625
5872,35,6,16,25.1625
5873,35,6,17,25.19
5874,35,6,18,25.1075
5875,35,6,19,28.2425
5876,35,6,20,28.55875
5877,35,6,21,27.83
5878,35,6,22,25.9875
5879,35,6,23,22.22
5880,36,0,0,19.7175
5881,36,0,1,17.435
5882,36,0,2,16.4175
5883,36,0,3,16.28
5884,36,0,4,16.39
5885,36,0,5,17.545
5886,36,0,6,21.9725
5887,36,0,7,26.345
5888,36,0,8,27.9675
5889,36,0,9,28.5725
5890,36,0,10,28.6275
5891,36,0,11,28.71
5892,36,0,12,28.82
5893,36,0,13,28.11875
5894,36,0,14,27.225
5895,36,0,15,27.40375
5896,36,0,16,25.575
5897,36,0,17,25.74
5898,36,0,18,27.555
5899,36,0,19,29.30125
5900,36,0,20,29.0675
5901,36,0,21,27.98125
5902,36,0,22,26.2075
5903,36,0,23,22.8525
5904,36,1,0,19.8825
5905,36,1,1,18.2325
5906,36,1,2,17.49
5907,36,1,3,17.0775
5908,36,1,4,17.16
5909,36,1,5,17.9025
5910,36,1,6,22.55
5911,36,1,7,27.04625
5912,36,1,8,28.7375
5913,36,1,9,29.7
5914,36,1,10,30.1125
5915,36,1,11,29.93375
5916,36,1,12,30.2225
5917,36,1,13,29.92
5918,36,1,14,28.655
5919,36,1,15,27.3625
5920,36,1,16,26.0425
5921,36,1,17,24.475
5922,36,1,18,27.3625
5923,36,1,19,28.105
5924,36,1,20,27.445
5925,36,1,21,26.5925
5926,36,1,22,25.41
5927,36,1,23,21.89
5928,36,2,0,19.525
5929,36,2,1,17.4075
5930,36,2,2,17.05
5931,36,2,3,16.775
5932,36,2,4,16.72
5933,36,2,5,17.2425
5934,36,2,6,22.15125
5935,36,2,7,27.115
5936,36,2,8,28.5175
5937,36,2,9,28.6
5938,36,2,10,29.205
5939,36,2,11,29.205
5940,36,2,12,29.205
5941,36,2,13,28.7375
5942,36,2,14,28.325
5943,36,2,15,26.2075
5944,36,2,16,24.1175
5945,36,2,17,23.815
5946,36,2,18,26.73
5947,36,2,19,27.5
5948,36,2,20,26.73
5949,36,2,21,26.015
5950,36,2,22,25.6025
5951,36,2,23,23.1
5952,36,3,0,19.8
5953,36,3,1,18.81
5954,36,3,2,17.655
5955,36,3,3,16.995
5956,36,3,4,16.3625
5957,36,3,5,17.16
5958,36,3,6,22.0825
5959,36,3,7,26.8675
5960,36,3,8,28.11875
5961,36,3,9,29.425
5962,36,3,10,29.48
5963,36,3,11,29.645
5964,36,3,12,29.2875
5965,36,3,13,28.545
5966,36,3,14,26.895
5967,36,3,15,26.9225
5968,36,3,16,25.6025
5969,36,3,17,23.6775
5970,36,3,18,25.7675
5971,36,3,19,26.3725
5972,36,3,20,26.5375
5973,36,3,21,26.0425
5974,36,3,22,25.74
5975,36,3,23,23.0175
5976,36,4,0,21.175
5977,36,4,1,18.7825
5978,36,4,2,17.38
5979,36,4,3,16.5
5980,36,4,4,16.115
5981,36,4,5,17.1875
5982,36,4,6,21.23
5983,36,4,7,26.3175
5984,36,4,8,27.2525
5985,36,4,9,28.4075
5986,36,4,10,28.71
5987,36,4,11,28.7375
5988,36,4,12,28.1325
5989,36,4,13,27.4175
5990,36,4,14,26.84
5991,36,4,15,26.3175
5992,36,4,16,25.1075
5993,36,4,17,25.245
5994,36,4,18,26.18
5995,36,4,19,27.9675
5996,36,4,20,28.8475
5997,36,4,21,28.2425
5998,36,4,22,26.455
5999,36,4,23,23.4025
6000,36,5,0,20.2675
6001,36,5,1,18.2325
6002,36,5,2,17.38
6003,36,5,3,16.775
6004,36,5,4,16.5275
6005,36,5,5,17.0775
6006,36,5,6,22.3575
6007,36,5,7,26.7575
6008,36,5,8,27.6375
6009,36,5,9,28.9025
6010,36,5,10,29.48
6011,36,5,11,30.2225
6012,36,5,12,30.305
6013,36,5,13,29.82375
6014,36,5,14,29.37
6015,36,5,15,28.655
6016,36,5,16,26.18
6017,36,5,17,25.4375
6018,36,5,18,25.1625
6019,36,5,19,26.6475
6020,36,5,20,28.1325
6021,36,5,21,27.76125
6022,36,5,22,26.46875
6023,36,5,23,23.7875
6024,36,6,0,20.1575
6025,36,6,1,18.59
6026,36,6,2,17.05
6027,36,6,3,16.37625
6028,36,6,4,16.3625
6029,36,6,5,15.9775
6030,36,6,6,17.4075
6031,36,6,7,18.2875
6032,36,6,8,20.79
6033,36,6,9,24.09
6034,36,6,10,25.135
6035,36,6,11,25.795
6036,36,6,12,26.0975
6037,36,6,13,25.91875
6038,36,6,14,25.8775
6039,36,6,15,25.135
6040,36,6,16,24.0075
6041,36,6,17,23.7875
6042,36,6,18,24.2825
6043,36,6,19,27.115
6044,36,6,20,28.6825
6045,36,6,21,28.2975
6046,36,6,22,27.005
6047,36,6,23,23.6775
6048,37,0,0,19.0025
6049,37,0,1,17.215
6050,37,0,2,15.895
6051,37,0,3,15.2075
6052,37,0,4,17.6275
6053,37,0,5,17.875
6054,37,0,6,22.22
6055,37,0,7,26.895
6056,37,0,8,27.9125
6057,37,0,9,29.0125
6058,37,0,10,28.82
6059,37,0,11,29.27375
6060,37,0,12,29.315
6061,37,0,13,28.38
6062,37,0,14,27.115
6063,37,0,15,26.5925
6064,37,0,16,23.76
6065,37,0,17,22.78375
6066,37,0,18,24.86
6067,37,0,19,27.1975
6068,37,0,20,27.9125
6069,37,0,21,27.26625
6070,37,0,22,27.0875
6071,37,0,23,24.37875
6072,37,1,0,20.72125
6073,37,1,1,17.985
6074,37,1,2,17.05
6075,37,1,3,16.67875
6076,37,1,4,16.995
6077,37,1,5,17.47625
6078,37,1,6,22.17875
6079,37,1,7,27.115
6080,37,1,8,27.87125
6081,37,1,9,28.4625
6082,37,1,10,29.0125
6083,37,1,11,29.0675
6084,37,1,12,29.59
6085,37,1,13,29.095
6086,37,1,14,28.1325
6087,37,1,15,27.225
6088,37,1,16,25.03875
6089,37,1,17,23.4025
6090,37,1,18,25.19
6091,37,1,19,27.335
6092,37,1,20,27.6375
6093,37,1,21,27.1975
6094,37,1,22,26.38625
6095,37,1,23,23.375
6096,37,2,0,20.7625
6097,37,2,1,18.48
6098,37,2,2,17.5725
6099,37,2,3,16.51375
6100,37,2,4,16.335
6101,37,2,5,17.25625
6102,37,2,6,20.2125
6103,37,2,7,26.345
6104,37,2,8,27.28
6105,37,2,9,28.0775
6106,37,2,10,28.6825
6107,37,2,11,28.8475
6108,37,2,12,28.31125
6109,37,2,13,27.6925
6110,37,2,14,27.73375
6111,37,2,15,26.7025
6112,37,2,16,23.66375
6113,37,2,17,21.7525
6114,37,2,18,22.44
6115,37,2,19,24.9425
6116,37,2,20,26.07
6117,37,2,21,25.7125
6118,37,2,22,26.345
6119,37,2,23,24.0625
6120,37,3,0,20.625
6121,37,3,1,18.48
6122,37,3,2,17.215
6123,37,3,3,16.885
6124,37,3,4,16.7475
6125,37,3,5,16.73375
6126,37,3,6,19.09875
6127,37,3,7,22.61875
6128,37,3,8,25.34125
6129,37,3,9,26.60625
6130,37,3,10,27.01875
6131,37,3,11,27.23875
6132,37,3,12,27.34875
6133,37,3,13,27.885
6134,37,3,14,27.5
6135,37,3,15,26.88125
6136,37,3,16,24.9425
6137,37,3,17,23.4025
6138,37,3,18,24.3375
6139,37,3,19,26.5925
6140,37,3,20,27.3625
6141,37,3,21,27.0325
6142,37,3,22,25.6025
6143,37,3,23,22.715
6144,37,4,0,19.6625
6145,37,4,1,17.82
6146,37,4,2,16.4175
6147,37,4,3,15.6475
6148,37,4,4,15.455
6149,37,4,5,14.905
6150,37,4,6,15.565
6151,37,4,7,16.3625
6152,37,4,8,17.7375
6153,37,4,9,20.25375
6154,37,4,10,22.385
6155,37,4,11,23.44375
6156,37,4,12,24.915
6157,37,4,13,25.47875
6158,37,4,14,26.125
6159,37,4,15,24.585
6160,37,4,16,24.31
6161,37,4,17,24.475
6162,37,4,18,24.915
6163,37,4,19,26.84
6164,37,4,20,27.3625
6165,37,4,21,26.7575
6166,37,4,22,24.8875
6167,37,4,23,22.6875
6168,37,5,0,19.635
6169,37,5,1,17.1875
6170,37,5,2,15.9775
6171,37,5,3,15.6475
6172,37,5,4,15.51
6173,37,5,5,15.84
6174,37,5,6,17.545
6175,37,5,7,18.755
6176,37,5,8,20.8175
6177,37,5,9,24.145
6178,37,5,10,25.795
6179,37,5,11,26.2075
6180,37,5,12,26.3725
6181,37,5,13,25.9325
6182,37,5,14,25.135
6183,37,5,15,24.42
6184,37,5,16,23.705
6185,37,5,17,21.505
6186,37,5,18,21.4225
6187,37,5,19,23.8975
6188,37,5,20,25.465
6189,37,5,21,25.245
6190,37,5,22,24.9425
6191,37,5,23,21.9175
6192,37,6,0,19.5525
6193,37,6,1,17.82
6194,37,6,2,16.6925
6195,37,6,3,15.99125
6196,37,6,4,15.71625
6197,37,6,5,15.5925
6198,37,6,6,15.88125
6199,37,6,7,16.4175
6200,37,6,8,17.7925
6201,37,6,9,20.5425
6202,37,6,10,22.70125
6203,37,6,11,24.0075
6204,37,6,12,24.9975
6205,37,6,13,25.23125
6206,37,6,14,24.86
6207,37,6,15,23.98
6208,37,6,16,22.1375
6209,37,6,17,21.0375
6210,37,6,18,21.87625
6211,37,6,19,23.4575
6212,37,6,20,24.2275
6213,37,6,21,23.7875
6214,37,6,22,23.41625
6215,37,6,23,21.62875
6216,38,0,0,18.865
6217,38,0,1,16.9125
6218,38,0,2,15.6475
6219,38,0,3,15.0975
6220,38,0,4,14.7125
6221,38,0,5,14.6575
6222,38,0,6,15.1525
6223,38,0,7,15.62
6224,38,0,8,15.7575
6225,38,0,9,18.205
6226,38,0,10,20.735
6227,38,0,11,21.5325
6228,38,0,12,22.4125
6229,38,0,13,22.2475
6230,38,0,14,22.11
6231,38,0,15,21.065
6232,38,0,16,20.00625
6233,38,0,17,19.745
6234,38,0,18,20.19875
6235,38,0,19,21.56
6236,38,0,20,24.2275
6237,38,0,21,24.95625
6238,38,0,22,24.51625
6239,38,0,23,21.5875
6240,38,1,0,18.71375
6241,38,1,1,16.445
6242,38,1,2,15.235
6243,38,1,3,14.6025
6244,38,1,4,14.45125
6245,38,1,5,15.785
6246,38,1,6,15.51
6247,38,1,7,15.9775
6248,38,1,8,16.94
6249,38,1,9,19.195
6250,38,1,10,21.34
6251,38,1,11,23.1
6252,38,1,12,23.8975
6253,38,1,13,23.76
6254,38,1,14,22.7975
6255,38,1,15,21.56
6256,38,1,16,20.4875
6257,38,1,17,20.075
6258,38,1,18,20.24
6259,38,1,19,22.715
6260,38,1,20,26.5925
6261,38,1,21,26.1525
6262,38,1,22,25.69875
6263,38,1,23,22.66
6264,38,2,0,20.41875
6265,38,2,1,18.08125
6266,38,2,2,16.70625
6267,38,2,3,16.45875
6268,38,2,4,16.51375
6269,38,2,5,17.22875
6270,38,2,6,19.25
6271,38,2,7,23.155
6272,38,2,8,26.18
6273,38,2,9,29.26
6274,38,2,10,29.0125
6275,38,2,11,29.2325
6276,38,2,12,28.93
6277,38,2,13,27.8575
6278,38,2,14,26.18
6279,38,2,15,25.8225
6280,38,2,16,24.2
6281,38,2,17,23.8425
6282,38,2,18,23.7875
6283,38,2,19,25.1075
6284,38,2,20,26.68875
6285,38,2,21,26.3175
6286,38,2,22,25.905
6287,38,2,23,23.4025
6288,38,3,0,20.11625
6289,38,3,1,18.38375
6290,38,3,2,16.885
6291,38,3,3,16.1975
6292,38,3,4,15.9775
6293,38,3,5,16.9675
6294,38,3,6,19.7725
6295,38,3,7,24.2825
6296,38,3,8,26.9775
6297,38,3,9,28.215
6298,38,3,10,28.3525
6299,38,3,11,28.71
6300,38,3,12,28.9575
6301,38,3,13,27.225
6302,38,3,14,26.5925
6303,38,3,15,25.9325
6304,38,3,16,24.26875
6305,38,3,17,24.0625
6306,38,3,18,23.9525
6307,38,3,19,25.4375
6308,38,3,20,26.7575
6309,38,3,21,25.83625
6310,38,3,22,25.14875
6311,38,3,23,22.9075
6312,38,4,0,19.855
6313,38,4,1,17.66875
6314,38,4,2,16.665
6315,38,4,3,15.88125
6316,38,4,4,15.82625
6317,38,4,5,17.00875
6318,38,4,6,20.8725
6319,38,4,7,24.255
6320,38,4,8,26.9775
6321,38,4,9,27.83
6322,38,4,10,28.215
6323,38,4,11,28.2975
6324,38,4,12,27.005
6325,38,4,13,26.8675
6326,38,4,14,26.18
6327,38,4,15,25.3275
6328,38,4,16,24.2825
6329,38,4,17,23.5675
6330,38,4,18,23.05875
6331,38,4,19,25.23125
6332,38,4,20,27.70625
6333,38,4,21,27.7475
6334,38,4,22,26.455
6335,38,4,23,22.44
6336,38,5,0,19.34625
6337,38,5,1,17.2975
6338,38,5,2,16.10125
6339,38,5,3,15.675
6340,38,5,4,15.675
6341,38,5,5,16.04625
6342,38,5,6,20.625
6343,38,5,7,25.96
6344,38,5,8,27.1425
6345,38,5,9,27.1425
6346,38,5,10,28.985
6347,38,5,11,28.6825
6348,38,5,12,28.38
6349,38,5,13,27.61
6350,38,5,14,26.7025
6351,38,5,15,25.795
6352,38,5,16,22.9625
6353,38,5,17,22.0825
6354,38,5,18,22.3025
6355,38,5,19,24.2825
6356,38,5,20,26.3725
6357,38,5,21,26.345
6358,38,5,22,25.5475
6359,38,5,23,23.5125
6360,38,6,0,20.5975
6361,38,6,1,18.315
6362,38,6,2,17.33875
6363,38,6,3,16.6925
6364,38,6,4,15.95
6365,38,6,5,15.9775
6366,38,6,6,16.17
6367,38,6,7,17.325
6368,38,6,8,19.91
6369,38,6,9,22.2475
6370,38,6,10,24.09
6371,38,6,11,24.53
6372,38,6,12,25.4375
6373,38,6,13,25.08
6374,38,6,14,24.695
6375,38,6,15,24.4475
6376,38,6,16,24.2
6377,38,6,17,23.43
6378,38,6,18,23.5125
6379,38,6,19,25.9875
6380,38,6,20,28.42125
6381,38,6,21,28.0775
6382,38,6,22,27.28
6383,38,6,23,23.8425
6384,39,0,0,20.3775
6385,39,0,1,18.26
6386,39,0,2,16.94
6387,39,0,3,16.1975
6388,39,0,4,15.95
6389,39,0,5,16.885
6390,39,0,6,20.3775
6391,39,0,7,26.29
6392,39,0,8,27.28
6393,39,0,9,28.0225
6394,39,0,10,28.6825
6395,39,0,11,29.315
6396,39,0,12,28.8475
6397,39,0,13,28.0775
6398,39,0,14,27.665
6399,39,0,15,27.225
6400,39,0,16,26.0425
6401,39,0,17,24.915
6402,39,0,18,24.475
6403,39,0,19,27.17
6404,39,0,20,28.82
6405,39,0,21,28.545
6406,39,0,22,26.8125
6407,39,0,23,23.4025
6408,39,1,0,19.8825
6409,39,1,1,18.26
6410,39,1,2,16.885
6411,39,1,3,16.4175
6412,39,1,4,16.4175
6413,39,1,5,17.05
6414,39,1,6,23.21
6415,39,1,7,26.9225
6416,39,1,8,28.2425
6417,39,1,9,29.26
6418,39,1,10,29.315
6419,39,1,11,29.49375
6420,39,1,12,29.1225
6421,39,1,13,29.0675
6422,39,1,14,28.8475
6423,39,1,15,28.4625
6424,39,1,16,27.115
6425,39,1,17,26.5375
6426,39,1,18,27.04625
6427,39,1,19,28.71
6428,39,1,20,29.15
6429,39,1,21,27.4175
6430,39,1,22,27.28
6431,39,1,23,24.035
6432,39,2,0,20.185
6433,39,2,1,18.3975
6434,39,2,2,16.7475
6435,39,2,3,16.39
6436,39,2,4,16.4175
6437,39,2,5,17.38
6438,39,2,6,22.66
6439,39,2,7,26.33125
6440,39,2,8,27.65125
6441,39,2,9,28.77875
6442,39,2,10,29.3975
6443,39,2,11,29.975
6444,39,2,12,29.755
6445,39,2,13,30.25
6446,39,2,14,29.04
6447,39,2,15,27.665
6448,39,2,16,26.345
6449,39,2,17,24.5025
6450,39,2,18,24.805
6451,39,2,19,27.06
6452,39,2,20,28.215
6453,39,2,21,27.5825
6454,39,2,22,26.7025
6455,39,2,23,24.035
6456,39,3,0,20.5975
6457,39,3,1,18.81
6458,39,3,2,17.27
6459,39,3,3,16.8025
6460,39,3,4,16.445
6461,39,3,5,16.8575
6462,39,3,6,21.3125
6463,39,3,7,25.355
6464,39,3,8,26.4825
6465,39,3,9,22.8525
6466,39,3,10,25.47875
6467,39,3,11,26.4
6468,39,3,12,27.43125
6469,39,3,13,26.95
6470,39,3,14,25.8775
6471,39,3,15,24.9975
6472,39,3,16,23.9525
6473,39,3,17,23.5675
6474,39,3,18,24.035
6475,39,3,19,25.50625
6476,39,3,20,27.2525
6477,39,3,21,26.73
6478,39,3,22,25.4375
6479,39,3,23,23.375
6480,39,4,0,20.4325
6481,39,4,1,18.2875
6482,39,4,2,16.94
6483,39,4,3,16.3625
6484,39,4,4,15.675
6485,39,4,5,16.4725
6486,39,4,6,21.395
6487,39,4,7,23.8975
6488,39,4,8,25.08
6489,39,4,9,25.91875
6490,39,4,10,25.74
6491,39,4,11,25.96
6492,39,4,12,27.1425
6493,39,4,13,27.06
6494,39,4,14,25.85
6495,39,4,15,25.53375
6496,39,4,16,25.53375
6497,39,4,17,25.80875
6498,39,4,18,26.8125
6499,39,4,19,28.105
6500,39,4,20,29.2875
6501,39,4,21,28.4625
6502,39,4,22,25.575
6503,39,4,23,22.495
6504,39,5,0,19.8275
6505,39,5,1,17.9025
6506,39,5,2,16.9675
6507,39,5,3,16.5275
6508,39,5,4,16.115
6509,39,5,5,17.1875
6510,39,5,6,22.55
6511,39,5,7,26.0975
6512,39,5,8,28.0775
6513,39,5,9,29.535
6514,39,5,10,30.2225
6515,39,5,11,30.14
6516,39,5,12,30.2775
6517,39,5,13,29.7275
6518,39,5,14,28.655
6519,39,5,15,28.53125
6520,39,5,16,25.17625
6521,39,5,17,24.1175
6522,39,5,18,24.2
6523,39,5,19,26.02875
6524,39,5,20,28.875
6525,39,5,21,28.58625
6526,39,5,22,27.07375
6527,39,5,23,24.3070231958
6528,39,6,0,22.165
6529,39,6,1,19.2775
6530,39,6,2,18.3425
6531,39,6,3,17.8475
6532,39,6,4,17.0775
6533,39,6,5,16.2525
6534,39,6,6,17.0775
6535,39,6,7,18.2875
6536,39,6,8,21.175
6537,39,6,9,23.2896649464
6538,39,6,10,23.2420360898
6539,39,6,11,23.1944072232
6540,39,6,12,23.1467783567
6541,39,6,13,23.58125
6542,39,6,14,23.08625
6543,39,6,15,23.0038917571
6544,39,6,16,22.9562628906
6545,39,6,17,22.9086340241
6546,39,6,18,22.8610051576
6547,39,6,19,24.3375
6548,39,6,20,28.14625
6549,39,6,21,27.59625
6550,39,6,22,26.015
6551,39,6,23,22.88
6552,40,0,0,20.075
6553,40,0,1,18.15
6554,40,0,2,16.995
6555,40,0,3,16.335
6556,40,0,4,15.84
6557,40,0,5,16.0875
6558,40,0,6,20.52875
6559,40,0,7,24.90125
6560,40,0,8,27.12875
6561,40,0,9,27.62375
6562,40,0,10,27.885
6563,40,0,11,27.89875
6564,40,0,12,28.06375
6565,40,0,13,27.37625
6566,40,0,14,26.4275
6567,40,0,15,25.01125
6568,40,0,16,24.5025
6569,40,0,17,23.925
6570,40,0,18,24.7225
6571,40,0,19,26.7025
6572,40,0,20,29.10875
6573,40,0,21,28.66875
6574,40,0,22,26.51
6575,40,0,23,23.58125
6576,40,1,0,20.24
6577,40,1,1,17.985
6578,40,1,2,17.14625
6579,40,1,3,16.06
6580,40,1,4,16.06
6581,40,1,5,16.8025
6582,40,1,6,22.9625
6583,40,1,7,26.2625
6584,40,1,8,28.5175
6585,40,1,9,28.875
6586,40,1,10,28.0225
6587,40,1,11,27.95375
6588,40,1,12,27.995
6589,40,1,13,27.83
6590,40,1,14,27.2525
6591,40,1,15,26.57875
6592,40,1,16,26.30375
6593,40,1,17,25.5475
6594,40,1,18,25.94625
6595,40,1,19,27.6925
6596,40,1,20,29.24625
6597,40,1,21,28.49
6598,40,1,22,27.1425
6599,40,1,23,23.705
6600,40,2,0,20.50125
6601,40,2,1,18.0125
6602,40,2,2,16.6375
6603,40,2,3,16.56875
6604,40,2,4,16.83
6605,40,2,5,17.215
6606,40,2,6,22.5225
6607,40,2,7,25.23125
6608,40,2,8,27.555
6609,40,2,9,28.7375
6610,40,2,10,28.6
6611,40,2,11,28.31125
6612,40,2,12,27.72
6613,40,2,13,27.07375
6614,40,2,14,27.37625
6615,40,2,15,26.79875
6616,40,2,16,26.46875
6617,40,2,17,25.78125
6618,40,2,18,26.00125
6619,40,2,19,27.775
6620,40,2,20,29.6725
6621,40,2,21,28.6275
6622,40,2,22,25.795
6623,40,2,23,22.44
6624,40,3,0,19.69
6625,40,3,1,17.765
6626,40,3,2,16.885
6627,40,3,3,16.335
6628,40,3,4,16.0875
6629,40,3,5,16.7475
6630,40,3,6,22.17875
6631,40,3,7,25.06625
6632,40,3,8,27.2525
6633,40,3,9,27.995
6634,40,3,10,27.81625
6635,40,3,11,27.89875
6636,40,3,12,27.54125
6637,40,3,13,27.51375
6638,40,3,14,26.77125
6639,40,3,15,26.30375
6640,40,3,16,25.47875
6641,40,3,17,25.17625
6642,40,3,18,26.00125
6643,40,3,19,24.255
6644,40,3,20,27.0325
6645,40,3,21,26.7025
6646,40,3,22,25.685
6647,40,3,23,24.09
6648,40,4,0,20.13
6649,40,4,1,18.095
6650,40,4,2,16.445
6651,40,4,3,15.73
6652,40,4,4,15.5375
6653,40,4,5,16.06
6654,40,4,6,20.19875
6655,40,4,7,23.8425
6656,40,4,8,25.58875
6657,40,4,9,26.235
6658,40,4,10,27.17
6659,40,4,11,27.4175
6660,40,4,12,27.29375
6661,40,4,13,26.62
6662,40,4,14,23.54
6663,40,4,15,22.5225
6664,40,4,16,22.22
6665,40,4,17,22.055
6666,40,4,18,22.70125
6667,40,4,19,24.64
6668,40,4,20,27.6375
6669,40,4,21,27.5825
6670,40,4,22,25.56125
6671,40,4,23,23.03125
6672,40,5,0,20.9275
6673,40,5,1,19.085
6674,40,5,2,16.665
6675,40,5,3,16.61
6676,40,5,4,16.32125
6677,40,5,5,16.12875
6678,40,5,6,16.335
6679,40,5,7,16.8575
6680,40,5,8,19.3325
6681,40,5,9,21.4225
6682,40,5,10,23.93875
6683,40,5,11,24.9425
6684,40,5,12,24.32375
6685,40,5,13,24.81875
6686,40,5,14,21.9175
6687,40,5,15,22.8525
6688,40,5,16,23.21
6689,40,5,17,22.55
6690,40,5,18,22.9075
6691,40,5,19,23.705
6692,40,5,20,26.73
6693,40,5,21,26.79875
6694,40,5,22,24.86
6695,40,5,23,21.4225
6696,40,6,0,18.24625
6697,40,6,1,16.8025
6698,40,6,2,15.5375
6699,40,6,3,15.455
6700,40,6,4,15.345
6701,40,6,5,16.5275
6702,40,6,6,17.0225
6703,40,6,7,18.3975
6704,40,6,8,21.725
6705,40,6,9,23.6775
6706,40,6,10,25.6575
6707,40,6,11,26.08375
6708,40,6,12,26.51
6709,40,6,13,26.0975
6710,40,6,14,24.5575
6711,40,6,15,23.5125
6712,40,6,16,22.5225
6713,40,6,17,22.935
6714,40,6,18,23.32
6715,40,6,19,24.695
6716,40,6,20,26.08375
6717,40,6,21,25.8225
6718,40,6,22,24.365
6719,40,6,23,21.9725
6720,41,0,0,19.40125
6721,41,0,1,17.2975
6722,41,0,2,16.115
6723,41,0,3,15.66125
6724,41,0,4,15.07
6725,41,0,5,15.4825
6726,41,0,6,15.1525
6727,41,0,7,15.785
6728,41,0,8,17.545
6729,41,0,9,19.1125
6730,41,0,10,22.22
6731,41,0,11,24.0075
6732,41,0,12,24.585
6733,41,0,13,25.355
6734,41,0,14,24.0075
6735,41,0,15,23.43
6736,41,0,16,22.77
6737,41,0,17,22.99
6738,41,0,18,23.98
6739,41,0,19,24.3375
6740,41,0,20,28.215
6741,41,0,21,27.3625
6742,41,0,22,25.09375
6743,41,0,23,21.78
6744,41,1,0,18.32875
6745,41,1,1,16.81625
6746,41,1,2,15.675
6747,41,1,3,15.41375
6748,41,1,4,15.3175
6749,41,1,5,16.4725
6750,41,1,6,21.49125
6751,41,1,7,25.41
6752,41,1,8,26.895
6753,41,1,9,27.9125
6754,41,1,10,27.885
6755,41,1,11,27.995
6756,41,1,12,28.16
6757,41,1,13,28.05
6758,41,1,14,27.5275
6759,41,1,15,26.895
6760,41,1,16,25.905
6761,41,1,17,25.3825
6762,41,1,18,24.53
6763,41,1,19,25.135
6764,41,1,20,29.98875
6765,41,1,21,29.6175
6766,41,1,22,27.04625
6767,41,1,23,22.31625
6768,41,2,0,19.3325
6769,41,2,1,18.16375
6770,41,2,2,17.06375
6771,41,2,3,16.70625
6772,41,2,4,16.45875
6773,41,2,5,16.45875
6774,41,2,6,21.40875
6775,41,2,7,25.025
6776,41,2,8,26.565
6777,41,2,9,27.28
6778,41,2,10,26.565
6779,41,2,11,26.73
6780,41,2,12,26.5925
6781,41,2,13,26.455
6782,41,2,14,25.465
6783,41,2,15,25.465
6784,41,2,16,25.2725
6785,41,2,17,25.2725
6786,41,2,18,25.795
6787,41,2,19,25.905
6788,41,2,20,27.9675
6789,41,2,21,28.9575
6790,41,2,22,26.90875
6791,41,2,23,22.37125
6792,41,3,0,19.53875
6793,41,3,1,17.325
6794,41,3,2,16.83
6795,41,3,3,16.39
6796,41,3,4,16.21125
6797,41,3,5,17.0775
6798,41,3,6,21.4225
6799,41,3,7,25.8775
6800,41,3,8,26.4275
6801,41,3,9,26.785
6802,41,3,10,26.565
6803,41,3,11,26.455
6804,41,3,12,27.9125
6805,41,3,13,27.0325
6806,41,3,14,27.28
6807,41,3,15,26.66125
6808,41,3,16,26.2625
6809,41,3,17,26.08375
6810,41,3,18,26.41375
6811,41,3,19,27.3625
6812,41,3,20,28.31125
6813,41,3,21,27.84375
6814,41,3,22,25.74
6815,41,3,23,22.77
6816,41,4,0,20.14375
6817,41,4,1,17.93
6818,41,4,2,16.8575
6819,41,4,3,15.73
6820,41,4,4,15.5375
6821,41,4,5,15.6475
6822,41,4,6,18.1775
6823,41,4,7,22.77
6824,41,4,8,25.08
6825,41,4,9,25.6025
6826,41,4,10,26.235
6827,41,4,11,25.85
6828,41,4,12,25.0525
6829,41,4,13,26.2075
6830,41,4,14,26.29
6831,41,4,15,25.2175
6832,41,4,16,23.76
6833,41,4,17,23.5125
6834,41,4,18,22.5775
6835,41,4,19,23.2375
6836,41,4,20,25.4925
6837,41,4,21,25.74
6838,41,4,22,24.6675
6839,41,4,23,22.11
6840,41,5,0,19.25
6841,41,5,1,18.3975
6842,41,5,2,17.2425
6843,41,5,3,15.95
6844,41,5,4,15.4275
6845,41,5,5,15.455
6846,41,5,6,15.84
6847,41,5,7,16.225
6848,41,5,8,18.92
6849,41,5,9,20.845
6850,41,5,10,22.2475
6851,41,5,11,22.9625
6852,41,5,12,23.155
6853,41,5,13,23.3475
6854,41,5,14,23.14125
6855,41,5,15,21.98625
6856,41,5,16,22.055
6857,41,5,17,21.12
6858,41,5,18,21.7525
6859,41,5,19,23.87
6860,41,5,20,26.8125
6861,41,5,21,26.5925
6862,41,5,22,24.2275
6863,41,5,23,21.505
6864,41,6,0,18.8375
6865,41,6,1,16.665
6866,41,6,2,15.7575
6867,41,6,3,15.29
6868,41,6,4,15.4275
6869,41,6,5,15.46875
6870,41,6,6,16.0325
6871,41,6,7,17.3525
6872,41,6,8,19.9375
6873,41,6,9,22.50875
6874,41,6,10,23.705
6875,41,6,11,24.32375
6876,41,6,12,24.42
6877,41,6,13,24.0625
6878,41,6,14,23.595
6879,41,6,15,22.55
6880,41,6,16,22.2475
6881,41,6,17,21.34
6882,41,6,18,21.2025
6883,41,6,19,22.1375
6884,41,6,20,24.7225
6885,41,6,21,25.1075
6886,41,6,22,23.4025
6887,41,6,23,20.8725
6888,42,0,0,18.0125
6889,42,0,1,16.04625
6890,42,0,2,14.9325
6891,42,0,3,14.6575
6892,42,0,4,13.8325
6893,42,0,5,14.245
6894,42,0,6,17.7375
6895,42,0,7,21.2575
6896,42,0,8,23.54
6897,42,0,9,25.025
6898,42,0,10,25.1075
6899,42,0,11,24.90125
6900,42,0,12,25.06625
6901,42,0,13,24.64
6902,42,0,14,24.09
6903,42,0,15,23.265
6904,42,0,16,22.99
6905,42,0,17,22.385
6906,42,0,18,22.0275
6907,42,0,19,22.55
6908,42,0,20,26.895
6909,42,0,21,26.7575
6910,42,0,22,24.2
6911,42,0,23,20.955
6912,42,1,0,18.645
6913,42,1,1,16.6925
6914,42,1,2,15.345
6915,42,1,3,15.235
6916,42,1,4,15.235
6917,42,1,5,16.0875
6918,42,1,6,21.29875
6919,42,1,7,23.66375
6920,42,1,8,25.23125
6921,42,1,9,25.3
6922,42,1,10,25.14875
6923,42,1,11,24.915
6924,42,1,12,25.17625
6925,42,1,13,24.4475
6926,42,1,14,23.925
6927,42,1,15,23.21
6928,42,1,16,23.11375
6929,42,1,17,22.72875
6930,42,1,18,22.935
6931,42,1,19,24.2
6932,42,1,20,26.235
6933,42,1,21,26.1525
6934,42,1,22,24.2825
6935,42,1,23,21.2025
6936,42,2,0,18.3975
6937,42,2,1,17.0775
6938,42,2,2,16.3075
6939,42,2,3,15.895
6940,42,2,4,15.7025
6941,42,2,5,16.4175
6942,42,2,6,21.3125
6943,42,2,7,23.815
6944,42,2,8,25.575
6945,42,2,9,26.552625
6946,42,2,10,26.8125
6947,42,2,11,26.4275
6948,42,2,12,25.83625
6949,42,2,13,25.96
6950,42,2,14,24.805
6951,42,2,15,24.7225
6952,42,2,16,24.145
6953,42,2,17,24.53
6954,42,2,18,23.595
6955,42,2,19,25.135
6956,42,2,20,27.6375
6957,42,2,21,27.3075
6958,42,2,22,25.5475
6959,42,2,23,21.8625
6960,42,3,0,19.36
6961,42,3,1,17.4075
6962,42,3,2,16.225
6963,42,3,3,16.005
6964,42,3,4,15.895
6965,42,3,5,16.23875
6966,42,3,6,21.065
6967,42,3,7,23.05875
6968,42,3,8,24.90125
6969,42,3,9,25.465
6970,42,3,10,25.45125
6971,42,3,11,25.5475
6972,42,3,12,25.7675
6973,42,3,13,24.915
6974,42,3,14,24.475
6975,42,3,15,23.8425
6976,42,3,16,22.86625
6977,42,3,17,22.5775
6978,42,3,18,22.3025
6979,42,3,19,23.3475
6980,42,3,20,25.3
6981,42,3,21,26.5375
6982,42,3,22,24.9425
6983,42,3,23,21.8075
6984,42,4,0,19.415
6985,42,4,1,17.2975
6986,42,4,2,16.445
6987,42,4,3,16.005
6988,42,4,4,15.675
6989,42,4,5,15.5925
6990,42,4,6,19.0575
6991,42,4,7,22.12375
6992,42,4,8,23.91125
6993,42,4,9,24.87375
6994,42,4,10,25.09375
6995,42,4,11,25.575
6996,42,4,12,23.485
6997,42,4,13,23.265
6998,42,4,14,24.09
6999,42,4,15,23.265
7000,42,4,16,22.92125
7001,42,4,17,23.54
7002,42,4,18,22.935
7003,42,4,19,22.4125
7004,42,4,20,24.2825
7005,42,4,21,25.17625
7006,42,4,22,23.65
7007,42,4,23,21.89
7008,42,5,0,19.36
7009,42,5,1,17.325
7010,42,5,2,16.335
7011,42,5,3,15.565
7012,42,5,4,15.455
7013,42,5,5,15.455
7014,42,5,6,15.85375
7015,42,5,7,16.4725
7016,42,5,8,18.81
7017,42,5,9,19.97875
7018,42,5,10,21.7525
7019,42,5,11,22.165
7020,42,5,12,22.3025
7021,42,5,13,22.3025
7022,42,5,14,21.56
7023,42,5,15,20.955
7024,42,5,16,20.3225
7025,42,5,17,19.67625
7026,42,5,18,20.075
7027,42,5,19,21.79375
7028,42,5,20,24.51625
7029,42,5,21,24.21375
7030,42,5,22,22.6875
7031,42,5,23,20.5975
7032,42,6,0,18.645
7033,42,6,1,16.775
7034,42,6,2,14.85
7035,42,6,3,14.63
7036,42,6,4,14.20375
7037,42,6,5,15.18
7038,42,6,6,16.83
7039,42,6,7,18.1225
7040,42,6,8,20.9
7041,42,6,9,24.10375
7042,42,6,10,26.455
7043,42,6,11,25.97375
7044,42,6,12,26.18
7045,42,6,13,25.69875
7046,42,6,14,25.2725
7047,42,6,15,24.585
7048,42,6,16,23.8425
7049,42,6,17,23.54
7050,42,6,18,23.43
7051,42,6,19,23.54
7052,42,6,20,26.18
7053,42,6,21,26.0425
7054,42,6,22,23.65
7055,42,6,23,20.7625
7056,43,0,0,18.2325
7057,43,0,1,16.39
7058,43,0,2,15.785
7059,43,0,3,14.795
7060,43,0,4,14.96
7061,43,0,5,15.29
7062,43,0,6,18.755
7063,43,0,7,22.3575
7064,43,0,8,24.2275
7065,43,0,9,24.8325
7066,43,0,10,24.9975
7067,43,0,11,24.8875
7068,43,0,12,24.46125
7069,43,0,13,24.2
7070,43,0,14,24.365
7071,43,0,15,23.6775
7072,43,0,16,23.1
7073,43,0,17,23.815
7074,43,0,18,23.815
7075,43,0,19,23.82875
7076,43,0,20,25.6575
7077,43,0,21,26.24875
7078,43,0,22,24.2
7079,43,0,23,21.40875
7080,43,1,0,18.5075
7081,43,1,1,16.17
7082,43,1,2,15.2625
7083,43,1,3,15.125
7084,43,1,4,14.78125
7085,43,1,5,15.6475
7086,43,1,6,19.8825
7087,43,1,7,22.275
7088,43,1,8,23.3475
7089,43,1,9,24.3375
7090,43,1,10,25.19
7091,43,1,11,25.31375
7092,43,1,12,25.56125
7093,43,1,13,25.3275
7094,43,1,14,24.13125
7095,43,1,15,23.65
7096,43,1,16,23.6775
7097,43,1,17,23.32
7098,43,1,18,23.0175
7099,43,1,19,23.47125
7100,43,1,20,26.02875
7101,43,1,21,26.85375
7102,43,1,22,24.7775
7103,43,1,23,22.22
7104,43,2,0,19.69
7105,43,2,1,16.84375
7106,43,2,2,16.12875
7107,43,2,3,15.73
7108,43,2,4,15.7025
7109,43,2,5,15.88125
7110,43,2,6,18.92
7111,43,2,7,22.64625
7112,43,2,8,24.42
7113,43,2,9,25.25875
7114,43,2,10,25.69875
7115,43,2,11,25.6575
7116,43,2,12,25.4925
7117,43,2,13,25.575
7118,43,2,14,24.7775
7119,43,2,15,24.37875
7120,43,2,16,24.76375
7121,43,2,17,24.29625
7122,43,2,18,24.2825
7123,43,2,19,24.695
7124,43,2,20,26.2625
7125,43,2,21,26.4275
7126,43,2,22,23.65
7127,43,2,23,21.285
7128,43,3,0,19.1675
7129,43,3,1,17.325
7130,43,3,2,16.28
7131,43,3,3,15.88125
7132,43,3,4,15.18
7133,43,3,5,15.785
7134,43,3,6,19.69
7135,43,3,7,22.715
7136,43,3,8,23.8975
7137,43,3,9,24.73625
7138,43,3,10,24.8325
7139,43,3,11,26.29
7140,43,3,12,26.5375
7141,43,3,13,25.80875
7142,43,3,14,25.4925
7143,43,3,15,24.51625
7144,43,3,16,25.12125
7145,43,3,17,24.10375
7146,43,3,18,24.09
7147,43,3,19,24.1725
7148,43,3,20,26.51
7149,43,3,21,26.345
7150,43,3,22,24.64
7151,43,3,23,22.1925
7152,43,4,0,19.7175
7153,43,4,1,17.3525
7154,43,4,2,16.4175
7155,43,4,3,15.57875
7156,43,4,4,15.4
7157,43,4,5,15.2625
7158,43,4,6,15.73
7159,43,4,7,16.1975
7160,43,4,8,18.5625
7161,43,4,9,20.955
7162,43,4,10,20.68
7163,43,4,11,22.44
7164,43,4,12,24.21375
7165,43,4,13,25.3275
7166,43,4,14,25.1075
7167,43,4,15,23.80125
7168,43,4,16,22.89375
7169,43,4,17,22.86625
7170,43,4,18,23.595
7171,43,4,19,23.60875
7172,43,4,20,25.75375
7173,43,4,21,25.685
7174,43,4,22,24.365
7175,43,4,23,22.2475
7176,43,5,0,18.8925
7177,43,5,1,16.9675
7178,43,5,2,16.225
7179,43,5,3,15.51
7180,43,5,4,15.2075
7181,43,5,5,14.69875
7182,43,5,6,14.94625
7183,43,5,7,15.55125
7184,43,5,8,18.04
7185,43,5,9,19.4975
7186,43,5,10,21.7525
7187,43,5,11,23.08625
7188,43,5,12,24.53
7189,43,5,13,24.475
7190,43,5,14,23.1
7191,43,5,15,22.6875
7192,43,5,16,22.0
7193,43,5,17,21.7525
7194,43,5,18,21.8075
7195,43,5,19,22.4675
7196,43,5,20,24.4475
7197,43,5,21,25.19
7198,43,5,22,23.3475
7199,43,5,23,20.735
7200,43,6,0,17.7375
7201,43,6,1,16.3625
7202,43,6,2,15.0425
7203,43,6,3,14.5475
7204,43,6,4,14.685
7205,43,6,5,15.11125
7206,43,6,6,14.7675
7207,43,6,7,14.685
7208,43,6,8,16.48625
7209,43,6,9,19.525
7210,43,6,10,20.955
7211,43,6,11,22.9625
7212,43,6,12,24.035
7213,43,6,13,24.3375
7214,43,6,14,24.2
7215,43,6,15,23.98
7216,43,6,16,23.32
7217,43,6,17,23.03125
7218,43,6,18,22.935
7219,43,6,19,23.3475
7220,43,6,20,25.8775
7221,43,6,21,26.2075
7222,43,6,22,23.4025
7223,43,6,23,20.185
7224,44,0,0,17.325
7225,44,0,1,16.3075
7226,44,0,2,15.235
7227,44,0,3,15.015
7228,44,0,4,15.125
7229,44,0,5,15.6475
7230,44,0,6,19.56625
7231,44,0,7,21.9725
7232,44,0,8,23.5125
7233,44,0,9,24.48875
7234,44,0,10,24.8325
7235,44,0,11,24.805
7236,44,0,12,25.08
7237,44,0,13,24.6675
7238,44,0,14,24.1725
7239,44,0,15,23.265
7240,44,0,16,20.4325
7241,44,0,17,21.89
7242,44,0,18,22.22
7243,44,0,19,23.1825
7244,44,0,20,24.475
7245,44,0,21,25.685
7246,44,0,22,24.1725
7247,44,0,23,21.945
7248,44,1,0,19.415
7249,44,1,1,17.16
7250,44,1,2,15.73
7251,44,1,3,15.3175
7252,44,1,4,15.4825
7253,44,1,5,15.785
7254,44,1,6,19.195
7255,44,1,7,23.11375
7256,44,1,8,24.915
7257,44,1,9,26.015
7258,44,1,10,26.4275
7259,44,1,11,26.3175
7260,44,1,12,25.97375
7261,44,1,13,25.575
7262,44,1,14,24.31
7263,44,1,15,24.09
7264,44,1,16,22.83875
7265,44,1,17,22.825
7266,44,1,18,22.165
7267,44,1,19,21.5325
7268,44,1,20,22.8525
7269,44,1,21,24.9975
7270,44,1,22,24.2
7271,44,1,23,21.57375
7272,44,2,0,18.96125
7273,44,2,1,17.6275
7274,44,2,2,16.45875
7275,44,2,3,15.5925
7276,44,2,4,15.0975
7277,44,2,5,15.07
7278,44,2,6,14.6575
7279,44,2,7,15.7025
7280,44,2,8,17.0225
7281,44,2,9,18.6175
7282,44,2,10,20.185
7283,44,2,11,21.12
7284,44,2,12,21.5875
7285,44,2,13,21.6425
7286,44,2,14,21.505
7287,44,2,15,20.5425
7288,44,2,16,19.89625
7289,44,2,17,19.195
7290,44,2,18,19.415
7291,44,2,19,19.8
7292,44,2,20,22.0
7293,44,2,21,24.5575
7294,44,2,22,24.0625
7295,44,2,23,20.61125
7296,44,3,0,18.05375
7297,44,3,1,16.81625
7298,44,3,2,15.7575
7299,44,3,3,14.9875
7300,44,3,4,14.7125
7301,44,3,5,14.9875
7302,44,3,6,17.99875
7303,44,3,7,22.31625
7304,44,3,8,24.0625
7305,44,3,9,25.135
7306,44,3,10,25.41
7307,44,3,11,25.8775
7308,44,3,12,25.465
7309,44,3,13,25.025
7310,44,3,14,23.87
7311,44,3,15,23.65
7312,44,3,16,22.99
7313,44,3,17,22.04125
7314,44,3,18,22.66
7315,44,3,19,23.05875
7316,44,3,20,25.19
7317,44,3,21,26.3725
7318,44,3,22,24.805
7319,44,3,23,21.4775
7320,44,4,0,19.34625
7321,44,4,1,16.76125
7322,44,4,2,15.93625
7323,44,4,3,15.57875
7324,44,4,4,15.345
7325,44,4,5,16.005
7326,44,4,6,18.48
7327,44,4,7,22.0
7328,44,4,8,23.54
7329,44,4,9,24.1725
7330,44,4,10,24.5025
7331,44,4,11,25.025
7332,44,4,12,25.355
7333,44,4,13,24.805
7334,44,4,14,24.53
7335,44,4,15,23.8975
7336,44,4,16,22.7425
7337,44,4,17,22.34375
7338,44,4,18,22.99
7339,44,4,19,23.375
7340,44,4,20,24.7225
7341,44,4,21,25.465
7342,44,4,22,24.2275
7343,44,4,23,21.01
7344,44,5,0,18.5625
7345,44,5,1,16.9125
7346,44,5,2,15.9775
7347,44,5,3,15.3725
7348,44,5,4,15.29
7349,44,5,5,15.07
7350,44,5,6,15.0425
7351,44,5,7,16.115
7352,44,5,8,18.04
7353,44,5,9,20.4325
7354,44,5,10,22.59125
7355,44,5,11,23.55375
7356,44,5,12,24.365
7357,44,5,13,24.1725
7358,44,5,14,23.815
7359,44,5,15,23.925
7360,44,5,16,21.615
7361,44,5,17,22.22
7362,44,5,18,22.99
7363,44,5,19,23.705
7364,44,5,20,24.7225
7365,44,5,21,25.7675
7366,44,5,22,23.21
7367,44,5,23,20.2125
7368,44,6,0,17.93
7369,44,6,1,16.1425
7370,44,6,2,14.7125
7371,44,6,3,14.3275
7372,44,6,4,14.355
7373,44,6,5,14.795
7374,44,6,6,14.575
7375,44,6,7,15.2075
7376,44,6,8,17.38
7377,44,6,9,19.3325
7378,44,6,10,20.625
7379,44,6,11,21.285
7380,44,6,12,22.11
7381,44,6,13,22.9075
7382,44,6,14,22.0275
7383,44,6,15,21.285
7384,44,6,16,20.46
7385,44,6,17,20.295
7386,44,6,18,20.295
7387,44,6,19,21.01
7388,44,6,20,22.6875
7389,44,6,21,25.6575
7390,44,6,22,24.2825
7391,44,6,23,21.725
7392,45,0,0,19.14
7393,45,0,1,16.61
7394,45,0,2,15.785
7395,45,0,3,15.2075
7396,45,0,4,15.18
7397,45,0,5,15.5925
7398,45,0,6,17.7375
7399,45,0,7,22.6325
7400,45,0,8,24.4475
7401,45,0,9,25.7675
7402,45,0,10,26.3175
7403,45,0,11,26.7025
7404,45,0,12,26.0975
7405,45,0,13,24.92875
7406,45,0,14,23.0725
7407,45,0,15,24.2825
7408,45,0,16,25.14875
7409,45,0,17,24.37875
7410,45,0,18,23.8425
7411,45,0,19,24.1175
7412,45,0,20,24.805
7413,45,0,21,26.5925
7414,45,0,22,25.465
7415,45,0,23,21.51875
7416,45,1,0,18.32875
7417,45,1,1,17.14625
7418,45,1,2,16.335
7419,45,1,3,16.12875
7420,45,1,4,15.8125
7421,45,1,5,15.95
7422,45,1,6,18.81
7423,45,1,7,22.4675
7424,45,1,8,24.3925
7425,45,1,9,25.9875
7426,45,1,10,25.795
7427,45,1,11,26.18
7428,45,1,12,26.62
7429,45,1,13,26.455
7430,45,1,14,25.86375
7431,45,1,15,25.17625
7432,45,1,16,24.8875
7433,45,1,17,24.51625
7434,45,1,18,24.75
7435,45,1,19,24.09
7436,45,1,20,24.86
7437,45,1,21,26.82625
7438,45,1,22,26.05625
7439,45,1,23,23.32
7440,45,2,0,20.2125
7441,45,2,1,17.72375
7442,45,2,2,16.81625
7443,45,2,3,15.95
7444,45,2,4,15.8675
7445,45,2,5,16.12875
7446,45,2,6,19.085
7447,45,2,7,23.1275
7448,45,2,8,24.8325
7449,45,2,9,25.3275
7450,45,2,10,25.3
7451,45,2,11,25.50625
7452,45,2,12,25.3825
7453,45,2,13,24.97
7454,45,2,14,24.5575
7455,45,2,15,24.35125
7456,45,2,16,24.07625
7457,45,2,17,23.595
7458,45,2,18,23.55375
7459,45,2,19,24.475
7460,45,2,20,25.67125
7461,45,2,21,27.26625
7462,45,2,22,25.3275
7463,45,2,23,22.495
7464,45,3,0,19.91
7465,45,3,1,17.66875
7466,45,3,2,16.8025
7467,45,3,3,16.115
7468,45,3,4,15.9225
7469,45,3,5,16.40375
7470,45,3,6,19.81375
7471,45,3,7,22.1925
7472,45,3,8,23.925
7473,45,3,9,24.8325
7474,45,3,10,25.19
7475,45,3,11,25.6575
7476,45,3,12,25.4925
7477,45,3,13,24.97
7478,45,3,14,24.6675
7479,45,3,15,24.42
7480,45,3,16,24.3375
7481,45,3,17,23.88375
7482,45,3,18,24.1725
7483,45,3,19,24.09
7484,45,3,20,24.7775
7485,45,3,21,26.455
7486,45,3,22,25.135
7487,45,3,23,22.04125
7488,45,4,0,19.25
7489,45,4,1,17.1325
7490,45,4,2,15.9775
7491,45,4,3,15.62
7492,45,4,4,15.2075
7493,45,4,5,15.5925
7494,45,4,6,18.755
7495,45,4,7,22.22
7496,45,4,8,23.5675
7497,45,4,9,24.64
7498,45,4,10,24.68125
7499,45,4,11,25.0525
7500,45,4,12,24.53
7501,45,4,13,24.86
7502,45,4,14,25.025
7503,45,4,15,24.4475
7504,45,4,16,23.7325
7505,45,4,17,23.3475
7506,45,4,18,22.605
7507,45,4,19,23.65
7508,45,4,20,24.5575
7509,45,4,21,25.6025
7510,45,4,22,24.64
7511,45,4,23,21.49125
7512,45,5,0,19.51125
7513,45,5,1,17.6825
7514,45,5,2,15.9775
7515,45,5,3,15.29
7516,45,5,4,15.235
7517,45,5,5,15.235
7518,45,5,6,15.46875
7519,45,5,7,15.95
7520,45,5,8,18.21875
7521,45,5,9,20.72125
7522,45,5,10,22.55
7523,45,5,11,23.71875
7524,45,5,12,24.0075
7525,45,5,13,24.0075
7526,45,5,14,23.66375
7527,45,5,15,23.265
7528,45,5,16,22.26125
7529,45,5,17,21.9725
7530,45,5,18,22.715
7531,45,5,19,23.21
7532,45,5,20,24.6125
7533,45,5,21,25.74
7534,45,5,22,25.0525
7535,45,5,23,21.90375
7536,45,6,0,19.04375
7537,45,6,1,17.2975
7538,45,6,2,15.565
7539,45,6,3,14.9875
7540,45,6,4,14.96
7541,45,6,5,14.465
7542,45,6,6,14.56125
7543,45,6,7,15.4825
7544,45,6,8,17.91625
7545,45,6,9,20.35
7546,45,6,10,21.6975
7547,45,6,11,22.59125
7548,45,6,12,23.6225
7549,45,6,13,24.09
7550,45,6,14,23.85625
7551,45,6,15,23.47125
7552,45,6,16,23.03125
7553,45,6,17,23.265
7554,45,6,18,23.5675
7555,45,6,19,24.3375
7556,45,6,20,26.0425
7557,45,6,21,27.72
7558,45,6,22,25.3275
7559,45,6,23,22.0275
7560,46,0,0,18.82375
7561,46,0,1,16.5
7562,46,0,2,15.7025
7563,46,0,3,14.7675
7564,46,0,4,14.905
7565,46,0,5,15.5375
7566,46,0,6,18.425
7567,46,0,7,22.4675
7568,46,0,8,24.32375
7569,46,0,9,26.44125
7570,46,0,10,27.445
7571,46,0,11,27.89875
7572,46,0,12,27.995
7573,46,0,13,27.5275
7574,46,0,14,26.4275
7575,46,0,15,25.685
7576,46,0,16,26.1525
7577,46,0,17,25.9875
7578,46,0,18,26.29
7579,46,0,19,26.675
7580,46,0,20,27.665
7581,46,0,21,27.4725
7582,46,0,22,26.0975
7583,46,0,23,23.5675
7584,46,1,0,19.415
7585,46,1,1,17.0225
7586,46,1,2,16.225
7587,46,1,3,15.675
7588,46,1,4,15.7025
7589,46,1,5,16.225
7590,46,1,6,20.075
7591,46,1,7,23.21
7592,46,1,8,24.81875
7593,46,1,9,25.795
7594,46,1,10,25.9875
7595,46,1,11,26.29
7596,46,1,12,26.565
7597,46,1,13,25.905
7598,46,1,14,25.245
7599,46,1,15,24.6125
7600,46,1,16,24.3375
7601,46,1,17,24.145
7602,46,1,18,24.7225
7603,46,1,19,24.7225
7604,46,1,20,26.0425
7605,46,1,21,26.5375
7606,46,1,22,24.3925
7607,46,1,23,20.8725
7608,46,2,0,18.26
7609,46,2,1,16.32125
7610,46,2,2,15.565
7611,46,2,3,15.7025
7612,46,2,4,15.8125
7613,46,2,5,15.895
7614,46,2,6,19.92375
7615,46,2,7,23.0725
7616,46,2,8,25.2175
7617,46,2,9,26.0425
7618,46,2,10,26.07
7619,46,2,11,26.38625
7620,46,2,12,26.565
7621,46,2,13,26.9225
7622,46,2,14,26.18
7623,46,2,15,25.06625
7624,46,2,16,25.28625
7625,46,2,17,25.20375
7626,46,2,18,25.25875
7627,46,2,19,25.83625
7628,46,2,20,26.79875
7629,46,2,21,27.9125
7630,46,2,22,25.795
7631,46,2,23,21.87625
7632,46,3,0,19.5525
7633,46,3,1,17.4625
7634,46,3,2,16.37625
7635,46,3,3,15.79875
7636,46,3,4,15.74375
7637,46,3,5,16.28
7638,46,3,6,20.0475
7639,46,3,7,23.375
7640,46,3,8,25.64375
7641,46,3,9,26.99125
7642,46,3,10,27.43125
7643,46,3,11,27.665
7644,46,3,12,27.83
7645,46,3,13,27.115
7646,46,3,14,26.9775
7647,46,3,15,26.4825
7648,46,3,16,25.3
7649,46,3,17,25.2725
7650,46,3,18,25.1075
7651,46,3,19,25.75375
7652,46,3,20,27.1975
7653,46,3,21,27.9675
7654,46,3,22,26.60625
7655,46,3,23,23.925
7656,46,4,0,20.50125
7657,46,4,1,18.63125
7658,46,4,2,17.29805
7659,46,4,3,16.43125
7660,46,4,4,16.2525
7661,46,4,5,16.3075
7662,46,4,6,19.0025
7663,46,4,7,23.045
7664,46,4,8,24.54375
7665,46,4,9,25.50625
7666,46,4,10,23.8425
7667,46,4,11,25.2725
7668,46,4,12,26.9225
7669,46,4,13,26.015
7670,46,4,14,24.9975
7671,46,4,15,24.585
7672,46,4,16,24.475
7673,46,4,17,23.9525
7674,46,4,18,23.7875
7675,46,4,19,23.595
7676,46,4,20,24.75
7677,46,4,21,26.5375
7678,46,4,22,24.7225
7679,46,4,23,22.275
7680,46,5,0,19.305
7681,46,5,1,16.83
7682,46,5,2,16.4175
7683,46,5,3,16.1425
7684,46,5,4,16.0875
7685,46,5,5,15.8675
7686,46,5,6,15.675
7687,46,5,7,16.56875
7688,46,5,8,19.2775
7689,46,5,9,22.165
7690,46,5,10,23.98
7691,46,5,11,25.3
7692,46,5,12,25.245
7693,46,5,13,24.86
7694,46,5,14,24.3375
7695,46,5,15,23.87
7696,46,5,16,23.0175
7697,46,5,17,22.4125
7698,46,5,18,22.1375
7699,46,5,19,21.5875
7700,46,5,20,22.1925
7701,46,5,21,25.2725
7702,46,5,22,23.6225
7703,46,5,23,21.78
7704,46,6,0,18.425
7705,46,6,1,17.16
7706,46,6,2,16.225
7707,46,6,3,15.125
7708,46,6,4,15.1525
7709,46,6,5,14.9875
7710,46,6,6,14.61625
7711,46,6,7,16.005
7712,46,6,8,18.05375
7713,46,6,9,19.45625
7714,46,6,10,21.285
7715,46,6,11,22.26125
7716,46,6,12,22.75625
7717,46,6,13,23.5125
7718,46,6,14,23.58125
7719,46,6,15,23.16875
7720,46,6,16,22.9625
7721,46,6,17,22.0275
7722,46,6,18,22.55
7723,46,6,19,22.55
7724,46,6,20,22.4125
7725,46,6,21,24.2
7726,46,6,22,21.67
7727,46,6,23,20.02
7728,47,0,0,17.7925
7729,47,0,1,15.0975
7730,47,0,2,14.6575
7731,47,0,3,14.3
7732,47,0,4,14.2175
7733,47,0,5,14.8225
7734,47,0,6,17.80625
7735,47,0,7,21.34
7736,47,0,8,23.21
7737,47,0,9,23.76
7738,47,0,10,24.145
7739,47,0,11,23.80125
7740,47,0,12,24.42
7741,47,0,13,24.1175
7742,47,0,14,23.6775
7743,47,0,15,23.76
7744,47,0,16,23.7875
7745,47,0,17,24.0625
7746,47,0,18,23.6225
7747,47,0,19,23.87
7748,47,0,20,24.8875
7749,47,0,21,25.465
7750,47,0,22,23.6775
7751,47,0,23,20.5975
7752,47,1,0,17.5725
7753,47,1,1,15.3725
7754,47,1,2,14.78125
7755,47,1,3,14.47875
7756,47,1,4,14.6575
7757,47,1,5,15.675
7758,47,1,6,18.8925
7759,47,1,7,21.615
7760,47,1,8,23.155
7761,47,1,9,24.2
7762,47,1,10,24.53
7763,47,1,11,25.3825
7764,47,1,12,26.345
7765,47,1,13,25.52
7766,47,1,14,25.465
7767,47,1,15,25.025
7768,47,1,16,24.7775
7769,47,1,17,24.31
7770,47,1,18,24.5025
7771,47,1,19,23.8975
7772,47,1,20,24.31
7773,47,1,21,25.53375
7774,47,1,22,25.0525
7775,47,1,23,22.01375
7776,47,2,0,18.87875
7777,47,2,1,17.36625
7778,47,2,2,16.18375
7779,47,2,3,15.5925
7780,47,2,4,15.29
7781,47,2,5,15.8125
7782,47,2,6,18.7275
7783,47,2,7,21.3125
7784,47,2,8,22.53625
7785,47,2,9,23.98
7786,47,2,10,24.98375
7787,47,2,11,25.1625
7788,47,2,12,25.53375
7789,47,2,13,25.39625
7790,47,2,14,25.1075
7791,47,2,15,25.025
7792,47,2,16,23.5675
7793,47,2,17,25.245
7794,47,2,18,24.8875
7795,47,2,19,23.815
7796,47,2,20,23.8425
7797,47,2,21,24.95625
7798,47,2,22,24.4475
7799,47,2,23,21.98625
7800,47,3,0,18.975
7801,47,3,1,17.1325
7802,47,3,2,16.665
7803,47,3,3,16.0325
7804,47,3,4,15.785
7805,47,3,5,16.0875
7806,47,3,6,18.93375
7807,47,3,7,21.615
7808,47,3,8,23.58125
7809,47,3,9,24.4475
7810,47,3,10,25.3275
7811,47,3,11,25.67125
7812,47,3,12,25.63
7813,47,3,13,25.135
7814,47,3,14,24.54375
7815,47,3,15,24.2
7816,47,3,16,23.2375
7817,47,3,17,23.1
7818,47,3,18,23.1275
7819,47,3,19,23.71875
7820,47,3,20,24.42
7821,47,3,21,25.2725
7822,47,3,22,24.1175
7823,47,3,23,22.055
7824,47,4,0,19.0025
7825,47,4,1,16.885
7826,47,4,2,15.785
7827,47,4,3,15.51
7828,47,4,4,15.18
7829,47,4,5,15.2625
7830,47,4,6,17.7925
7831,47,4,7,21.3675
7832,47,4,8,21.9725
7833,47,4,9,22.935
7834,47,4,10,23.2375
7835,47,4,11,23.1275
7836,47,4,12,23.1
7837,47,4,13,23.6775
7838,47,4,14,23.19625
7839,47,4,15,22.59125
7840,47,4,16,22.04125
7841,47,4,17,21.76625
7842,47,4,18,21.5325
7843,47,4,19,21.2575
7844,47,4,20,22.1375
7845,47,4,21,24.1725
7846,47,4,22,23.2375
7847,47,4,23,21.6425
7848,47,5,0,18.6175
7849,47,5,1,16.17
7850,47,5,2,15.1525
7851,47,5,3,14.4925
7852,47,5,4,14.19
7853,47,5,5,14.3275
7854,47,5,6,14.2725
7855,47,5,7,15.4825
7856,47,5,8,16.62375
7857,47,5,9,19.7175
7858,47,5,10,21.0375
7859,47,5,11,21.725
7860,47,5,12,22.275
7861,47,5,13,22.89375
7862,47,5,14,22.6875
7863,47,5,15,21.78
7864,47,5,16,21.5325
7865,47,5,17,21.505
7866,47,5,18,21.615
7867,47,5,19,21.945
7868,47,5,20,23.1275
7869,47,5,21,24.695
7870,47,5,22,23.21
7871,47,5,23,21.2575
7872,47,6,0,18.7275
7873,47,6,1,16.885
7874,47,6,2,15.4275
7875,47,6,3,14.6025
7876,47,6,4,14.3275
7877,47,6,5,13.9975
7878,47,6,6,13.8325
7879,47,6,7,15.345
7880,47,6,8,18.52125
7881,47,6,9,20.03375
7882,47,6,10,21.67
7883,47,6,11,22.605
7884,47,6,12,23.045
7885,47,6,13,23.21
7886,47,6,14,22.88
7887,47,6,15,22.7425
7888,47,6,16,22.715
7889,47,6,17,22.3575
7890,47,6,18,21.8625
7891,47,6,19,21.9725
7892,47,6,20,22.0275
7893,47,6,21,24.57125
7894,47,6,22,23.8975
7895,47,6,23,21.0375
7896,48,0,0,18.315
7897,48,0,1,16.005
7898,48,0,2,15.18
7899,48,0,3,14.41
7900,48,0,4,14.2725
7901,48,0,5,14.905
7902,48,0,6,17.2425
7903,48,0,7,21.51875
7904,48,0,8,23.925
7905,48,0,9,25.0525
7906,48,0,10,25.4925
7907,48,0,11,25.3825
7908,48,0,12,25.135
7909,48,0,13,24.6675
7910,48,0,14,24.37875
7911,48,0,15,24.035
7912,48,0,16,23.63625
7913,48,0,17,24.09
7914,48,0,18,22.0275
7915,48,0,19,22.5225
7916,48,0,20,22.89375
7917,48,0,21,24.915
7918,48,0,22,24.365
7919,48,0,23,22.0825
7920,48,1,0,18.9475
7921,48,1,1,17.215
7922,48,1,2,16.445
7923,48,1,3,15.9225
7924,48,1,4,15.51
7925,48,1,5,15.7025
7926,48,1,6,18.37
7927,48,1,7,21.45
7928,48,1,8,23.08625
7929,48,1,9,24.0625
7930,48,1,10,24.8875
7931,48,1,11,25.135
7932,48,1,12,25.19
7933,48,1,13,24.76375
7934,48,1,14,24.51625
7935,48,1,15,24.37875
7936,48,1,16,24.585
7937,48,1,17,24.0625
7938,48,1,18,24.3375
7939,48,1,19,25.3
7940,48,1,20,25.85
7941,48,1,21,26.7575
7942,48,1,22,25.0525
7943,48,1,23,22.12375
7944,48,2,0,18.9475
7945,48,2,1,16.8575
7946,48,2,2,16.0875
7947,48,2,3,15.9225
7948,48,2,4,15.895
7949,48,2,5,16.1975
7950,48,2,6,19.47
7951,48,2,7,22.06875
7952,48,2,8,23.5675
7953,48,2,9,24.695
7954,48,2,10,25.31375
7955,48,2,11,26.235
7956,48,2,12,26.675
7957,48,2,13,26.125
7958,48,2,14,25.83625
7959,48,2,15,25.83625
7960,48,2,16,25.67125
7961,48,2,17,25.41
7962,48,2,18,25.3825
7963,48,2,19,25.7675
7964,48,2,20,25.53375
7965,48,2,21,26.895
7966,48,2,22,25.1625
7967,48,2,23,22.22
7968,48,3,0,19.07125
7969,48,3,1,17.435
7970,48,3,2,16.885
7971,48,3,3,16.1425
7972,48,3,4,15.7025
7973,48,3,5,15.8675
7974,48,3,6,18.3425
7975,48,3,7,22.22
7976,48,3,8,23.7325
7977,48,3,9,24.31
7978,48,3,10,24.915
7979,48,3,11,25.8775
7980,48,3,12,26.35875
7981,48,3,13,25.6575
7982,48,3,14,25.355
7983,48,3,15,24.97
7984,48,3,16,25.025
7985,48,3,17,24.2275
7986,48,3,18,23.65
7987,48,3,19,23.8975
7988,48,3,20,24.585
7989,48,3,21,26.0425
7990,48,3,22,25.3
7991,48,3,23,22.2475
7992,48,4,0,19.81375
7993,48,4,1,17.7375
7994,48,4,2,16.72
7995,48,4,3,16.17
7996,48,4,4,15.9225
7997,48,4,5,15.73
7998,48,4,6,18.4525
7999,48,4,7,21.175
8000,48,4,8,23.375
8001,48,4,9,24.9425
8002,48,4,10,25.685
8003,48,4,11,26.3175
8004,48,4,12,25.96
8005,48,4,13,26.015
8006,48,4,14,25.465
8007,48,4,15,25.6575
8008,48,4,16,25.4375
8009,48,4,17,24.31
8010,48,4,18,24.7775
8011,48,4,19,24.145
8012,48,4,20,24.6125
8013,48,4,21,26.00125
8014,48,4,22,25.41
8015,48,4,23,22.055
8016,48,5,0,20.2125
8017,48,5,1,17.9575
8018,48,5,2,17.38
8019,48,5,3,16.5275
8020,48,5,4,16.32125
8021,48,5,5,16.1975
8022,48,5,6,16.01875
8023,48,5,7,17.22875
8024,48,5,8,19.91
8025,48,5,9,22.5225
8026,48,5,10,23.8975
8027,48,5,11,24.3375
8028,48,5,12,25.245
8029,48,5,13,25.28625
8030,48,5,14,24.87375
8031,48,5,15,24.10375
8032,48,5,16,23.045
8033,48,5,17,22.9625
8034,48,5,18,23.08625
8035,48,5,19,23.44375
8036,48,5,20,23.80125
8037,48,5,21,24.95625
8038,48,5,22,23.6775
8039,48,5,23,21.725
8040,48,6,0,19.4975
8041,48,6,1,17.9025
8042,48,6,2,15.95
8043,48,6,3,15.125
8044,48,6,4,15.29
8045,48,6,5,14.91875
8046,48,6,6,14.91875
8047,48,6,7,16.4175
8048,48,6,8,18.5625
8049,48,6,9,20.515
8050,48,6,10,21.725
8051,48,6,11,22.9625
8052,48,6,12,23.1825
8053,48,6,13,23.265
8054,48,6,14,23.00375
8055,48,6,15,21.9175
8056,48,6,16,20.7625
8057,48,6,17,20.58375
8058,48,6,18,21.29875
8059,48,6,19,22.39875
8060,48,6,20,23.32
8061,48,6,21,25.1075
8062,48,6,22,24.255
8063,48,6,23,21.5875
8064,49,0,0,18.645
8065,49,0,1,16.06
8066,49,0,2,14.905
8067,49,0,3,14.1075
8068,49,0,4,14.6575
8069,49,0,5,14.9875
8070,49,0,6,17.69625
8071,49,0,7,13.97
8072,49,0,8,15.3725
8073,49,0,9,22.055
8074,49,0,10,21.5875
8075,49,0,11,22.2475
8076,49,0,12,22.99
8077,49,0,13,22.5225
8078,49,0,14,21.615
8079,49,0,15,21.78
8080,49,0,16,21.5875
8081,49,0,17,22.5225
8082,49,0,18,22.385
8083,49,0,19,22.715
8084,49,0,20,22.9625
8085,49,0,21,24.6125
8086,49,0,22,24.0075
8087,49,0,23,21.945
8088,49,1,0,18.48
8089,49,1,1,16.3075
8090,49,1,2,15.4275
8091,49,1,3,14.97375
8092,49,1,4,14.685
8093,49,1,5,14.575
8094,49,1,6,17.6
8095,49,1,7,20.46
8096,49,1,8,22.385
8097,49,1,9,23.155
8098,49,1,10,23.7325
8099,49,1,11,24.3925
8100,49,1,12,24.3925
8101,49,1,13,24.1175
8102,49,1,14,23.52625
8103,49,1,15,22.78375
8104,49,1,16,22.99
8105,49,1,17,22.28875
8106,49,1,18,22.0275
8107,49,1,19,21.95875
8108,49,1,20,21.68375
8109,49,1,21,23.045
8110,49,1,22,24.15875
8111,49,1,23,21.8075
8112,49,2,0,18.30125
8113,49,2,1,16.6925
8114,49,2,2,15.55125
8115,49,2,3,14.96
8116,49,2,4,14.96
8117,49,2,5,15.345
8118,49,2,6,17.325
8119,49,2,7,20.1575
8120,49,2,8,22.275
8121,49,2,9,23.705
8122,49,2,10,25.14875
8123,49,2,11,26.77125
8124,49,2,12,27.10125
8125,49,2,13,27.12875
8126,49,2,14,26.895
8127,49,2,15,26.675
8128,49,2,16,26.1525
8129,49,2,17,24.7775
8130,49,2,18,24.5025
8131,49,2,19,23.8425
8132,49,2,20,23.7325
8133,49,2,21,25.0525
8134,49,2,22,24.7225
8135,49,2,23,22.9625
8136,49,3,0,19.36
8137,49,3,1,17.6
8138,49,3,2,16.39
8139,49,3,3,15.9775
8140,49,3,4,15.84
8141,49,3,5,16.28
8142,49,3,6,18.79625
8143,49,3,7,21.71125
8144,49,3,8,23.8975
8145,49,3,9,25.74
8146,49,3,10,26.05625
8147,49,3,11,26.125
8148,49,3,12,25.4375
8149,49,3,13,24.8875
8150,49,3,14,24.31
8151,49,3,15,23.5125
8152,49,3,16,22.8525
8153,49,3,17,21.89
8154,49,3,18,20.4875
8155,49,3,19,20.185
8156,49,3,20,20.9825
8157,49,3,21,22.275
8158,49,3,22,22.99
8159,49,3,23,21.065
8160,49,4,0,18.71375
8161,49,4,1,17.25625
8162,49,4,2,15.96375
8163,49,4,3,15.0425
8164,49,4,4,15.015
8165,49,4,5,14.905
8166,49,4,6,16.665
8167,49,4,7,19.745
8168,49,4,8,21.43625
8169,49,4,9,22.1925
8170,49,4,10,23.2925
8171,49,4,11,23.485
8172,49,4,12,23.69125
8173,49,4,13,23.76
8174,49,4,14,23.65
8175,49,4,15,23.485
8176,49,4,16,22.8525
8177,49,4,17,20.02
8178,49,4,18,19.8
8179,49,4,19,20.24
8180,49,4,20,20.625
8181,49,4,21,21.9175
8182,49,4,22,21.505
8183,49,4,23,20.1025
8184,49,5,0,17.49
8185,49,5,1,15.8675
8186,49,5,2,14.5475
8187,49,5,3,13.92875
8188,49,5,4,13.53
8189,49,5,5,13.53
8190,49,5,6,13.145
8191,49,5,7,14.1075
8192,49,5,8,15.84
8193,49,5,9,17.985
8194,49,5,10,19.8
8195,49,5,11,20.295
8196,49,5,12,20.9825
8197,49,5,13,21.34
8198,49,5,14,20.9825
8199,49,5,15,20.8175
8200,49,5,16,20.35
8201,49,5,17,20.17125
8202,49,5,18,20.47375
8203,49,5,19,20.845
8204,49,5,20,22.11
8205,49,5,21,24.3925
8206,49,5,22,22.44
8207,49,5,23,20.955
8208,49,6,0,18.315
8209,49,6,1,16.445
8210,49,6,2,15.125
8211,49,6,3,14.4925
8212,49,6,4,14.3275
8213,49,6,5,14.4925
8214,49,6,6,17.0775
8215,49,6,7,19.0025
8216,49,6,8,21.5875
8217,49,6,9,23.9525
8218,49,6,10,23.87
8219,49,6,11,25.245
8220,49,6,12,25.8775
8221,49,6,13,25.575
8222,49,6,14,24.9425
8223,49,6,15,24.5025
8224,49,6,16,24.0625
8225,49,6,17,23.93875
8226,49,6,18,23.1825
8227,49,6,19,23.14125
8228,49,6,20,23.4025
8229,49,6,21,25.2175
8230,49,6,22,24.46125
8231,49,6,23,22.1375
8232,50,0,0,18.43875
8233,50,0,1,16.3075
8234,50,0,2,15.345
8235,50,0,3,14.63
8236,50,0,4,14.025
8237,50,0,5,14.1625
8238,50,0,6,16.1975
8239,50,0,7,19.6625
8240,50,0,8,21.2575
8241,50,0,9,22.9075
8242,50,0,10,24.1725
8243,50,0,11,24.2
8244,50,0,12,24.4475
8245,50,0,13,24.0075
8246,50,0,14,24.0625
8247,50,0,15,23.25125
8248,50,0,16,22.94875
8249,50,0,17,22.45375
8250,50,0,18,21.93125
8251,50,0,19,22.77
8252,50,0,20,23.0725
8253,50,0,21,24.9975
8254,50,0,22,24.31
8255,50,0,23,21.505
8256,50,1,0,18.343875
8257,50,1,1,16.72
8258,50,1,2,15.95
8259,50,1,3,15.55125
8260,50,1,4,15.07
8261,50,1,5,15.3725
8262,50,1,6,17.5725
8263,50,1,7,20.2675
8264,50,1,8,22.70125
8265,50,1,9,24.0625
8266,50,1,10,24.9425
8267,50,1,11,24.97
8268,50,1,12,25.7125
8269,50,1,13,24.8875
8270,50,1,14,24.18625
8271,50,1,15,23.91125
8272,50,1,16,23.58125
8273,50,1,17,23.08625
8274,50,1,18,22.946
8275,50,1,19,22.48125
8276,50,1,20,23.1825
8277,50,1,21,24.6675
8278,50,1,22,24.695
8279,50,1,23,21.945
8280,50,2,0,19.0025
8281,50,2,1,16.6375
8282,50,2,2,15.675
8283,50,2,3,15.3725
8284,50,2,4,15.29
8285,50,2,5,15.0425
8286,50,2,6,17.6
8287,50,2,7,20.9
8288,50,2,8,23.43
8289,50,2,9,24.6125
8290,50,2,10,25.34125
8291,50,2,11,25.8225
8292,50,2,12,25.5475
8293,50,2,13,25.135
8294,50,2,14,24.5575
8295,50,2,15,24.5575
8296,50,2,16,24.59875
8297,50,2,17,24.5575
8298,50,2,18,23.6225
8299,50,2,19,23.8975
8300,50,2,20,24.3925
8301,50,2,21,25.5475
8302,50,2,22,24.8875
8303,50,2,23,22.605
8304,50,3,0,19.0575
8305,50,3,1,16.83
8306,50,3,2,16.1975
8307,50,3,3,15.73
8308,50,3,4,15.3175
8309,50,3,5,15.4275
8310,50,3,6,17.05
8311,50,3,7,20.405
8312,50,3,8,22.7975
8313,50,3,9,22.935
8314,50,3,10,23.705
8315,50,3,11,24.3375
8316,50,3,12,25.5475
8317,50,3,13,24.915
8318,50,3,14,24.2825
8319,50,3,15,24.42
8320,50,3,16,23.76
8321,50,3,17,23.1
8322,50,3,18,23.375
8323,50,3,19,23.2925
8324,50,3,20,24.64
8325,50,3,21,25.795
8326,50,3,22,25.245
8327,50,3,23,21.835
8328,50,4,0,19.085
8329,50,4,1,17.1875
8330,50,4,2,14.465
8331,50,4,3,13.86
8332,50,4,4,13.585
8333,50,4,5,14.135
8334,50,4,6,16.3075
8335,50,4,7,19.1125
8336,50,4,8,21.56
8337,50,4,9,24.365
8338,50,4,10,25.85
8339,50,4,11,26.785
8340,50,4,12,26.95
8341,50,4,13,25.795
8342,50,4,14,25.63
8343,50,4,15,25.2725
8344,50,4,16,25.41
8345,50,4,17,24.6125
8346,50,4,18,23.8425
8347,50,4,19,23.4575
8348,50,4,20,24.75
8349,50,4,21,25.63
8350,50,4,22,25.17625
8351,50,4,23,23.0725
8352,50,5,0,20.2675
8353,50,5,1,18.1225
8354,50,5,2,16.83
8355,50,5,3,15.565
8356,50,5,4,15.4
8357,50,5,5,15.18
8358,50,5,6,14.795
8359,50,5,7,15.8675
8360,50,5,8,18.0675
8361,50,5,9,21.1475
8362,50,5,10,22.6875
8363,50,5,11,23.2375
8364,50,5,12,24.3375
8365,50,5,13,24.26875
8366,50,5,14,23.55375
8367,50,5,15,23.54
8368,50,5,16,21.065
8369,50,5,17,20.8175
8370,50,5,18,20.06125
8371,50,5,19,20.3225
8372,50,5,20,21.065
8373,50,5,21,23.0725
8374,50,5,22,23.5125
8375,50,5,23,21.9175
8376,50,6,0,19.36
8377,50,6,1,17.31125
8378,50,6,2,15.51
8379,50,6,3,14.52
8380,50,6,4,14.08
8381,50,6,5,13.95625
8382,50,6,6,15.88125
8383,50,6,7,18.30125
8384,50,6,8,20.50125
8385,50,6,9,22.495
8386,50,6,10,23.05875
8387,50,6,11,24.24125
8388,50,6,12,25.08
8389,50,6,13,25.135
8390,50,6,14,24.9975
8391,50,6,15,23.925
8392,50,6,16,23.925
8393,50,6,17,20.6525
8394,50,6,18,20.61125
8395,50,6,19,21.46375
8396,50,6,20,21.9175
8397,50,6,21,22.97625
8398,50,6,22,23.595
8399,50,6,23,21.23
8400,51,0,0,18.87875
8401,51,0,1,17.0775
8402,51,0,2,15.79875
8403,51,0,3,15.00125
8404,51,0,4,14.9325
8405,51,0,5,14.89125
8406,51,0,6,16.4725
8407,51,0,7,19.5525
8408,51,0,8,21.2025
8409,51,0,9,23.1275
8410,51,0,10,23.58125
8411,51,0,11,24.62625
8412,51,0,12,25.06625
8413,51,0,13,24.86
8414,51,0,14,24.1175
8415,51,0,15,23.5675
8416,51,0,16,23.2375
8417,51,0,17,22.3575
8418,51,0,18,21.79375
8419,51,0,19,22.385
8420,51,0,20,22.825
8421,51,0,21,24.2825
8422,51,0,22,23.32
8423,51,0,23,20.955
8424,51,1,0,18.1775
8425,51,1,1,16.26625
8426,51,1,2,15.51
8427,51,1,3,14.8225
8428,51,1,4,15.2075
8429,51,1,5,15.345
8430,51,1,6,16.5275
8431,51,1,7,19.195
8432,51,1,8,21.78
8433,51,1,9,22.77
8434,51,1,10,23.54
8435,51,1,11,23.87
8436,51,1,12,24.7225
8437,51,1,13,23.6225
8438,51,1,14,23.55375
8439,51,1,15,23.375
8440,51,1,16,23.27875
8441,51,1,17,22.70125
8442,51,1,18,22.275
8443,51,1,19,22.75625
8444,51,1,20,23.705
8445,51,1,21,25.355
8446,51,1,22,24.65375
8447,51,1,23,23.2375
8448,51,2,0,19.305
8449,51,2,1,17.38
8450,51,2,2,15.5925
8451,51,2,3,15.19375
8452,51,2,4,15.3175
8453,51,2,5,15.35875
8454,51,2,6,17.5725
8455,51,2,7,20.5975
8456,51,2,8,23.4575
8457,51,2,9,25.1075
8458,51,2,10,25.8775
8459,51,2,11,26.62
8460,51,2,12,26.455
8461,51,2,13,26.565
8462,51,2,14,26.0425
8463,51,2,15,25.9875
8464,51,2,16,25.355
8465,51,2,17,24.18625
8466,51,2,18,24.2
8467,51,2,19,24.255
8468,51,2,20,24.48875
8469,51,2,21,25.94625
8470,51,2,22,25.5475
8471,51,2,23,23.43
8472,51,3,0,19.84125
8473,51,3,1,17.00875
8474,51,3,2,15.675
8475,51,3,3,15.30375
8476,51,3,4,15.35875
8477,51,3,5,15.4
8478,51,3,6,17.7925
8479,51,3,7,20.2675
8480,51,3,8,22.6325
8481,51,3,9,23.91125
8482,51,3,10,24.6675
8483,51,3,11,25.3
8484,51,3,12,24.75
8485,51,3,13,24.75
8486,51,3,14,24.42
8487,51,3,15,23.54
8488,51,3,16,22.83875
8489,51,3,17,22.39875
8490,51,3,18,21.7525
8491,51,3,19,21.725
8492,51,3,20,21.945
8493,51,3,21,22.4675
8494,51,3,22,23.2375
8495,51,3,23,21.2025
8496,51,4,0,18.3975
8497,51,4,1,17.0775
8498,51,4,2,16.06
8499,51,4,3,15.4825
8500,51,4,4,14.9325
8501,51,4,5,14.4925
8502,51,4,6,14.8225
8503,51,4,7,15.95
8504,51,4,8,18.095
8505,51,4,9,19.7725
8506,51,4,10,20.735
8507,51,4,11,21.24375
8508,51,4,12,21.6425
8509,51,4,13,21.5325
8510,51,4,14,20.9
8511,51,4,15,20.1025
8512,51,4,16,19.7175
8513,51,4,17,19.6075
8514,51,4,18,19.29125
8515,51,4,19,19.84125
8516,51,4,20,20.46
8517,51,4,21,21.79375
8518,51,4,22,22.2475
8519,51,4,23,20.52875
8520,51,5,0,17.33875
8521,51,5,1,15.96375
8522,51,5,2,15.015
8523,51,5,3,14.45125
8524,51,5,4,13.65375
8525,51,5,5,13.6125
8526,51,5,6,13.76375
8527,51,5,7,15.1525
8528,51,5,8,16.885
8529,51,5,9,18.43875
8530,51,5,10,19.95125
8531,51,5,11,20.61125
8532,51,5,12,21.725
8533,51,5,13,21.98625
8534,51,5,14,21.49125
8535,51,5,15,20.7625
8536,51,5,16,20.8175
8537,51,5,17,20.74875
8538,51,5,18,21.45
8539,51,5,19,20.8175
8540,51,5,20,22.11
8541,51,5,21,23.6775
8542,51,5,22,23.375
8543,51,5,23,21.0925
8544,51,6,0,18.2875
8545,51,6,1,16.61
8546,51,6,2,15.8125
8547,51,6,3,14.9325
8548,51,6,4,14.52
8549,51,6,5,14.6575
8550,51,6,6,15.2625
8551,51,6,7,15.455
8552,51,6,8,17.71
8553,51,6,9,19.4975
8554,51,6,10,23.0175
8555,51,6,11,23.7875
8556,51,6,12,24.2825
8557,51,6,13,24.365
8558,51,6,14,24.1175
8559,51,6,15,23.11375
8560,51,6,16,21.65625
8561,51,6,17,20.61125
8562,51,6,18,20.63875
8563,51,6,19,20.63875
8564,51,6,20,21.02375
8565,51,6,21,22.04125
8566,51,6,22,22.385
8567,51,6,23,20.405
8568,52,0,0,18.2325
8569,52,0,1,16.45875
8570,52,0,2,15.73
8571,52,0,3,14.8775
8572,52,0,4,14.5475
8573,52,0,5,14.2175
8574,52,0,6,13.9425
8575,52,0,7,13.9425
8576,52,0,8,15.2075
8577,52,0,9,16.9675
8578,52,0,10,18.5625
8579,52,0,11,19.4425
8580,52,0,12,20.9
8581,52,0,13,21.725
8582,52,0,14,21.49125
8583,52,0,15,20.955
8584,52,0,16,20.52875
8585,52,0,17,20.25375
8586,52,0,18,20.99625
8587,52,0,19,21.175
8588,52,0,20,21.3125
8589,52,0,21,21.395
8590,52,0,22,20.9
8591,52,0,23,19.4975
8592,52,1,0,18.5075
8593,52,1,1,16.6375
8594,52,1,2,15.85375
8595,52,1,3,14.2725
8596,52,1,4,14.0525
8597,52,1,5,13.0075
8598,52,1,6,13.9975
8599,52,1,7,16.1975
8600,52,1,8,17.99875
8601,52,1,9,21.54625
8602,52,1,10,22.7975
8603,52,1,11,23.8975
8604,52,1,12,24.97
8605,52,1,13,25.2725
8606,52,1,14,25.08
8607,52,1,15,25.1075
8608,52,1,16,24.53
8609,52,1,17,23.7875
8610,52,1,18,23.22375
8611,52,1,19,22.88
8612,52,1,20,22.3575
8613,52,1,21,23.265
8614,52,1,22,23.815
8615,52,1,23,21.95875
8616,52,2,0,18.9475
8617,52,2,1,16.45875
8618,52,2,2,15.05625
8619,52,2,3,15.07
8620,52,2,4,14.9875
8621,52,2,5,15.07
8622,52,2,6,15.7575
8623,52,2,7,18.0125
8624,52,2,8,20.03375
8625,52,2,9,21.71125
8626,52,2,10,23.08625
8627,52,2,11,24.0625
8628,52,2,12,24.8325
8629,52,2,13,24.585
8630,52,2,14,24.15875
8631,52,2,15,24.2825
8632,52,2,16,24.0075
8633,52,2,17,23.54
8634,52,2,18,23.3475
8635,52,2,19,22.77
8636,52,2,20,22.67375
8637,52,2,21,23.4575
8638,52,2,22,23.5675
8639,52,2,23,20.845
8640,52,3,0,18.59
8641,52,3,1,16.534375
8642,52,3,2,15.406875
8643,52,3,3,14.67125
8644,52,3,4,14.389375
8645,52,3,5,14.458125
8646,52,3,6,14.925625
8647,52,3,7,17.47625
8648,52,3,8,19.9375
8649,52,3,9,21.621875
8650,52,3,10,22.385
8651,52,3,11,23.4575
8652,52,3,12,24.110625
8653,52,3,13,24.145
8654,52,3,14,23.82875
8655,52,3,15,23.863125
8656,52,3,16,23.22375
8657,52,3,17,22.969375
8658,52,3,18,22.33
8659,52,3,19,22.116875
8660,52,3,20,21.71125
8661,52,3,21,22.268125
8662,52,3,22,23.148125
8663,52,3,23,21.374375
8664,52,4,0,18.610625
8665,52,4,1,16.108125
8666,52,4,2,14.788125
8667,52,4,3,14.471875
8668,52,4,4,14.575
8669,52,4,5,14.499375
8670,52,4,6,14.829375
8671,52,4,7,16.43125
8672,52,4,8,18.266875
8673,52,4,9,20.246875
8674,52,4,10,21.76625
8675,52,4,11,22.254375
8676,52,4,12,22.935
8677,52,4,13,23.2925
8678,52,4,14,22.845625
8679,52,4,15,22.666875
8680,52,4,16,22.495
8681,52,4,17,22.199375
8682,52,4,18,21.718125
8683,52,4,19,21.395
8684,52,4,20,21.319375
8685,52,4,21,21.54625
8686,52,4,22,22.15125
8687,52,4,23,20.576875
8688,52,5,0,18.473125
8689,52,5,1,16.3625
8690,52,5,2,15.18
8691,52,5,3,14.20375
8692,52,5,4,13.62625
8693,52,5,5,13.35125
8694,52,5,6,13.151875
8695,52,5,7,14.34125
8696,52,5,8,15.8125
8697,52,5,9,17.263125
8698,52,5,10,18.858125
8699,52,5,11,19.875625
8700,52,5,12,20.439375
8701,52,5,13,20.96875
8702,52,5,14,20.934375
8703,52,5,15,20.72125
8704,52,5,16,20.521875
8705,52,5,17,20.1575
8706,52,5,18,20.164375
8707,52,5,19,20.191875
8708,52,5,20,20.439375
8709,52,5,21,21.333125
8710,52,5,22,22.048125
8711,52,5,23,20.384375
8712,52,6,0,18.088125
8713,52,6,1,15.970625
8714,52,6,2,15.049375
8715,52,6,3,14.2725
8716,52,6,4,14.045625
8717,52,6,5,14.12125
8718,52,6,6,14.0525
8719,52,6,7,15.3725
8720,52,6,8,18.04
8721,52,6,9,19.573125
8722,52,6,10,20.9
8723,52,6,11,22.226875
8724,52,6,12,22.89375
8725,52,6,13,22.72875
8726,52,6,14,22.72875
8727,52,6,15,22.20625
8728,52,6,16,21.759375
8729,52,6,17,21.663125
8730,52,6,18,21.195625
8731,52,6,19,21.60125
8732,52,6,20,21.704375
8733,52,6,21,22.419375
8734,52,6,22,22.3575
8735,52,6,23,20.55625
