horizon_hour,week,weekday,hour,wind_ab_mw,wind_ka_mw
0,1,0,0,0.0,0.0
1,1,0,1,0.0,0.0
2,1,0,2,0.0,0.0
3,1,0,3,0.0,0.0
4,1,0,4,0.0,0.0
5,1,0,5,0.0,0.0
6,1,0,6,0.0,0.0
7,1,0,7,0.0,0.0
8,1,0,8,0.0,0.0
9,1,0,9,0.0,0.0
10,1,0,10,0.0,0.0
11,1,0,11,0.134976,0.0
12,1,0,12,0.180912,0.0
13,1,0,13,0.151212,0.0
14,1,0,14,0.143292,0.0
15,1,0,15,0.216156,0.0
16,1,0,16,0.47008,0.100524
17,1,0,17,1.3686,0.0
18,1,0,18,1.0032,0.0
19,1,0,19,0.23952,0.0
20,1,0,20,0.352776,0.0
21,1,0,21,0.583648,0.0
22,1,0,22,0.730704,0.0
23,1,0,23,0.636064,0.0
24,1,1,0,0.727792,0.0
25,1,1,1,0.731432,0.0
26,1,1,2,1.23,0.0
27,1,1,3,1.57861,0.0
28,1,1,4,1.761834,0.0
29,1,1,5,1.821258,0.0
30,1,1,6,1.11555,0.0
31,1,1,7,0.536328,0.0
32,1,1,8,0.879944,0.0
33,1,1,9,0.907608,0.0
34,1,1,10,0.891592,0.127452
35,1,1,11,0.872664,0.201504
36,1,1,12,0.802776,0.270804
37,1,1,13,1.34865,0.298524
38,1,1,14,1.42845,0.22962
39,1,1,15,1.647938,0.115572
40,1,1,16,1.30245,0.0
41,1,1,17,1.51671,0.0
42,1,1,18,0.545064,0.0
43,1,1,19,0.0,0.0
44,1,1,20,0.0,0.0
45,1,1,21,0.0,0.0
46,1,1,22,0.0,0.0
47,1,1,23,0.0,0.0
48,1,2,0,0.0,0.0
49,1,2,1,0.0,0.0
50,1,2,2,0.0,0.0
51,1,2,3,0.0,0.0
52,1,2,4,0.0,0.0
53,1,2,5,0.0,0.0
54,1,2,6,0.0,0.0
55,1,2,7,0.0,0.0
56,1,2,8,0.0,0.0
57,1,2,9,0.0,0.0
58,1,2,10,0.0,0.0
59,1,2,11,0.0,0.0
60,1,2,12,0.0,0.0
61,1,2,13,0.0,0.0
62,1,2,14,0.201108,0.0
63,1,2,15,0.248232,0.0
64,1,2,16,0.136956,0.0
65,1,2,17,0.51376,0.0
66,1,2,18,0.449696,0.0
67,1,2,19,0.259716,0.0
68,1,2,20,0.610584,0.0
69,1,2,21,0.317532,0.0
70,1,2,22,0.25536,0.0
71,1,2,23,0.22764,0.0
72,1,3,0,0.093792,0.0
73,1,3,1,0.0,0.0
74,1,3,2,0.0,0.0
75,1,3,3,0.0,0.0
76,1,3,4,0.0,0.0
77,1,3,5,0.0,0.0
78,1,3,6,0.0,0.0
79,1,3,7,0.0,0.0
80,1,3,8,0.0,0.0
81,1,3,9,0.0,0.0
82,1,3,10,0.0,0.0
83,1,3,11,0.0,0.0
84,1,3,12,0.0,0.0
85,1,3,13,0.0,0.0
86,1,3,14,0.0,0.0
87,1,3,15,0.0,0.0
88,1,3,16,0.339708,0.143688
89,1,3,17,0.924352,0.0
90,1,3,18,1.2573,0.0
91,1,3,19,1.14075,0.0
92,1,3,20,1.14285,0.0
93,1,3,21,0.9969,0.0
94,1,3,22,0.871208,0.0
95,1,3,23,0.689936,0.0
96,1,4,0,0.170616,0.0
97,1,4,1,0.0,0.0
98,1,4,2,0.0,0.0
99,1,4,3,0.0,0.0
100,1,4,4,0.325848,0.0
101,1,4,5,0.3108,0.0
102,1,4,6,0.673192,0.0
103,1,4,7,0.755456,0.0
104,1,4,8,0.486824,0.0
105,1,4,9,0.220512,0.0
106,1,4,10,0.0,0.0
107,1,4,11,0.0,0.0
108,1,4,12,0.0,0.0
109,1,4,13,0.0,0.0
110,1,4,14,0.144876,0.0
111,1,4,15,0.207444,0.0
112,1,4,16,0.345252,0.0
113,1,4,17,0.541424,0.0
114,1,4,18,0.481,0.0
115,1,4,19,0.470808,0.0
116,1,4,20,0.365448,0.0
117,1,4,21,0.323472,0.0
118,1,4,22,0.297336,0.0
119,1,4,23,0.358716,0.0
120,1,5,0,0.369804,0.0
121,1,5,1,0.0,0.0
122,1,5,2,0.132204,0.0
123,1,5,3,0.0,0.0
124,1,5,4,0.0,0.0
125,1,5,5,0.114384,0.0
126,1,5,6,0.0,0.0
127,1,5,7,0.0,0.0
128,1,5,8,0.0,0.0
129,1,5,9,0.0,0.0
130,1,5,10,0.0,0.0
131,1,5,11,0.0,0.0
132,1,5,12,0.0,0.0
133,1,5,13,0.0,0.0
134,1,5,14,0.0,0.0
135,1,5,15,0.0,0.0
136,1,5,16,0.0,0.0
137,1,5,17,0.116364,0.0
138,1,5,18,0.175764,0.0
139,1,5,19,0.275952,0.0
140,1,5,20,0.0,0.0
141,1,5,21,0.0,0.0
142,1,5,22,0.0,0.0
143,1,5,23,0.0,0.0
144,1,6,0,0.0,0.0
145,1,6,1,0.0,0.0
146,1,6,2,0.0,0.0
147,1,6,3,0.0,0.0
148,1,6,4,0.0,0.0
149,1,6,5,0.0,0.0
150,1,6,6,0.0,0.0
151,1,6,7,0.0,0.0
152,1,6,8,0.0,0.0
153,1,6,9,0.0,0.0
154,1,6,10,0.0,0.0
155,1,6,11,0.0,0.0
156,1,6,12,0.0,0.0
157,1,6,13,0.0,0.0
158,1,6,14,0.0,0.0
159,1,6,15,0.0,0.0
160,1,6,16,0.0,0.0
161,1,6,17,0.0,0.0
162,1,6,18,0.0,0.0
163,1,6,19,0.0,0.0
164,1,6,20,0.242688,0.0
165,1,6,21,0.098544,0.0
166,1,6,22,0.0,0.0
167,1,6,23,0.0,0.0
168,2,0,0,0.0,0.0
169,2,0,1,0.0,0.0
170,2,0,2,0.0,0.0
171,2,0,3,0.0,0.0
172,2,0,4,0.0,0.0
173,2,0,5,0.0,0.0
174,2,0,6,0.0,0.0
175,2,0,7,0.0,0.0
176,2,0,8,0.0,0.0
177,2,0,9,0.0,0.0
178,2,0,10,0.0,0.0
179,2,0,11,0.0,0.0
180,2,0,12,0.0,0.0
181,2,0,13,0.0,0.0
182,2,0,14,0.113196,0.0
183,2,0,15,0.159132,0.0
184,2,0,16,0.51376,0.0
185,2,0,17,0.886496,0.0
186,2,0,18,0.697944,0.0
187,2,0,19,0.94545,0.0
188,2,0,20,0.737984,0.0
189,2,0,21,0.297336,0.0
190,2,0,22,0.329016,0.0
191,2,0,23,0.691392,0.0
192,2,1,0,0.596752,0.0
193,2,1,1,0.0,0.0
194,2,1,2,0.19596,0.0
195,2,1,3,0.223284,0.0
196,2,1,4,0.264864,0.0
197,2,1,5,0.268428,0.0
198,2,1,6,0.167052,0.0
199,2,1,7,0.288624,0.0
200,2,1,8,0.198336,0.0
201,2,1,9,0.0,0.0
202,2,1,10,0.149232,0.0
203,2,1,11,0.114384,0.0
204,2,1,12,0.358716,0.098544
205,2,1,13,0.357132,0.0
206,2,1,14,0.368616,0.0
207,2,1,15,0.348024,0.116364
208,2,1,16,0.8268,0.12666
209,2,1,17,1.1922,0.0
210,2,1,18,1.14075,0.0
211,2,1,19,1.01265,0.0
212,2,1,20,0.861016,0.0
213,2,1,21,0.465712,0.0
214,2,1,22,0.300108,0.0
215,2,1,23,0.228432,0.0
216,2,2,0,0.0,0.0
217,2,2,1,0.09696,0.0
218,2,2,2,0.176952,0.0
219,2,2,3,0.166656,0.0
220,2,2,4,0.26724,0.0
221,2,2,5,0.0,0.0
222,2,2,6,0.0,0.0
223,2,2,7,0.0,0.0
224,2,2,8,0.0,0.0
225,2,2,9,0.0,0.0
226,2,2,10,0.0,0.0
227,2,2,11,0.0,0.0
228,2,2,12,0.0,0.0
229,2,2,13,0.0,0.0
230,2,2,14,0.0,0.0
231,2,2,15,0.0,0.0
232,2,2,16,0.360696,0.101316
233,2,2,17,0.432952,0.0
234,2,2,18,0.361884,0.0
235,2,2,19,0.0,0.0
236,2,2,20,0.0,0.0
237,2,2,21,0.0,0.0
238,2,2,22,0.0,0.0
239,2,2,23,0.0,0.0
240,2,3,0,0.0,0.0
241,2,3,1,0.0,0.0
242,2,3,2,0.0,0.0
243,2,3,3,0.0,0.0
244,2,3,4,0.0,0.0
245,2,3,5,0.0,0.0
246,2,3,6,0.0,0.0
247,2,3,7,0.111612,0.0
248,2,3,8,0.0,0.0
249,2,3,9,0.132996,0.0
250,2,3,10,0.396552,0.0
251,2,3,11,0.613496,0.0
252,2,3,12,0.700856,0.0
253,2,3,13,0.49556,0.0
254,2,3,14,0.388812,0.0
255,2,3,15,0.22368,0.0
256,2,3,16,0.0,0.0
257,2,3,17,0.0,0.0
258,2,3,18,0.172992,0.0
259,2,3,19,0.224868,0.0
260,2,3,20,0.0,0.0
261,2,3,21,0.215364,0.0
262,2,3,22,0.262884,0.0
263,2,3,23,0.0,0.0
264,2,4,0,0.0,0.0
265,2,4,1,0.0,0.0
266,2,4,2,0.0,0.0
267,2,4,3,0.0,0.0
268,2,4,4,0.0,0.0
269,2,4,5,0.0,0.0
270,2,4,6,0.0,0.0
271,2,4,7,0.0,0.0
272,2,4,8,0.0,0.0
273,2,4,9,0.0,0.0
274,2,4,10,0.0,0.0
275,2,4,11,0.0,0.0
276,2,4,12,0.0,0.0
277,2,4,13,0.0,0.0
278,2,4,14,0.0,0.0
279,2,4,15,0.0,0.0
280,2,4,16,0.0,0.0
281,2,4,17,0.0,0.0
282,2,4,18,0.0,0.0
283,2,4,19,0.0,0.0
284,2,4,20,0.211404,0.0
285,2,4,21,0.133392,0.0
286,2,4,22,0.0,0.0
287,2,4,23,0.0,0.0
288,2,5,0,0.0,0.0
289,2,5,1,0.2217,0.0
290,2,5,2,0.0,0.0
291,2,5,3,0.0,0.0
292,2,5,4,0.0,0.0
293,2,5,5,0.0,0.0
294,2,5,6,0.0,0.0
295,2,5,7,0.0,0.0
296,2,5,8,0.0,0.0
297,2,5,9,0.0,0.0
298,2,5,10,0.0,0.0
299,2,5,11,0.278328,0.0
300,2,5,12,0.309612,0.0
301,2,5,13,0.264864,0.0
302,2,5,14,0.176556,0.0
303,2,5,15,0.0,0.0
304,2,5,16,0.0,0.0
305,2,5,17,0.0,0.0
306,2,5,18,0.0,0.0
307,2,5,19,0.0,0.0
308,2,5,20,0.0,0.0
309,2,5,21,0.0,0.0
310,2,5,22,0.0,0.0
311,2,5,23,0.0,0.0
312,2,6,0,0.0,0.0
313,2,6,1,0.0,0.0
314,2,6,2,0.0,0.0
315,2,6,3,0.0,0.0
316,2,6,4,0.22566,0.0
317,2,6,5,0.0,0.0
318,2,6,6,0.0,0.0
319,2,6,7,0.0,0.0
320,2,6,8,0.0,0.0
321,2,6,9,0.0,0.0
322,2,6,10,0.0,0.0
323,2,6,11,0.0,0.0
324,2,6,12,0.0,0.0
325,2,6,13,0.0,0.0
326,2,6,14,0.0,0.0
327,2,6,15,0.2811,0.0
328,2,6,16,0.408928,0.0
329,2,6,17,0.682656,0.0
330,2,6,18,0.660088,0.0
331,2,6,19,0.601848,0.0
332,2,6,20,0.649168,0.0
333,2,6,21,0.22962,0.0
334,2,6,22,0.109632,0.0
335,2,6,23,0.0,0.0
336,3,0,0,0.0,0.0
337,3,0,1,0.0,0.0
338,3,0,2,0.0,0.0
339,3,0,3,0.0,0.0
340,3,0,4,0.245856,0.0
341,3,0,5,0.3405,0.0
342,3,0,6,0.291396,0.0
343,3,0,7,0.497016,0.0
344,3,0,8,0.72488,0.0
345,3,0,9,0.651352,0.0
346,3,0,10,0.895232,0.131412
347,3,0,11,0.9612,0.206256
348,3,0,12,1.02525,0.2613
349,3,0,13,0.877032,0.189228
350,3,0,14,0.751088,0.202296
351,3,0,15,0.755456,0.19002
352,3,0,16,1.0557,0.190416
353,3,0,17,1.0305,0.104484
354,3,0,18,1.05885,0.0
355,3,0,19,0.904696,0.0
356,3,0,20,1.1208,0.0
357,3,0,21,0.9178,0.0
358,3,0,22,0.861016,0.0
359,3,0,23,0.729248,0.0
360,3,1,0,0.385248,0.0
361,3,1,1,0.0,0.0
362,3,1,2,0.180516,0.0
363,3,1,3,0.226848,0.0
364,3,1,4,0.36228,0.0
365,3,1,5,0.173784,0.0
366,3,1,6,0.0,0.0
367,3,1,7,0.0,0.0
368,3,1,8,0.0,0.0
369,3,1,9,0.0,0.0
370,3,1,10,0.0,0.0
371,3,1,11,0.0,0.0
372,3,1,12,0.0,0.0
373,3,1,13,0.0,0.0
374,3,1,14,0.0,0.0
375,3,1,15,0.0,0.0
376,3,1,16,0.287436,0.0
377,3,1,17,0.296544,0.0
378,3,1,18,0.39728,0.0
379,3,1,19,0.247044,0.0
380,3,1,20,0.103692,0.0
381,3,1,21,0.0,0.0
382,3,1,22,0.0,0.0
383,3,1,23,0.0,0.0
384,3,2,0,0.0,0.0
385,3,2,1,0.0,0.0
386,3,2,2,0.0,0.0
387,3,2,3,0.0,0.0
388,3,2,4,0.0,0.0
389,3,2,5,0.0,0.0
390,3,2,6,0.0,0.0
391,3,2,7,0.0,0.0
392,3,2,8,0.0,0.0
393,3,2,9,0.0,0.0
394,3,2,10,0.0,0.0
395,3,2,11,0.0,0.0
396,3,2,12,0.0,0.0
397,3,2,13,0.0,0.0
398,3,2,14,0.0,0.0
399,3,2,15,0.0,0.0
400,3,2,16,0.0,0.0
401,3,2,17,0.0,0.0
402,3,2,18,0.0,0.0
403,3,2,19,0.0,0.0
404,3,2,20,0.0,0.0
405,3,2,21,0.0,0.0
406,3,2,22,0.0,0.0
407,3,2,23,0.0,0.0
408,3,3,0,0.0,0.0
409,3,3,1,0.0,0.0
410,3,3,2,0.0,0.0
411,3,3,3,0.0,0.0
412,3,3,4,0.0,0.0
413,3,3,5,0.112404,0.0
414,3,3,6,0.0,0.0
415,3,3,7,0.0,0.0
416,3,3,8,0.0,0.0
417,3,3,9,0.0,0.0
418,3,3,10,0.0,0.0
419,3,3,11,0.0,0.0
420,3,3,12,0.0,0.0
421,3,3,13,0.0,0.0
422,3,3,14,0.0,0.0
423,3,3,15,0.113988,0.0
424,3,3,16,0.260904,0.0
425,3,3,17,0.243084,0.0
426,3,3,18,0.0,0.0
427,3,3,19,0.0,0.0
428,3,3,20,0.0,0.0
429,3,3,21,0.131016,0.0
430,3,3,22,0.121908,0.0
431,3,3,23,0.0,0.0
432,3,4,0,0.0,0.0
433,3,4,1,0.101712,0.0
434,3,4,2,0.0,0.0
435,3,4,3,0.0,0.0
436,3,4,4,0.203088,0.0
437,3,4,5,0.249816,0.0
438,3,4,6,0.285852,0.0
439,3,4,7,0.37812,0.0
440,3,4,8,0.461344,0.0
441,3,4,9,0.547976,0.0
442,3,4,10,0.36426,0.0
443,3,4,11,0.24942,0.0
444,3,4,12,0.322284,0.0
445,3,4,13,0.347628,0.0
446,3,4,14,0.258528,0.0
447,3,4,15,0.194376,0.0
448,3,4,16,0.23358,0.0
449,3,4,17,0.0,0.0
450,3,4,18,0.0,0.0
451,3,4,19,0.0,0.0
452,3,4,20,0.0,0.0
453,3,4,21,0.2118,0.0
454,3,4,22,0.155172,0.0
455,3,4,23,0.0,0.0
456,3,5,0,0.0,0.0
457,3,5,1,0.0,0.0
458,3,5,2,0.0,0.0
459,3,5,3,0.0,0.0
460,3,5,4,0.0,0.0
461,3,5,5,0.0,0.0
462,3,5,6,0.0,0.0
463,3,5,7,0.0,0.0
464,3,5,8,0.0,0.0
465,3,5,9,0.14052,0.0
466,3,5,10,0.0,0.0
467,3,5,11,0.153984,0.0
468,3,5,12,0.094584,0.0
469,3,5,13,0.0,0.0
470,3,5,14,0.0,0.0
471,3,5,15,0.0,0.0
472,3,5,16,0.0,0.0
473,3,5,17,0.0,0.0
474,3,5,18,0.0,0.0
475,3,5,19,0.0,0.0
476,3,5,20,0.242688,0.0
477,3,5,21,0.281496,0.0
478,3,5,22,0.153588,0.0
479,3,5,23,0.0,0.0
480,3,6,0,0.0,0.0
481,3,6,1,0.0,0.0
482,3,6,2,0.0,0.0
483,3,6,3,0.0,0.0
484,3,6,4,0.230412,0.0
485,3,6,5,0.28506,0.0
486,3,6,6,0.1227,0.0
487,3,6,7,0.142104,0.0
488,3,6,8,0.101712,0.0
489,3,6,9,0.0,0.0
490,3,6,10,0.168636,0.0
491,3,6,11,0.0,0.0
492,3,6,12,0.171012,0.0
493,3,6,13,0.0,0.0
494,3,6,14,0.0,0.0
495,3,6,15,0.0,0.0
496,3,6,16,0.0,0.0
497,3,6,17,0.0,0.0
498,3,6,18,0.0,0.0
499,3,6,19,0.0,0.0
500,3,6,20,0.0,0.0
501,3,6,21,0.0,0.0
502,3,6,22,0.0,0.0
503,3,6,23,0.0,0.0
504,4,0,0,0.101316,0.0
505,4,0,1,0.0,0.0
506,4,0,2,0.0,0.0
507,4,0,3,0.0,0.0
508,4,0,4,0.0,0.0
509,4,0,5,0.0,0.0
510,4,0,6,0.0,0.0
511,4,0,7,0.0,0.0
512,4,0,8,0.0,0.0
513,4,0,9,0.0,0.0
514,4,0,10,0.0,0.0
515,4,0,11,0.0,0.0
516,4,0,12,0.0,0.0
517,4,0,13,0.0,0.0
518,4,0,14,0.0,0.0
519,4,0,15,0.0,0.0
520,4,0,16,0.0,0.0
521,4,0,17,0.0,0.0
522,4,0,18,0.0,0.0
523,4,0,19,0.0,0.0
524,4,0,20,0.0,0.0
525,4,0,21,0.0,0.0
526,4,0,22,0.0,0.0
527,4,0,23,0.0,0.0
528,4,1,0,0.0,0.0
529,4,1,1,0.0,0.0
530,4,1,2,0.0,0.0
531,4,1,3,0.0,0.0
532,4,1,4,0.0,0.0
533,4,1,5,0.0,0.0
534,4,1,6,0.0,0.0
535,4,1,7,0.0,0.0
536,4,1,8,0.0,0.0
537,4,1,9,0.0,0.0
538,4,1,10,0.0,0.0
539,4,1,11,0.0,0.0
540,4,1,12,0.0,0.0
541,4,1,13,0.0,0.0
542,4,1,14,0.0,0.0
543,4,1,15,0.145668,0.0
544,4,1,16,0.285456,0.0
545,4,1,17,0.349608,0.0
546,4,1,18,0.0,0.0
547,4,1,19,0.0,0.0
548,4,1,20,0.0,0.0
549,4,1,21,0.0,0.0
550,4,1,22,0.0,0.0
551,4,1,23,0.0,0.0
552,4,2,0,0.0,0.0
553,4,2,1,0.0,0.0
554,4,2,2,0.0,0.0
555,4,2,3,0.0,0.0
556,4,2,4,0.0,0.0
557,4,2,5,0.0,0.0
558,4,2,6,0.0,0.0
559,4,2,7,0.0,0.0
560,4,2,8,0.0,0.0
561,4,2,9,0.0,0.0
562,4,2,10,0.0,0.0
563,4,2,11,0.0,0.0
564,4,2,12,0.0,0.0
565,4,2,13,0.0,0.0
566,4,2,14,0.0,0.0
567,4,2,15,0.0,0.0
568,4,2,16,0.0,0.0
569,4,2,17,0.0,0.0
570,4,2,18,0.0,0.0
571,4,2,19,0.0,0.0
572,4,2,20,0.2316,0.0
573,4,2,21,0.78312,0.0
574,4,2,22,0.526136,0.0
575,4,2,23,0.19398,0.0
576,4,3,0,0.192792,0.0
577,4,3,1,0.131808,0.0
578,4,3,2,0.0,0.0
579,4,3,3,0.0,0.0
580,4,3,4,0.0,0.0
581,4,3,5,0.0,0.0
582,4,3,6,0.0,0.0
583,4,3,7,0.0,0.0
584,4,3,8,0.0,0.0
585,4,3,9,0.0,0.0
586,4,3,10,0.0,0.0
587,4,3,11,0.0,0.0
588,4,3,12,0.0,0.0
589,4,3,13,0.0,0.0
590,4,3,14,0.0,0.0
591,4,3,15,0.0,0.0
592,4,3,16,0.14052,0.0
593,4,3,17,0.232788,0.0
594,4,3,18,0.431496,0.0
595,4,3,19,0.748176,0.0
596,4,3,20,0.919256,0.0
597,4,3,21,1.11135,0.0
598,4,3,22,1.01895,0.0
599,4,3,23,1.06095,0.0
600,4,4,0,1.03575,0.0
601,4,4,1,0.14844,0.0
602,4,4,2,0.25536,0.0
603,4,4,3,0.248232,0.0
604,4,4,4,0.0,0.0
605,4,4,5,0.0,0.0
606,4,4,6,0.0,0.0
607,4,4,7,0.0,0.0
608,4,4,8,0.0,0.0
609,4,4,9,0.0,0.0
610,4,4,10,0.157944,0.0
611,4,4,11,0.144876,0.0
612,4,4,12,0.195564,0.0
613,4,4,13,0.355944,0.0
614,4,4,14,0.515944,0.0
615,4,4,15,0.695032,0.142896
616,4,4,16,1.1586,0.179328
617,4,4,17,1.602132,0.0
618,4,4,18,1.967342,0.0
619,4,4,19,1.4505,0.0
620,4,4,20,1.1187,0.0
621,4,4,21,0.0,0.0
622,4,4,22,0.0,0.0
623,4,4,23,0.311196,0.0
624,4,5,0,0.600392,0.0
625,4,5,1,0.630968,0.0
626,4,5,2,0.6994,0.0
627,4,5,3,0.679016,0.0
628,4,5,4,0.777296,0.0
629,4,5,5,0.788216,0.0
630,4,5,6,1.3518,0.0
631,4,5,7,1.854684,0.0
632,4,5,8,1.517948,0.0
633,4,5,9,1.0809,0.0
634,4,5,10,0.713232,0.0
635,4,5,11,0.321492,0.0
636,4,5,12,0.155964,0.0
637,4,5,13,0.138144,0.0
638,4,5,14,0.210216,0.0
639,4,5,15,0.321492,0.0
640,4,5,16,0.273972,0.0
641,4,5,17,0.208632,0.0
642,4,5,18,0.245064,0.0
643,4,5,19,0.249024,0.0
644,4,5,20,0.260112,0.0
645,4,5,21,0.0,0.0
646,4,5,22,0.0,0.0
647,4,5,23,0.0,0.0
648,4,6,0,0.0,0.0
649,4,6,1,0.0,0.0
650,4,6,2,0.0,0.0
651,4,6,3,0.0,0.0
652,4,6,4,0.0,0.0
653,4,6,5,0.0,0.0
654,4,6,6,0.0,0.0
655,4,6,7,0.0,0.0
656,4,6,8,0.0,0.0
657,4,6,9,0.0,0.0
658,4,6,10,0.0,0.0
659,4,6,11,0.0,0.0
660,4,6,12,0.0,0.0
661,4,6,13,0.0,0.0
662,4,6,14,0.0,0.0
663,4,6,15,0.0,0.0
664,4,6,16,0.0,0.0
665,4,6,17,0.0,0.0
666,4,6,18,0.0,0.0
667,4,6,19,0.0,0.0
668,4,6,20,0.271596,0.0
669,4,6,21,0.857376,0.0
670,4,6,22,0.628784,0.0
671,4,6,23,0.354756,0.0
672,5,0,0,0.096564,0.0
673,5,0,1,0.0,0.0
674,5,0,2,0.0,0.0
675,5,0,3,0.0,0.0
676,5,0,4,0.0,0.0
677,5,0,5,0.0,0.0
678,5,0,6,0.0,0.0
679,5,0,7,0.0,0.0
680,5,0,8,0.0,0.0
681,5,0,9,0.0,0.0
682,5,0,10,0.0,0.0
683,5,0,11,0.0,0.0
684,5,0,12,0.0,0.0
685,5,0,13,0.0,0.0
686,5,0,14,0.0,0.0
687,5,0,15,0.0,0.0
688,5,0,16,0.0,0.0
689,5,0,17,0.0,0.0
690,5,0,18,0.20586,0.0
691,5,0,19,0.0,0.0
692,5,0,20,0.0,0.0
693,5,0,21,0.0,0.0
694,5,0,22,0.0,0.0
695,5,0,23,0.0,0.0
696,5,1,0,0.0,0.0
697,5,1,1,0.0,0.0
698,5,1,2,0.0,0.0
699,5,1,3,0.0,0.0
700,5,1,4,0.0,0.0
701,5,1,5,0.0,0.0
702,5,1,6,0.0,0.0
703,5,1,7,0.0,0.0
704,5,1,8,0.0,0.0
705,5,1,9,0.0,0.0
706,5,1,10,0.0,0.0
707,5,1,11,0.0,0.0
708,5,1,12,0.0,0.0
709,5,1,13,0.184872,0.0
710,5,1,14,0.0,0.0
711,5,1,15,0.0,0.0
712,5,1,16,0.0,0.0
713,5,1,17,0.0,0.0
714,5,1,18,0.0,0.0
715,5,1,19,0.0,0.0
716,5,1,20,0.0,0.0
717,5,1,21,0.0,0.0
718,5,1,22,0.0,0.0
719,5,1,23,0.0,0.0
720,5,2,0,0.0,0.0
721,5,2,1,0.16626,0.0
722,5,2,2,0.108048,0.0
723,5,2,3,0.0,0.0
724,5,2,4,0.256152,0.0
725,5,2,5,0.372576,0.0
726,5,2,6,0.365052,0.0
727,5,2,7,0.413296,0.0
728,5,2,8,0.602576,0.0
729,5,2,9,0.422032,0.0
730,5,2,10,0.23952,0.0
731,5,2,11,0.153588,0.0
732,5,2,12,0.10686,0.0
733,5,2,13,0.0,0.0
734,5,2,14,0.144084,0.0
735,5,2,15,0.259716,0.0
736,5,2,16,0.58292,0.0
737,5,2,17,0.8814,0.0
738,5,2,18,0.786032,0.0
739,5,2,19,0.516672,0.0
740,5,2,20,0.300504,0.0
741,5,2,21,0.234768,0.0
742,5,2,22,0.272784,0.0
743,5,2,23,0.0,0.0
744,5,3,0,0.0,0.0
745,5,3,1,0.0,0.0
746,5,3,2,0.0,0.0
747,5,3,3,0.0,0.0
748,5,3,4,0.0,0.0
749,5,3,5,0.0,0.0
750,5,3,6,0.0,0.0
751,5,3,7,0.0,0.0
752,5,3,8,0.0,0.0
753,5,3,9,0.0,0.0
754,5,3,10,0.0,0.0
755,5,3,11,0.0,0.0
756,5,3,12,0.0,0.0
757,5,3,13,0.0,0.0
758,5,3,14,0.0,0.0
759,5,3,15,0.246648,0.0
760,5,3,16,0.359112,0.0
761,5,3,17,0.8086,0.0
762,5,3,18,0.845,0.0
763,5,3,19,0.526136,0.0
764,5,3,20,0.225264,0.0
765,5,3,21,0.0,0.0
766,5,3,22,0.0,0.0
767,5,3,23,0.0,0.0
768,5,4,0,0.0,0.0
769,5,4,1,0.0,0.0
770,5,4,2,0.0,0.0
771,5,4,3,0.0,0.0
772,5,4,4,0.0,0.0
773,5,4,5,0.0,0.0
774,5,4,6,0.0,0.0
775,5,4,7,0.0,0.0
776,5,4,8,0.0,0.0
777,5,4,9,0.0,0.0
778,5,4,10,0.0,0.0
779,5,4,11,0.0,0.0
780,5,4,12,0.0,0.0
781,5,4,13,0.0,0.0
782,5,4,14,0.0,0.0
783,5,4,15,0.167448,0.0
784,5,4,16,0.14844,0.0
785,5,4,17,0.544336,0.0
786,5,4,18,0.31872,0.0
787,5,4,19,0.0,0.0
788,5,4,20,0.0,0.0
789,5,4,21,0.0,0.0
790,5,4,22,0.0,0.0
791,5,4,23,0.0,0.0
792,5,5,0,0.0,0.0
793,5,5,1,0.231204,0.0
794,5,5,2,0.0,0.0
795,5,5,3,0.0,0.0
796,5,5,4,0.184872,0.0
797,5,5,5,0.0,0.0
798,5,5,6,0.0,0.0
799,5,5,7,0.0,0.0
800,5,5,8,0.0,0.0
801,5,5,9,0.0,0.0
802,5,5,10,0.0,0.0
803,5,5,11,0.0,0.0
804,5,5,12,0.0,0.0
805,5,5,13,0.0,0.0
806,5,5,14,0.0,0.0
807,5,5,15,0.0,0.0
808,5,5,16,0.0,0.0
809,5,5,17,0.0,0.0
810,5,5,18,0.0,0.0
811,5,5,19,0.329808,0.0
812,5,5,20,0.845,0.0
813,5,5,21,0.810784,0.0
814,5,5,22,0.668096,0.0
815,5,5,23,0.602576,0.0
816,5,6,0,0.427856,0.0
817,5,6,1,0.338916,0.0
818,5,6,2,0.744536,0.0
819,5,6,3,0.610584,0.0
820,5,6,4,0.917072,0.0
821,5,6,5,0.781664,0.0
822,5,6,6,0.911976,0.0
823,5,6,7,0.527592,0.0
824,5,6,8,0.7176,0.0
825,5,6,9,0.497744,0.0
826,5,6,10,0.3207,0.0
827,5,6,11,0.174972,0.0
828,5,6,12,0.194376,0.0
829,5,6,13,0.389604,0.0
830,5,6,14,0.453336,0.0
831,5,6,15,0.627328,0.0
832,5,6,16,0.807144,0.0
833,5,6,17,0.625144,0.0
834,5,6,18,0.0,0.0
835,5,6,19,0.0,0.0
836,5,6,20,0.0,0.0
837,5,6,21,0.0,0.0
838,5,6,22,0.0,0.0
839,5,6,23,0.0,0.0
840,6,0,0,0.0,0.0
841,6,0,1,0.0,0.0
842,6,0,2,0.0,0.0
843,6,0,3,0.0,0.0
844,6,0,4,0.0,0.0
845,6,0,5,0.0,0.0
846,6,0,6,0.0,0.0
847,6,0,7,0.0,0.0
848,6,0,8,0.0,0.0
849,6,0,9,0.0,0.0
850,6,0,10,0.0,0.0
851,6,0,11,0.0,0.0
852,6,0,12,0.0,0.0
853,6,0,13,0.0,0.0
854,6,0,14,0.0,0.0
855,6,0,15,0.181704,0.0
856,6,0,16,0.166656,0.0
857,6,0,17,0.10686,0.0
858,6,0,18,0.0,0.0
859,6,0,19,0.178932,0.0
860,6,0,20,0.0,0.0
861,6,0,21,0.0,0.0
862,6,0,22,0.0,0.0
863,6,0,23,0.0,0.0
864,6,1,0,0.125076,0.0
865,6,1,1,0.0,0.0
866,6,1,2,0.0,0.0
867,6,1,3,0.0,0.0
868,6,1,4,0.0,0.0
869,6,1,5,0.0,0.0
870,6,1,6,0.0,0.0
871,6,1,7,0.0,0.0
872,6,1,8,0.0,0.0
873,6,1,9,0.0,0.0
874,6,1,10,0.0,0.0
875,6,1,11,0.0,0.0
876,6,1,12,0.0,0.0
877,6,1,13,0.0,0.0
878,6,1,14,0.0,0.0
879,6,1,15,0.0,0.0
880,6,1,16,0.0,0.0
881,6,1,17,0.0,0.0
882,6,1,18,0.0,0.0
883,6,1,19,0.0,0.0
884,6,1,20,0.0,0.0
885,6,1,21,0.0,0.0
886,6,1,22,0.0,0.0
887,6,1,23,0.0,0.0
888,6,2,0,0.0,0.0
889,6,2,1,0.12864,0.0
890,6,2,2,0.0,0.0
891,6,2,3,0.0,0.0
892,6,2,4,0.0,0.0
893,6,2,5,0.0,0.0
894,6,2,6,0.0,0.0
895,6,2,7,0.0,0.0
896,6,2,8,0.0,0.0
897,6,2,9,0.0,0.0
898,6,2,10,0.0,0.0
899,6,2,11,0.0,0.0
900,6,2,12,0.0,0.0
901,6,2,13,0.0,0.0
902,6,2,14,0.0,0.0
903,6,2,15,0.0,0.0
904,6,2,16,0.0,0.0
905,6,2,17,0.0,0.0
906,6,2,18,0.0,0.0
907,6,2,19,0.0,0.0
908,6,2,20,0.0,0.0
909,6,2,21,0.0,0.0
910,6,2,22,0.0,0.0
911,6,2,23,0.0,0.0
912,6,3,0,0.0,0.0
913,6,3,1,0.0,0.0
914,6,3,2,0.0,0.0
915,6,3,3,0.0,0.0
916,6,3,4,0.156756,0.0
917,6,3,5,0.230808,0.0
918,6,3,6,0.0,0.0
919,6,3,7,0.0,0.0
920,6,3,8,0.0,0.0
921,6,3,9,0.0,0.0
922,6,3,10,0.0,0.0
923,6,3,11,0.0,0.0
924,6,3,12,0.0,0.0
925,6,3,13,0.0,0.0
926,6,3,14,0.0,0.0
927,6,3,15,0.184476,0.0
928,6,3,16,0.220116,0.0
929,6,3,17,0.401648,0.0
930,6,3,18,0.365052,0.0
931,6,3,19,0.406744,0.0
932,6,3,20,0.251796,0.0
933,6,3,21,0.0,0.0
934,6,3,22,0.0,0.0
935,6,3,23,0.0,0.0
936,6,4,0,0.0,0.0
937,6,4,1,0.0,0.0
938,6,4,2,0.0,0.0
939,6,4,3,0.0,0.0
940,6,4,4,0.0,0.0
941,6,4,5,0.0,0.0
942,6,4,6,0.0,0.0
943,6,4,7,0.0,0.0
944,6,4,8,0.0,0.0
945,6,4,9,0.0,0.0
946,6,4,10,0.0,0.0
947,6,4,11,0.0,0.0
948,6,4,12,0.0,0.0
949,6,4,13,0.0,0.0
950,6,4,14,0.0,0.0
951,6,4,15,0.0,0.0
952,6,4,16,0.0,0.0
953,6,4,17,0.0,0.0
954,6,4,18,0.0,0.0
955,6,4,19,0.0,0.0
956,6,4,20,0.140916,0.0
957,6,4,21,0.0,0.0
958,6,4,22,0.0,0.0
959,6,4,23,0.0,0.0
960,6,5,0,0.0,0.0
961,6,5,1,0.0,0.0
962,6,5,2,0.0,0.0
963,6,5,3,0.0,0.0
964,6,5,4,0.0,0.0
965,6,5,5,0.0,0.0
966,6,5,6,0.0,0.0
967,6,5,7,0.0,0.0
968,6,5,8,0.0,0.0
969,6,5,9,0.0,0.0
970,6,5,10,0.0,0.0
971,6,5,11,0.0,0.0
972,6,5,12,0.0,0.0
973,6,5,13,0.0,0.0
974,6,5,14,0.0,0.0
975,6,5,15,0.0,0.0
976,6,5,16,0.0,0.0
977,6,5,17,0.0,0.0
978,6,5,18,0.0,0.0
979,6,5,19,0.0,0.0
980,6,5,20,0.0,0.0
981,6,5,21,0.186852,0.0
982,6,5,22,0.614224,0.0
983,6,5,23,0.8814,0.0
984,6,6,0,0.605488,0.0
985,6,6,1,0.807144,0.0
986,6,6,2,0.369408,0.0
987,6,6,3,0.0,0.0
988,6,6,4,0.377328,0.0
989,6,6,5,0.308424,0.0
990,6,6,6,0.0,0.0
991,6,6,7,0.0,0.0
992,6,6,8,0.0,0.0
993,6,6,9,0.0,0.0
994,6,6,10,0.0,0.0
995,6,6,11,0.187644,0.0
996,6,6,12,0.221304,0.0
997,6,6,13,0.321492,0.0
998,6,6,14,0.187248,0.0
999,6,6,15,0.158736,0.0
1000,6,6,16,0.0,0.0
1001,6,6,17,0.0,0.0
1002,6,6,18,0.0,0.0
1003,6,6,19,0.168636,0.0
1004,6,6,20,0.0,0.0
1005,6,6,21,0.0,0.0
1006,6,6,22,0.0,0.0
1007,6,6,23,0.391456,0.0
1008,7,0,0,0.309612,0.0
1009,7,0,1,0.0,0.0
1010,7,0,2,0.140916,0.0
1011,7,0,3,0.096564,0.0
1012,7,0,4,0.384852,0.0
1013,7,0,5,0.478088,0.0
1014,7,0,6,0.285456,0.0
1015,7,0,7,0.1524,0.0
1016,7,0,8,0.0,0.0
1017,7,0,9,0.0,0.0
1018,7,0,10,0.0,0.0
1019,7,0,11,0.0,0.0
1020,7,0,12,0.0,0.0
1021,7,0,13,0.0,0.0
1022,7,0,14,0.131412,0.0
1023,7,0,15,0.0,0.0
1024,7,0,16,0.0,0.0
1025,7,0,17,0.0,0.0
1026,7,0,18,0.0,0.0
1027,7,0,19,0.0,0.0
1028,7,0,20,0.0,0.0
1029,7,0,21,0.0,0.0
1030,7,0,22,0.0,0.0
1031,7,0,23,0.0,0.0
1032,7,1,0,0.0,0.0
1033,7,1,1,0.0,0.0
1034,7,1,2,0.0,0.0
1035,7,1,3,0.10092,0.0
1036,7,1,4,0.12666,0.0
1037,7,1,5,0.0,0.0
1038,7,1,6,0.0,0.0
1039,7,1,7,0.0,0.0
1040,7,1,8,0.0,0.0
1041,7,1,9,0.0,0.0
1042,7,1,10,0.0,0.0
1043,7,1,11,0.0,0.0
1044,7,1,12,0.0,0.0
1045,7,1,13,0.0,0.0
1046,7,1,14,0.0,0.0
1047,7,1,15,0.0,0.0
1048,7,1,16,0.0,0.0
1049,7,1,17,0.0,0.0
1050,7,1,18,0.0,0.0
1051,7,1,19,0.0,0.0
1052,7,1,20,0.0,0.0
1053,7,1,21,0.0,0.0
1054,7,1,22,0.0,0.0
1055,7,1,23,0.0,0.0
1056,7,2,0,0.0,0.0
1057,7,2,1,0.0,0.0
1058,7,2,2,0.0,0.0
1059,7,2,3,0.0,0.0
1060,7,2,4,0.0,0.0
1061,7,2,5,0.0,0.0
1062,7,2,6,0.0,0.0
1063,7,2,7,0.0,0.0
1064,7,2,8,0.0,0.0
1065,7,2,9,0.256548,0.0
1066,7,2,10,0.283476,0.0
1067,7,2,11,0.12864,0.0
1068,7,2,12,0.115176,0.0
1069,7,2,13,0.25536,0.0
1070,7,2,14,0.386436,0.0
1071,7,2,15,0.465712,0.0
1072,7,2,16,0.256548,0.0
1073,7,2,17,0.174576,0.0
1074,7,2,18,0.19002,0.0
1075,7,2,19,0.15636,0.0
1076,7,2,20,0.228828,0.0
1077,7,2,21,0.754,0.0
1078,7,2,22,0.317136,0.0
1079,7,2,23,0.366636,0.0
1080,7,3,0,0.227244,0.0
1081,7,3,1,0.0,0.0
1082,7,3,2,0.0,0.0
1083,7,3,3,0.0,0.0
1084,7,3,4,0.0,0.0
1085,7,3,5,0.0,0.0
1086,7,3,6,0.0,0.0
1087,7,3,7,0.0,0.0
1088,7,3,8,0.0,0.0
1089,7,3,9,0.0,0.0
1090,7,3,10,0.0,0.0
1091,7,3,11,0.0,0.0
1092,7,3,12,0.0,0.0
1093,7,3,13,0.0,0.0
1094,7,3,14,0.28308,0.0
1095,7,3,15,0.50648,0.0
1096,7,3,16,0.639704,0.0
1097,7,3,17,0.416936,0.0
1098,7,3,18,0.196752,0.0
1099,7,3,19,0.0,0.0
1100,7,3,20,0.099732,0.0
1101,7,3,21,0.0,0.0
1102,7,3,22,0.0,0.0
1103,7,3,23,0.11874,0.0
1104,7,4,0,0.0,0.0
1105,7,4,1,0.0,0.0
1106,7,4,2,0.0,0.0
1107,7,4,3,0.0,0.0
1108,7,4,4,0.0,0.0
1109,7,4,5,0.0,0.0
1110,7,4,6,0.0,0.0
1111,7,4,7,0.0,0.0
1112,7,4,8,0.0,0.0
1113,7,4,9,0.0,0.0
1114,7,4,10,0.0,0.0
1115,7,4,11,0.0,0.0
1116,7,4,12,0.0,0.0
1117,7,4,13,0.0,0.0
1118,7,4,14,0.0,0.0
1119,7,4,15,0.0,0.0
1120,7,4,16,0.0,0.0
1121,7,4,17,0.0,0.0
1122,7,4,18,0.0,0.0
1123,7,4,19,0.0,0.0
1124,7,4,20,0.0,0.0
1125,7,4,21,0.0,0.0
1126,7,4,22,0.0,0.0
1127,7,4,23,0.0,0.0
1128,7,5,0,0.0,0.0
1129,7,5,1,0.0,0.0
1130,7,5,2,0.0,0.0
1131,7,5,3,0.0,0.0
1132,7,5,4,0.0,0.0
1133,7,5,5,0.0,0.0
1134,7,5,6,0.0,0.0
1135,7,5,7,0.0,0.0
1136,7,5,8,0.0,0.0
1137,7,5,9,0.0,0.0
1138,7,5,10,0.0,0.0
1139,7,5,11,0.0,0.0
1140,7,5,12,0.0,0.0
1141,7,5,13,0.0,0.0
1142,7,5,14,0.0,0.0
1143,7,5,15,0.104088,0.0
1144,7,5,16,0.0,0.0
1145,7,5,17,0.0,0.0
1146,7,5,18,0.0,0.0
1147,7,5,19,0.0,0.0
1148,7,5,20,0.0,0.0
1149,7,5,21,0.0,0.0
1150,7,5,22,0.0,0.0
1151,7,5,23,0.237144,0.0
1152,7,6,0,0.0,0.0
1153,7,6,1,0.0,0.0
1154,7,6,2,0.0,0.0
1155,7,6,3,0.0,0.0
1156,7,6,4,0.0,0.0
1157,7,6,5,0.0,0.0
1158,7,6,6,0.0,0.0
1159,7,6,7,0.0,0.0
1160,7,6,8,0.0,0.0
1161,7,6,9,0.0,0.0
1162,7,6,10,0.0,0.0
1163,7,6,11,0.0,0.0
1164,7,6,12,0.0,0.0
1165,7,6,13,0.207444,0.0
1166,7,6,14,0.363072,0.0
1167,7,6,15,0.596024,0.0
1168,7,6,16,1.01055,0.0
1169,7,6,17,0.89232,0.0
1170,7,6,18,0.74672,0.0
1171,7,6,19,0.49192,0.0
1172,7,6,20,0.485368,0.0
1173,7,6,21,0.101316,0.0
1174,7,6,22,0.0,0.0
1175,7,6,23,0.0,0.0
1176,8,0,0,0.0,0.0
1177,8,0,1,0.0,0.0
1178,8,0,2,0.0,0.0
1179,8,0,3,0.0,0.0
1180,8,0,4,0.0,0.0
1181,8,0,5,0.0,0.0
1182,8,0,6,0.0,0.0
1183,8,0,7,0.0,0.0
1184,8,0,8,0.0,0.0
1185,8,0,9,0.0,0.0
1186,8,0,10,0.0,0.0
1187,8,0,11,0.0,0.0
1188,8,0,12,0.0,0.0
1189,8,0,13,0.0,0.0
1190,8,0,14,0.0,0.0
1191,8,0,15,0.0,0.0
1192,8,0,16,0.0,0.0
1193,8,0,17,0.0,0.0
1194,8,0,18,0.0,0.0
1195,8,0,19,0.0,0.0
1196,8,0,20,0.0,0.0
1197,8,0,21,0.0,0.0
1198,8,0,22,0.113988,0.0
1199,8,0,23,0.0,0.0
1200,8,1,0,0.0,0.0
1201,8,1,1,0.0,0.0
1202,8,1,2,0.0,0.0
1203,8,1,3,0.0,0.0
1204,8,1,4,0.0,0.0
1205,8,1,5,0.0,0.0
1206,8,1,6,0.0,0.0
1207,8,1,7,0.0,0.0
1208,8,1,8,0.0,0.0
1209,8,1,9,0.0,0.0
1210,8,1,10,0.0,0.0
1211,8,1,11,0.0,0.0
1212,8,1,12,0.0,0.0
1213,8,1,13,0.0,0.0
1214,8,1,14,0.170616,0.0
1215,8,1,15,0.144084,0.0
1216,8,1,16,0.0,0.0
1217,8,1,17,0.0,0.0
1218,8,1,18,0.125472,0.0
1219,8,1,19,0.102108,0.0
1220,8,1,20,0.215364,0.0
1221,8,1,21,0.373368,0.0
1222,8,1,22,0.161112,0.0
1223,8,1,23,0.0,0.0
1224,8,2,0,0.0,0.0
1225,8,2,1,0.0,0.0
1226,8,2,2,0.0,0.0
1227,8,2,3,0.0,0.0
1228,8,2,4,0.0,0.0
1229,8,2,5,0.121116,0.0
1230,8,2,6,0.100128,0.0
1231,8,2,7,0.0,0.0
1232,8,2,8,0.0,0.0
1233,8,2,9,0.0,0.0
1234,8,2,10,0.0,0.0
1235,8,2,11,0.0,0.0
1236,8,2,12,0.0,0.0
1237,8,2,13,0.0,0.0
1238,8,2,14,0.0,0.0
1239,8,2,15,0.0,0.0
1240,8,2,16,0.0,0.0
1241,8,2,17,0.0,0.0
1242,8,2,18,0.0,0.0
1243,8,2,19,0.188436,0.0
1244,8,2,20,0.0,0.0
1245,8,2,21,0.0,0.0
1246,8,2,22,0.0,0.0
1247,8,2,23,0.0,0.0
1248,8,3,0,0.203088,0.0
1249,8,3,1,0.197544,0.0
1250,8,3,2,0.123096,0.0
1251,8,3,3,0.0,0.0
1252,8,3,4,0.0,0.0
1253,8,3,5,0.0,0.0
1254,8,3,6,0.0,0.0
1255,8,3,7,0.121908,0.0
1256,8,3,8,0.0,0.0
1257,8,3,9,0.0,0.0
1258,8,3,10,0.0,0.0
1259,8,3,11,0.0,0.0
1260,8,3,12,0.0,0.0
1261,8,3,13,0.0,0.0
1262,8,3,14,0.0,0.0
1263,8,3,15,0.0,0.0
1264,8,3,16,0.0,0.0
1265,8,3,17,0.0,0.0
1266,8,3,18,0.0,0.0
1267,8,3,19,0.251004,0.0
1268,8,3,20,0.139728,0.0
1269,8,3,21,0.172596,0.0
1270,8,3,22,0.0,0.0
1271,8,3,23,0.0,0.0
1272,8,4,0,0.0,0.0
1273,8,4,1,0.0,0.0
1274,8,4,2,0.0,0.0
1275,8,4,3,0.0,0.0
1276,8,4,4,0.0,0.0
1277,8,4,5,0.0,0.0
1278,8,4,6,0.0,0.0
1279,8,4,7,0.0,0.0
1280,8,4,8,0.0,0.0
1281,8,4,9,0.0,0.0
1282,8,4,10,0.0,0.0
1283,8,4,11,0.0,0.0
1284,8,4,12,0.0,0.0
1285,8,4,13,0.0,0.0
1286,8,4,14,0.0,0.0
1287,8,4,15,0.20982,0.0
1288,8,4,16,0.448968,0.0
1289,8,4,17,0.818064,0.0
1290,8,4,18,1.1964,0.0
1291,8,4,19,1.1964,0.0
1292,8,4,20,0.702312,0.0
1293,8,4,21,0.647712,0.0
1294,8,4,22,0.777296,0.0
1295,8,4,23,0.329808,0.0
1296,8,5,0,0.0,0.0
1297,8,5,1,0.0,0.0
1298,8,5,2,0.0,0.0
1299,8,5,3,0.0,0.0
1300,8,5,4,0.0,0.0
1301,8,5,5,0.0,0.0
1302,8,5,6,0.0,0.0
1303,8,5,7,0.0,0.0
1304,8,5,8,0.0,0.0
1305,8,5,9,0.0,0.0
1306,8,5,10,0.0,0.0
1307,8,5,11,0.0,0.0
1308,8,5,12,0.0,0.0
1309,8,5,13,0.0,0.0
1310,8,5,14,0.0,0.0
1311,8,5,15,0.0,0.0
1312,8,5,16,0.0,0.0
1313,8,5,17,0.700856,0.0
1314,8,5,18,0.791856,0.0
1315,8,5,19,0.857376,0.0
1316,8,5,20,0.48464,0.0
1317,8,5,21,0.268032,0.0
1318,8,5,22,0.131016,0.0
1319,8,5,23,0.0,0.0
1320,8,6,0,0.0,0.0
1321,8,6,1,0.0,0.0
1322,8,6,2,0.0,0.0
1323,8,6,3,0.0,0.0
1324,8,6,4,0.0,0.0
1325,8,6,5,0.0,0.0
1326,8,6,6,0.0,0.0
1327,8,6,7,0.0,0.0
1328,8,6,8,0.0,0.0
1329,8,6,9,0.0,0.0
1330,8,6,10,0.0,0.0
1331,8,6,11,0.0,0.0
1332,8,6,12,0.0,0.0
1333,8,6,13,0.0,0.0
1334,8,6,14,0.0,0.0
1335,8,6,15,0.0,0.0
1336,8,6,16,0.0,0.0
1337,8,6,17,0.0,0.0
1338,8,6,18,0.0,0.0
1339,8,6,19,0.0,0.0
1340,8,6,20,0.0,0.0
1341,8,6,21,0.11478,0.0
1342,8,6,22,0.0,0.0
1343,8,6,23,0.0,0.0
1344,9,0,0,0.0,0.0
1345,9,0,1,0.0,0.0
1346,9,0,2,0.0,0.0
1347,9,0,3,0.0,0.0
1348,9,0,4,0.0,0.0
1349,9,0,5,0.0,0.0
1350,9,0,6,0.0,0.0
1351,9,0,7,0.0,0.0
1352,9,0,8,0.0,0.0
1353,9,0,9,0.0,0.0
1354,9,0,10,0.0,0.0
1355,9,0,11,0.0,0.0
1356,9,0,12,0.0,0.0
1357,9,0,13,0.0,0.0
1358,9,0,14,0.0,0.0
1359,9,0,15,0.0,0.0
1360,9,0,16,0.0,0.0
1361,9,0,17,0.0,0.0
1362,9,0,18,0.0,0.0
1363,9,0,19,0.0,0.0
1364,9,0,20,0.0,0.0
1365,9,0,21,0.0,0.0
1366,9,0,22,0.0,0.0
1367,9,0,23,0.15438,0.0
1368,9,1,0,0.2316,0.0
1369,9,1,1,0.252984,0.0
1370,9,1,2,0.271992,0.0
1371,9,1,3,0.148836,0.0
1372,9,1,4,0.13062,0.0
1373,9,1,5,0.0,0.0
1374,9,1,6,0.0,0.0
1375,9,1,7,0.129828,0.0
1376,9,1,8,0.0,0.0
1377,9,1,9,0.0,0.0
1378,9,1,10,0.0,0.0
1379,9,1,11,0.0,0.0
1380,9,1,12,0.0,0.0
1381,9,1,13,0.0,0.0
1382,9,1,14,0.0,0.0
1383,9,1,15,0.0,0.0
1384,9,1,16,0.0,0.0
1385,9,1,17,0.0,0.0
1386,9,1,18,0.0,0.0
1387,9,1,19,0.0,0.0
1388,9,1,20,0.0,0.0
1389,9,1,21,0.0,0.0
1390,9,1,22,0.0,0.0
1391,9,1,23,0.0,0.0
1392,9,2,0,0.0,0.0
1393,9,2,1,0.0,0.0
1394,9,2,2,0.0,0.0
1395,9,2,3,0.136956,0.0
1396,9,2,4,0.0,0.0
1397,9,2,5,0.107256,0.0
1398,9,2,6,0.0,0.0
1399,9,2,7,0.0,0.0
1400,9,2,8,0.0,0.0
1401,9,2,9,0.361092,0.0
1402,9,2,10,0.323076,0.0
1403,9,2,11,0.282684,0.0
1404,9,2,12,0.256548,0.0
1405,9,2,13,0.172596,0.0
1406,9,2,14,0.165468,0.0
1407,9,2,15,0.0,0.0
1408,9,2,16,0.0,0.0
1409,9,2,17,0.106464,0.0
1410,9,2,18,0.31476,0.0
1411,9,2,19,0.868296,0.0
1412,9,2,20,1.18695,0.0
1413,9,2,21,0.936,0.0
1414,9,2,22,0.505752,0.0
1415,9,2,23,0.0,0.0
1416,9,3,0,0.0,0.0
1417,9,3,1,0.0,0.0
1418,9,3,2,0.0,0.0
1419,9,3,3,0.151212,0.0
1420,9,3,4,0.277536,0.0
1421,9,3,5,0.336936,0.0
1422,9,3,6,0.43368,0.0
1423,9,3,7,0.22368,0.0
1424,9,3,8,0.0,0.0
1425,9,3,9,0.0,0.0
1426,9,3,10,0.0,0.0
1427,9,3,11,0.0,0.0
1428,9,3,12,0.0,0.0
1429,9,3,13,0.09696,0.0
1430,9,3,14,0.12468,0.0
1431,9,3,15,0.24942,0.0
1432,9,3,16,0.161904,0.0
1433,9,3,17,0.0,0.0
1434,9,3,18,0.19794,0.0
1435,9,3,19,0.493376,0.0
1436,9,3,20,0.7904,0.0
1437,9,3,21,0.406744,0.0
1438,9,3,22,0.18012,0.0
1439,9,3,23,0.0,0.0
1440,9,4,0,0.0,0.0
1441,9,4,1,0.0,0.0
1442,9,4,2,0.0,0.0
1443,9,4,3,0.185664,0.0
1444,9,4,4,0.264072,0.0
1445,9,4,5,0.363864,0.0
1446,9,4,6,0.370992,0.0
1447,9,4,7,0.0,0.0
1448,9,4,8,0.0,0.0
1449,9,4,9,0.0,0.0
1450,9,4,10,0.0,0.0
1451,9,4,11,0.0,0.0
1452,9,4,12,0.0,0.0
1453,9,4,13,0.0,0.0
1454,9,4,14,0.0,0.0
1455,9,4,15,0.11082,0.0
1456,9,4,16,0.289416,0.0
1457,9,4,17,0.794768,0.0
1458,9,4,18,1.488236,0.0
1459,9,4,19,1.589752,0.0
1460,9,4,20,1.30875,0.0
1461,9,4,21,0.651352,0.0
1462,9,4,22,0.22764,0.0
1463,9,4,23,0.139728,0.0
1464,9,5,0,0.104484,0.0
1465,9,5,1,0.0,0.0
1466,9,5,2,0.16824,0.0
1467,9,5,3,0.0,0.0
1468,9,5,4,0.0,0.0
1469,9,5,5,0.0,0.0
1470,9,5,6,0.0,0.0
1471,9,5,7,0.0,0.0
1472,9,5,8,0.0,0.0
1473,9,5,9,0.261696,0.0
1474,9,5,10,0.0,0.0
1475,9,5,11,0.0,0.0
1476,9,5,12,0.0,0.0
1477,9,5,13,0.252588,0.0
1478,9,5,14,0.267636,0.0
1479,9,5,15,0.387228,0.0
1480,9,5,16,0.702312,0.0
1481,9,5,17,0.81224,0.0
1482,9,5,18,0.417664,0.0
1483,9,5,19,0.09894,0.0
1484,9,5,20,0.0,0.0
1485,9,5,21,0.138144,0.0
1486,9,5,22,0.0,0.0
1487,9,5,23,0.117948,0.0
1488,9,6,0,0.262488,0.0
1489,9,6,1,0.376536,0.0
1490,9,6,2,0.569816,0.0
1491,9,6,3,0.340896,0.0
1492,9,6,4,0.0,0.0
1493,9,6,5,0.0,0.0
1494,9,6,6,0.0,0.0
1495,9,6,7,0.0,0.0
1496,9,6,8,0.30486,0.0
1497,9,6,9,0.309612,0.0
1498,9,6,10,0.09498,0.0
1499,9,6,11,0.122304,0.0
1500,9,6,12,0.0,0.0
1501,9,6,13,0.121908,0.0
1502,9,6,14,0.0,0.0
1503,9,6,15,0.291396,0.0
1504,9,6,16,0.476632,0.0
1505,9,6,17,0.9444,0.0
1506,9,6,18,1.0935,0.0
1507,9,6,19,1.03365,0.0
1508,9,6,20,0.351192,0.0
1509,9,6,21,0.165072,0.0
1510,9,6,22,0.0,0.0
1511,9,6,23,0.0,0.0
1512,10,0,0,0.0,0.0
1513,10,0,1,0.0,0.0
1514,10,0,2,0.0,0.0
1515,10,0,3,0.113988,0.0
1516,10,0,4,0.0,0.0
1517,10,0,5,0.0,0.0
1518,10,0,6,0.0,0.0
1519,10,0,7,0.107256,0.0
1520,10,0,8,0.0,0.0
1521,10,0,9,0.0,0.0
1522,10,0,10,0.0,0.0
1523,10,0,11,0.0,0.0
1524,10,0,12,0.0,0.0
1525,10,0,13,0.0,0.0
1526,10,0,14,0.0,0.0
1527,10,0,15,0.0,0.0
1528,10,0,16,0.0,0.0
1529,10,0,17,0.0,0.0
1530,10,0,18,0.0,0.0
1531,10,0,19,0.141312,0.0
1532,10,0,20,0.180516,0.0
1533,10,0,21,0.278724,0.0
1534,10,0,22,0.117156,0.0
1535,10,0,23,0.1029,0.0
1536,10,1,0,0.0,0.0
1537,10,1,1,0.0,0.0
1538,10,1,2,0.0,0.0
1539,10,1,3,0.0,0.0
1540,10,1,4,0.157944,0.0
1541,10,1,5,0.129828,0.0
1542,10,1,6,0.0,0.0
1543,10,1,7,0.0,0.0
1544,10,1,8,0.0,0.0
1545,10,1,9,0.0,0.0
1546,10,1,10,0.0,0.0
1547,10,1,11,0.0,0.0
1548,10,1,12,0.0,0.0
1549,10,1,13,0.0,0.0
1550,10,1,14,0.0,0.0
1551,10,1,15,0.0,0.0
1552,10,1,16,0.0,0.0
1553,10,1,17,0.0,0.0
1554,10,1,18,0.0,0.0
1555,10,1,19,0.0,0.0
1556,10,1,20,0.25338,0.0
1557,10,1,21,0.104088,0.0
1558,10,1,22,0.096168,0.0
1559,10,1,23,0.0,0.0
1560,10,2,0,0.16824,0.0
1561,10,2,1,0.282684,0.0
1562,10,2,2,0.361488,0.0
1563,10,2,3,0.284664,0.0
1564,10,2,4,0.213384,0.0
1565,10,2,5,0.0,0.0
1566,10,2,6,0.0,0.0
1567,10,2,7,0.0,0.0
1568,10,2,8,0.0,0.0
1569,10,2,9,0.0,0.0
1570,10,2,10,0.0,0.0
1571,10,2,11,0.0,0.0
1572,10,2,12,0.0,0.0
1573,10,2,13,0.0,0.0
1574,10,2,14,0.0,0.0
1575,10,2,15,0.0,0.0
1576,10,2,16,0.0,0.0
1577,10,2,17,0.0,0.0
1578,10,2,18,0.0,0.0
1579,10,2,19,0.0,0.0
1580,10,2,20,0.0,0.0
1581,10,2,21,0.0,0.0
1582,10,2,22,0.0,0.0
1583,10,2,23,0.157152,0.0
1584,10,3,0,0.0,0.0
1585,10,3,1,0.0,0.0
1586,10,3,2,0.0,0.0
1587,10,3,3,0.0,0.0
1588,10,3,4,0.0,0.0
1589,10,3,5,0.0,0.0
1590,10,3,6,0.0,0.0
1591,10,3,7,0.0,0.0
1592,10,3,8,0.0,0.0
1593,10,3,9,0.0,0.0
1594,10,3,10,0.0,0.0
1595,10,3,11,0.0,0.0
1596,10,3,12,0.0,0.0
1597,10,3,13,0.0,0.0
1598,10,3,14,0.0,0.0
1599,10,3,15,0.0,0.0
1600,10,3,16,0.151212,0.0
1601,10,3,17,0.0,0.0
1602,10,3,18,0.0,0.0
1603,10,3,19,0.0,0.0
1604,10,3,20,0.0,0.0
1605,10,3,21,0.0,0.0
1606,10,3,22,0.0,0.0
1607,10,3,23,0.0,0.0
1608,10,4,0,0.0,0.0
1609,10,4,1,0.0,0.0
1610,10,4,2,0.0,0.0
1611,10,4,3,0.0,0.0
1612,10,4,4,0.0,0.0
1613,10,4,5,0.0,0.0
1614,10,4,6,0.0,0.0
1615,10,4,7,0.0,0.0
1616,10,4,8,0.0,0.0
1617,10,4,9,0.0,0.0
1618,10,4,10,0.0,0.0
1619,10,4,11,0.0,0.0
1620,10,4,12,0.0,0.0
1621,10,4,13,0.0,0.0
1622,10,4,14,0.0,0.0
1623,10,4,15,0.0,0.0
1624,10,4,16,0.179328,0.0
1625,10,4,17,0.158736,0.0
1626,10,4,18,0.131016,0.0
1627,10,4,19,0.164676,0.0
1628,10,4,20,0.0,0.0
1629,10,4,21,0.0,0.0
1630,10,4,22,0.0,0.0
1631,10,4,23,0.0,0.0
1632,10,5,0,0.0,0.0
1633,10,5,1,0.0,0.0
1634,10,5,2,0.0,0.0
1635,10,5,3,0.0,0.0
1636,10,5,4,0.0,0.0
1637,10,5,5,0.0,0.0
1638,10,5,6,0.0,0.0
1639,10,5,7,0.0,0.0
1640,10,5,8,0.0,0.0
1641,10,5,9,0.0,0.0
1642,10,5,10,0.0,0.0
1643,10,5,11,0.0,0.0
1644,10,5,12,0.0,0.0
1645,10,5,13,0.0,0.0
1646,10,5,14,0.0,0.0
1647,10,5,15,0.0,0.0
1648,10,5,16,0.0,0.0
1649,10,5,17,0.0,0.0
1650,10,5,18,0.0,0.0
1651,10,5,19,0.107652,0.0
1652,10,5,20,0.0,0.0
1653,10,5,21,0.0,0.0
1654,10,5,22,0.0,0.0
1655,10,5,23,0.0,0.0
1656,10,6,0,0.0,0.0
1657,10,6,1,0.0,0.0
1658,10,6,2,0.0,0.0
1659,10,6,3,0.0,0.0
1660,10,6,4,0.0,0.0
1661,10,6,5,0.200712,0.0
1662,10,6,6,0.216552,0.0
1663,10,6,7,0.0,0.0
1664,10,6,8,0.0,0.0
1665,10,6,9,0.0,0.0
1666,10,6,10,0.0,0.0
1667,10,6,11,0.0,0.0
1668,10,6,12,0.0,0.0
1669,10,6,13,0.0,0.0
1670,10,6,14,0.0,0.0
1671,10,6,15,0.0,0.0
1672,10,6,16,0.0,0.0
1673,10,6,17,0.0,0.0
1674,10,6,18,0.210612,0.0
1675,10,6,19,0.295752,0.0
1676,10,6,20,0.108048,0.0
1677,10,6,21,0.244272,0.0
1678,10,6,22,0.26922,0.0
1679,10,6,23,0.11478,0.0
1680,11,0,0,0.0,0.0
1681,11,0,1,0.0,0.0
1682,11,0,2,0.0,0.0
1683,11,0,3,0.0,0.0
1684,11,0,4,0.0,0.0
1685,11,0,5,0.0,0.0
1686,11,0,6,0.0,0.0
1687,11,0,7,0.11874,0.0
1688,11,0,8,0.0,0.0
1689,11,0,9,0.0,0.0
1690,11,0,10,0.0,0.0
1691,11,0,11,0.0,0.0
1692,11,0,12,0.0,0.0
1693,11,0,13,0.0,0.0
1694,11,0,14,0.0,0.0
1695,11,0,15,0.0,0.0
1696,11,0,16,0.0,0.0
1697,11,0,17,0.228828,0.0
1698,11,0,18,0.274368,0.0
1699,11,0,19,0.190416,0.0
1700,11,0,20,0.0,0.0
1701,11,0,21,0.0,0.0
1702,11,0,22,0.0,0.0
1703,11,0,23,0.134976,0.0
1704,11,1,0,0.162696,0.0
1705,11,1,1,0.25338,0.0
1706,11,1,2,0.446784,0.0
1707,11,1,3,0.574912,0.0
1708,11,1,4,0.448968,0.0
1709,11,1,5,0.587288,0.0
1710,11,1,6,0.367032,0.0
1711,11,1,7,0.0,0.0
1712,11,1,8,0.0,0.0
1713,11,1,9,0.0,0.0
1714,11,1,10,0.0,0.0
1715,11,1,11,0.0,0.0
1716,11,1,12,0.0,0.0
1717,11,1,13,0.0,0.0
1718,11,1,14,0.0,0.0
1719,11,1,15,0.0,0.0
1720,11,1,16,0.0,0.0
1721,11,1,17,0.0,0.0
1722,11,1,18,0.0,0.0
1723,11,1,19,0.0,0.0
1724,11,1,20,0.0,0.0
1725,11,1,21,0.0,0.0
1726,11,1,22,0.0,0.0
1727,11,1,23,0.0,0.0
1728,11,2,0,0.0,0.0
1729,11,2,1,0.0,0.0
1730,11,2,2,0.0,0.0
1731,11,2,3,0.0,0.0
1732,11,2,4,0.0,0.0
1733,11,2,5,0.0,0.0
1734,11,2,6,0.0,0.0
1735,11,2,7,0.0,0.0
1736,11,2,8,0.0,0.0
1737,11,2,9,0.0,0.0
1738,11,2,10,0.0,0.0
1739,11,2,11,0.0,0.0
1740,11,2,12,0.0,0.0
1741,11,2,13,0.0,0.0
1742,11,2,14,0.0,0.0
1743,11,2,15,0.20586,0.0
1744,11,2,16,0.36228,0.0
1745,11,2,17,0.3009,0.0
1746,11,2,18,0.101712,0.0
1747,11,2,19,0.0,0.0
1748,11,2,20,0.0,0.0
1749,11,2,21,0.0,0.0
1750,11,2,22,0.0,0.0
1751,11,2,23,0.0,0.0
1752,11,3,0,0.0,0.0
1753,11,3,1,0.0,0.0
1754,11,3,2,0.0,0.0
1755,11,3,3,0.0,0.0
1756,11,3,4,0.0,0.0
1757,11,3,5,0.0,0.0
1758,11,3,6,0.0,0.0
1759,11,3,7,0.0,0.0
1760,11,3,8,0.0,0.0
1761,11,3,9,0.0,0.0
1762,11,3,10,0.0,0.0
1763,11,3,11,0.0,0.0
1764,11,3,12,0.0,0.0
1765,11,3,13,0.0,0.0
1766,11,3,14,0.0,0.0
1767,11,3,15,0.0,0.0
1768,11,3,16,0.0,0.0
1769,11,3,17,0.0,0.0
1770,11,3,18,0.165864,0.0
1771,11,3,19,0.333372,0.0
1772,11,3,20,0.293772,0.0
1773,11,3,21,0.0,0.0
1774,11,3,22,0.0,0.0
1775,11,3,23,0.0,0.0
1776,11,4,0,0.0,0.0
1777,11,4,1,0.23754,0.0
1778,11,4,2,0.280704,0.0
1779,11,4,3,0.383268,0.0
1780,11,4,4,0.282288,0.0
1781,11,4,5,0.155172,0.0
1782,11,4,6,0.106068,0.0
1783,11,4,7,0.13656,0.0
1784,11,4,8,0.0,0.0
1785,11,4,9,0.145668,0.0
1786,11,4,10,0.15042,0.0
1787,11,4,11,0.0,0.0
1788,11,4,12,0.093396,0.0
1789,11,4,13,0.122304,0.0
1790,11,4,14,0.310404,0.0
1791,11,4,15,0.452608,0.0
1792,11,4,16,0.59384,0.0
1793,11,4,17,0.715416,0.0
1794,11,4,18,0.685568,0.0
1795,11,4,19,0.61568,0.0
1796,11,4,20,0.467896,0.0
1797,11,4,21,0.240312,0.0
1798,11,4,22,0.0,0.0
1799,11,4,23,0.0,0.0
1800,11,5,0,0.0,0.0
1801,11,5,1,0.0,0.0
1802,11,5,2,0.0,0.0
1803,11,5,3,0.0,0.0
1804,11,5,4,0.0,0.0
1805,11,5,5,0.0,0.0
1806,11,5,6,0.0,0.0
1807,11,5,7,0.0,0.0
1808,11,5,8,0.0,0.0
1809,11,5,9,0.0,0.0
1810,11,5,10,0.236748,0.0
1811,11,5,11,0.179724,0.0
1812,11,5,12,0.139332,0.0
1813,11,5,13,0.0,0.0
1814,11,5,14,0.0,0.0
1815,11,5,15,0.0,0.0
1816,11,5,16,0.0,0.0
1817,11,5,17,0.0,0.0
1818,11,5,18,0.0,0.0
1819,11,5,19,0.0,0.0
1820,11,5,20,0.0,0.0
1821,11,5,21,0.18606,0.0
1822,11,5,22,0.0,0.0
1823,11,5,23,0.236748,0.0
1824,11,6,0,0.328224,0.0
1825,11,6,1,0.268824,0.0
1826,11,6,2,0.151608,0.0
1827,11,6,3,0.0,0.0
1828,11,6,4,0.153984,0.0
1829,11,6,5,0.287832,0.0
1830,11,6,6,0.369804,0.0
1831,11,6,7,0.32862,0.0
1832,11,6,8,0.3504,0.0
1833,11,6,9,0.267636,0.0
1834,11,6,10,0.126264,0.0
1835,11,6,11,0.114384,0.0
1836,11,6,12,0.0,0.0
1837,11,6,13,0.171804,0.0
1838,11,6,14,0.196752,0.0
1839,11,6,15,0.0,0.0
1840,11,6,16,0.0,0.0
1841,11,6,17,0.094188,0.0
1842,11,6,18,0.0,0.0
1843,11,6,19,0.191208,0.0
1844,11,6,20,0.344064,0.0
1845,11,6,21,0.52468,0.0
1846,11,6,22,0.159528,0.0
1847,11,6,23,0.0,0.0
1848,12,0,0,0.0,0.0
1849,12,0,1,0.0,0.0
1850,12,0,2,0.0,0.0
1851,12,0,3,0.0,0.0
1852,12,0,4,0.0,0.0
1853,12,0,5,0.0,0.0
1854,12,0,6,0.0,0.0
1855,12,0,7,0.0,0.0
1856,12,0,8,0.0,0.0
1857,12,0,9,0.0,0.0
1858,12,0,10,0.0,0.0
1859,12,0,11,0.0,0.0
1860,12,0,12,0.0,0.0
1861,12,0,13,0.0,0.0
1862,12,0,14,0.0,0.0
1863,12,0,15,0.0,0.0
1864,12,0,16,0.0,0.0
1865,12,0,17,0.14052,0.0
1866,12,0,18,0.0,0.0
1867,12,0,19,0.0,0.0
1868,12,0,20,0.0,0.0
1869,12,0,21,0.0,0.0
1870,12,0,22,0.0,0.0
1871,12,0,23,0.0,0.0
1872,12,1,0,0.143688,0.0
1873,12,1,1,0.0,0.0
1874,12,1,2,0.0,0.0
1875,12,1,3,0.0,0.0
1876,12,1,4,0.0,0.0
1877,12,1,5,0.0,0.0
1878,12,1,6,0.0,0.0
1879,12,1,7,0.0,0.0
1880,12,1,8,0.0,0.0
1881,12,1,9,0.0,0.0
1882,12,1,10,0.0,0.0
1883,12,1,11,0.0,0.0
1884,12,1,12,0.0,0.0
1885,12,1,13,0.0,0.0
1886,12,1,14,0.0,0.0
1887,12,1,15,0.0,0.0
1888,12,1,16,0.0,0.0
1889,12,1,17,0.0,0.0
1890,12,1,18,0.0,0.0
1891,12,1,19,0.0,0.0
1892,12,1,20,0.0,0.0
1893,12,1,21,0.0,0.0
1894,12,1,22,0.0,0.0
1895,12,1,23,0.0,0.0
1896,12,2,0,0.0,0.0
1897,12,2,1,0.0,0.0
1898,12,2,2,0.0,0.0
1899,12,2,3,0.108048,0.0
1900,12,2,4,0.145272,0.0
1901,12,2,5,0.0,0.0
1902,12,2,6,0.0,0.0
1903,12,2,7,0.0,0.0
1904,12,2,8,0.0,0.0
1905,12,2,9,0.0,0.0
1906,12,2,10,0.0,0.0
1907,12,2,11,0.0,0.0
1908,12,2,12,0.0,0.0
1909,12,2,13,0.0,0.0
1910,12,2,14,0.111612,0.0
1911,12,2,15,0.169824,0.0
1912,12,2,16,0.220512,0.0
1913,12,2,17,0.141312,0.0
1914,12,2,18,0.25536,0.0
1915,12,2,19,0.338916,0.0
1916,12,2,20,0.521768,0.0
1917,12,2,21,0.483184,0.0
1918,12,2,22,0.357132,0.0
1919,12,2,23,0.330204,0.0
1920,12,3,0,0.0,0.0
1921,12,3,1,0.0,0.0
1922,12,3,2,0.0,0.0
1923,12,3,3,0.0,0.0
1924,12,3,4,0.0,0.0
1925,12,3,5,0.0,0.0
1926,12,3,6,0.0,0.0
1927,12,3,7,0.0,0.0
1928,12,3,8,0.0,0.0
1929,12,3,9,0.0,0.0
1930,12,3,10,0.0,0.0
1931,12,3,11,0.0,0.0
1932,12,3,12,0.0,0.0
1933,12,3,13,0.0,0.0
1934,12,3,14,0.0,0.0
1935,12,3,15,0.0,0.0
1936,12,3,16,0.0,0.0
1937,12,3,17,0.0,0.0
1938,12,3,18,0.0,0.0
1939,12,3,19,0.0,0.0
1940,12,3,20,0.0,0.0
1941,12,3,21,0.0,0.0
1942,12,3,22,0.0,0.0
1943,12,3,23,0.0,0.0
1944,12,4,0,0.0,0.0
1945,12,4,1,0.0,0.0
1946,12,4,2,0.0,0.0
1947,12,4,3,0.0,0.0
1948,12,4,4,0.0,0.0
1949,12,4,5,0.0,0.0
1950,12,4,6,0.0,0.0
1951,12,4,7,0.0,0.0
1952,12,4,8,0.0,0.0
1953,12,4,9,0.0,0.0
1954,12,4,10,0.0,0.0
1955,12,4,11,0.0,0.0
1956,12,4,12,0.0,0.0
1957,12,4,13,0.0,0.0
1958,12,4,14,0.0,0.0
1959,12,4,15,0.0,0.0
1960,12,4,16,0.195564,0.0
1961,12,4,17,0.284268,0.0
1962,12,4,18,0.178932,0.0
1963,12,4,19,0.294168,0.0
1964,12,4,20,0.104484,0.0
1965,12,4,21,0.0,0.0
1966,12,4,22,0.0,0.0
1967,12,4,23,0.0,0.0
1968,12,5,0,0.0,0.0
1969,12,5,1,0.0,0.0
1970,12,5,2,0.0,0.0
1971,12,5,3,0.0,0.0
1972,12,5,4,0.0,0.0
1973,12,5,5,0.101712,0.0
1974,12,5,6,0.123096,0.0
1975,12,5,7,0.115572,0.0
1976,12,5,8,0.0,0.0
1977,12,5,9,0.0,0.0
1978,12,5,10,0.0,0.0
1979,12,5,11,0.0,0.0
1980,12,5,12,0.0,0.0
1981,12,5,13,0.0,0.0
1982,12,5,14,0.0,0.0
1983,12,5,15,0.0,0.0
1984,12,5,16,0.131808,0.0
1985,12,5,17,0.0,0.0
1986,12,5,18,0.131016,0.0
1987,12,5,19,0.0,0.0
1988,12,5,20,0.0,0.0
1989,12,5,21,0.0,0.0
1990,12,5,22,0.0,0.0
1991,12,5,23,0.0,0.0
1992,12,6,0,0.0,0.0
1993,12,6,1,0.0,0.0
1994,12,6,2,0.0,0.0
1995,12,6,3,0.0,0.0
1996,12,6,4,0.0,0.0
1997,12,6,5,0.0,0.0
1998,12,6,6,0.0,0.0
1999,12,6,7,0.096168,0.0
2000,12,6,8,0.0,0.0
2001,12,6,9,0.127452,0.0
2002,12,6,10,0.153588,0.0
2003,12,6,11,0.245064,0.0
2004,12,6,12,0.112008,0.0
2005,12,6,13,0.0,0.0
2006,12,6,14,0.0,0.0
2007,12,6,15,0.0,0.0
2008,12,6,16,0.14646,0.0
2009,12,6,17,0.129432,0.0
2010,12,6,18,0.492648,0.0
2011,12,6,19,0.56108,0.0
2012,12,6,20,0.526864,0.0
2013,12,6,21,0.518128,0.0
2014,12,6,22,0.0,0.0
2015,12,6,23,0.208632,0.0
2016,13,0,0,0.211008,0.0
2017,13,0,1,0.0,0.0
2018,13,0,2,0.0,0.0
2019,13,0,3,0.0,0.0
2020,13,0,4,0.0,0.0
2021,13,0,5,0.0,0.0
2022,13,0,6,0.0,0.0
2023,13,0,7,0.0,0.0
2024,13,0,8,0.0,0.0
2025,13,0,9,0.0,0.0
2026,13,0,10,0.0,0.0
2027,13,0,11,0.0,0.0
2028,13,0,12,0.0,0.0
2029,13,0,13,0.0,0.0
2030,13,0,14,0.0,0.0
2031,13,0,15,0.0,0.0
2032,13,0,16,0.0,0.0
2033,13,0,17,0.0,0.0
2034,13,0,18,0.0,0.0
2035,13,0,19,0.193188,0.0
2036,13,0,20,0.216948,0.0
2037,13,0,21,0.0,0.0
2038,13,0,22,0.0,0.0
2039,13,0,23,0.0,0.0
2040,13,1,0,0.0,0.0
2041,13,1,1,0.0,0.0
2042,13,1,2,0.0,0.0
2043,13,1,3,0.0,0.0
2044,13,1,4,0.0,0.0
2045,13,1,5,0.0,0.0
2046,13,1,6,0.0,0.0
2047,13,1,7,0.0,0.0
2048,13,1,8,0.0,0.0
2049,13,1,9,0.0,0.0
2050,13,1,10,0.0,0.0
2051,13,1,11,0.0,0.0
2052,13,1,12,0.0,0.0
2053,13,1,13,0.0,0.0
2054,13,1,14,0.0,0.0
2055,13,1,15,0.0,0.0
2056,13,1,16,0.0,0.0
2057,13,1,17,0.0,0.0
2058,13,1,18,0.0,0.0
2059,13,1,19,0.0,0.0
2060,13,1,20,0.0,0.0
2061,13,1,21,0.0,0.0
2062,13,1,22,0.0,0.0
2063,13,1,23,0.0,0.0
2064,13,2,0,0.0,0.0
2065,13,2,1,0.0,0.0
2066,13,2,2,0.0,0.0
2067,13,2,3,0.0,0.0
2068,13,2,4,0.0,0.0
2069,13,2,5,0.0,0.0
2070,13,2,6,0.0,0.0
2071,13,2,7,0.0,0.0
2072,13,2,8,0.0,0.0
2073,13,2,9,0.0,0.0
2074,13,2,10,0.0,0.0
2075,13,2,11,0.0,0.0
2076,13,2,12,0.0,0.0
2077,13,2,13,0.0,0.0
2078,13,2,14,0.0,0.0
2079,13,2,15,0.206256,0.0
2080,13,2,16,0.313968,0.0
2081,13,2,17,0.175764,0.0
2082,13,2,18,0.0,0.0
2083,13,2,19,0.115572,0.0
2084,13,2,20,0.0,0.0
2085,13,2,21,0.0,0.0
2086,13,2,22,0.0,0.0
2087,13,2,23,0.0,0.0
2088,13,3,0,0.0,0.0
2089,13,3,1,0.0,0.0
2090,13,3,2,0.0,0.0
2091,13,3,3,0.159132,0.0
2092,13,3,4,0.117156,0.0
2093,13,3,5,0.0,0.0
2094,13,3,6,0.0,0.0
2095,13,3,7,0.0,0.0
2096,13,3,8,0.0,0.0
2097,13,3,9,0.0,0.0
2098,13,3,10,0.0,0.0
2099,13,3,11,0.0,0.0
2100,13,3,12,0.0,0.0
2101,13,3,13,0.0,0.0
2102,13,3,14,0.0,0.0
2103,13,3,15,0.0,0.0
2104,13,3,16,0.0,0.0
2105,13,3,17,0.0,0.0
2106,13,3,18,0.0,0.0
2107,13,3,19,0.239916,0.0
2108,13,3,20,0.14844,0.0
2109,13,3,21,0.0,0.0
2110,13,3,22,0.0,0.0
2111,13,3,23,0.0,0.0
2112,13,4,0,0.0,0.0
2113,13,4,1,0.0,0.0
2114,13,4,2,0.0,0.0
2115,13,4,3,0.0,0.0
2116,13,4,4,0.0,0.0
2117,13,4,5,0.0,0.0
2118,13,4,6,0.0,0.0
2119,13,4,7,0.0,0.0
2120,13,4,8,0.0,0.0
2121,13,4,9,0.0,0.0
2122,13,4,10,0.0,0.0
2123,13,4,11,0.0,0.0
2124,13,4,12,0.0,0.0
2125,13,4,13,0.0,0.0
2126,13,4,14,0.0,0.0
2127,13,4,15,0.0,0.0
2128,13,4,16,0.0,0.0
2129,13,4,17,0.0,0.0
2130,13,4,18,0.0,0.0
2131,13,4,19,0.0,0.0
2132,13,4,20,0.123888,0.0
2133,13,4,21,0.0,0.0
2134,13,4,22,0.0,0.0
2135,13,4,23,0.110424,0.0
2136,13,5,0,0.19992,0.0
2137,13,5,1,0.150024,0.0
2138,13,5,2,0.113988,0.0
2139,13,5,3,0.0,0.0
2140,13,5,4,0.0,0.0
2141,13,5,5,0.0,0.0
2142,13,5,6,0.0,0.0
2143,13,5,7,0.0,0.0
2144,13,5,8,0.0,0.0
2145,13,5,9,0.0,0.0
2146,13,5,10,0.0,0.0
2147,13,5,11,0.0,0.0
2148,13,5,12,0.0,0.0
2149,13,5,13,0.0,0.0
2150,13,5,14,0.0,0.0
2151,13,5,15,0.0,0.0
2152,13,5,16,0.0,0.0
2153,13,5,17,0.0,0.0
2154,13,5,18,0.0,0.0
2155,13,5,19,0.0,0.0
2156,13,5,20,0.0,0.0
2157,13,5,21,0.0,0.0
2158,13,5,22,0.0,0.0
2159,13,5,23,0.0,0.0
2160,13,6,0,0.0,0.0
2161,13,6,1,0.0,0.0
2162,13,6,2,0.0,0.0
2163,13,6,3,0.0,0.0
2164,13,6,4,0.0,0.0
2165,13,6,5,0.0,0.0
2166,13,6,6,0.0,0.0
2167,13,6,7,0.0,0.0
2168,13,6,8,0.0,0.0
2169,13,6,9,0.0,0.0
2170,13,6,10,0.0,0.0
2171,13,6,11,0.0,0.0
2172,13,6,12,0.0,0.0
2173,13,6,13,0.0,0.0
2174,13,6,14,0.0,0.0
2175,13,6,15,0.210612,0.0
2176,13,6,16,0.260904,0.0
2177,13,6,17,0.258132,0.0
2178,13,6,18,0.461344,0.0
2179,13,6,19,0.732888,0.0
2180,13,6,20,0.787488,0.0
2181,13,6,21,0.27912,0.0
2182,13,6,22,0.113196,0.0
2183,13,6,23,0.0,0.0
2184,14,0,0,0.0,0.0
2185,14,0,1,0.0,0.0
2186,14,0,2,0.0,0.0
2187,14,0,3,0.0,0.0
2188,14,0,4,0.0,0.0
2189,14,0,5,0.0,0.0
2190,14,0,6,0.0,0.0
2191,14,0,7,0.0,0.0
2192,14,0,8,0.0,0.0
2193,14,0,9,0.0,0.0
2194,14,0,10,0.0,0.0
2195,14,0,11,0.104088,0.0
2196,14,0,12,0.0,0.0
2197,14,0,13,0.0,0.0
2198,14,0,14,0.0,0.0
2199,14,0,15,0.0,0.0
2200,14,0,16,0.0,0.0
2201,14,0,17,0.0,0.0
2202,14,0,18,0.0,0.0
2203,14,0,19,0.0,0.0
2204,14,0,20,0.0,0.0
2205,14,0,21,0.0,0.0
2206,14,0,22,0.0,0.0
2207,14,0,23,0.0,0.0
2208,14,1,0,0.0,0.0
2209,14,1,1,0.126264,0.0
2210,14,1,2,0.0,0.0
2211,14,1,3,0.0,0.0
2212,14,1,4,0.0,0.0
2213,14,1,5,0.0,0.0
2214,14,1,6,0.0,0.0
2215,14,1,7,0.0,0.0
2216,14,1,8,0.0,0.0
2217,14,1,9,0.0,0.0
2218,14,1,10,0.0,0.0
2219,14,1,11,0.0,0.0
2220,14,1,12,0.0,0.0
2221,14,1,13,0.0,0.0
2222,14,1,14,0.0,0.0
2223,14,1,15,0.0,0.0
2224,14,1,16,0.0,0.0
2225,14,1,17,0.114384,0.0
2226,14,1,18,0.0,0.0
2227,14,1,19,0.0,0.0
2228,14,1,20,0.0,0.0
2229,14,1,21,0.0,0.0
2230,14,1,22,0.0,0.0
2231,14,1,23,0.0,0.0
2232,14,2,0,0.0,0.0
2233,14,2,1,0.0,0.0
2234,14,2,2,0.0,0.0
2235,14,2,3,0.0,0.0
2236,14,2,4,0.0,0.0
2237,14,2,5,0.0,0.0
2238,14,2,6,0.0,0.0
2239,14,2,7,0.0,0.0
2240,14,2,8,0.0,0.0
2241,14,2,9,0.0,0.0
2242,14,2,10,0.0,0.0
2243,14,2,11,0.0,0.0
2244,14,2,12,0.0,0.0
2245,14,2,13,0.0,0.0
2246,14,2,14,0.0,0.0
2247,14,2,15,0.0,0.0
2248,14,2,16,0.0,0.0
2249,14,2,17,0.0,0.0
2250,14,2,18,0.0,0.0
2251,14,2,19,0.0,0.0
2252,14,2,20,0.0,0.0
2253,14,2,21,0.0,0.0
2254,14,2,22,0.0,0.0
2255,14,2,23,0.0,0.0
2256,14,3,0,0.0,0.0
2257,14,3,1,0.0,0.0
2258,14,3,2,0.0,0.0
2259,14,3,3,0.0,0.0
2260,14,3,4,0.0,0.0
2261,14,3,5,0.0,0.0
2262,14,3,6,0.0,0.0
2263,14,3,7,0.0,0.0
2264,14,3,8,0.0,0.0
2265,14,3,9,0.0,0.0
2266,14,3,10,0.10686,0.0
2267,14,3,11,0.0,0.0
2268,14,3,12,0.0,0.0
2269,14,3,13,0.0,0.0
2270,14,3,14,0.0,0.0
2271,14,3,15,0.0,0.0
2272,14,3,16,0.0,0.0
2273,14,3,17,0.0,0.0
2274,14,3,18,0.243876,0.0
2275,14,3,19,0.314364,0.0
2276,14,3,20,0.3009,0.0
2277,14,3,21,0.40456,0.0
2278,14,3,22,0.31674,0.0
2279,14,3,23,0.4264,0.0
2280,14,4,0,0.395824,0.0
2281,14,4,1,0.317928,0.0
2282,14,4,2,0.26526,0.0
2283,14,4,3,0.247044,0.0
2284,14,4,4,0.148044,0.0
2285,14,4,5,0.0,0.0
2286,14,4,6,0.0,0.0
2287,14,4,7,0.0,0.0
2288,14,4,8,0.0,0.0
2289,14,4,9,0.0,0.0
2290,14,4,10,0.0,0.0
2291,14,4,11,0.0,0.0
2292,14,4,12,0.0,0.0
2293,14,4,13,0.0,0.0
2294,14,4,14,0.0,0.0
2295,14,4,15,0.0,0.0
2296,14,4,16,0.0,0.0
2297,14,4,17,0.0,0.0
2298,14,4,18,0.0,0.0
2299,14,4,19,0.148044,0.0
2300,14,4,20,0.0,0.0
2301,14,4,21,0.0,0.0
2302,14,4,22,0.0,0.0
2303,14,4,23,0.156756,0.0
2304,14,5,0,0.0,0.0
2305,14,5,1,0.0,0.0
2306,14,5,2,0.0,0.0
2307,14,5,3,0.0,0.0
2308,14,5,4,0.0,0.0
2309,14,5,5,0.0,0.0
2310,14,5,6,0.0,0.0
2311,14,5,7,0.0,0.0
2312,14,5,8,0.0,0.0
2313,14,5,9,0.0,0.0
2314,14,5,10,0.0,0.0
2315,14,5,11,0.0,0.0
2316,14,5,12,0.0,0.0
2317,14,5,13,0.0,0.0
2318,14,5,14,0.0,0.0
2319,14,5,15,0.0,0.0
2320,14,5,16,0.0,0.0
2321,14,5,17,0.0,0.0
2322,14,5,18,0.0,0.0
2323,14,5,19,0.0,0.0
2324,14,5,20,0.0,0.0
2325,14,5,21,0.298128,0.0
2326,14,5,22,0.29694,0.0
2327,14,5,23,0.363468,0.0
2328,14,6,0,0.145668,0.0
2329,14,6,1,0.0,0.0
2330,14,6,2,0.0,0.0
2331,14,6,3,0.0,0.0
2332,14,6,4,0.0,0.0
2333,14,6,5,0.0,0.0
2334,14,6,6,0.0,0.0
2335,14,6,7,0.0,0.0
2336,14,6,8,0.0,0.0
2337,14,6,9,0.0,0.0
2338,14,6,10,0.0,0.0
2339,14,6,11,0.0,0.0
2340,14,6,12,0.0,0.0
2341,14,6,13,0.0,0.0
2342,14,6,14,0.0,0.0
2343,14,6,15,0.0,0.0
2344,14,6,16,0.0,0.0
2345,14,6,17,0.175764,0.0
2346,14,6,18,0.0,0.0
2347,14,6,19,0.0,0.0
2348,14,6,20,0.0,0.0
2349,14,6,21,0.136164,0.0
2350,14,6,22,0.165864,0.0
2351,14,6,23,0.093792,0.0
2352,15,0,0,0.0,0.0
2353,15,0,1,0.0,0.0
2354,15,0,2,0.0,0.0
2355,15,0,3,0.0,0.0
2356,15,0,4,0.0,0.0
2357,15,0,5,0.0,0.0
2358,15,0,6,0.132204,0.0
2359,15,0,7,0.0,0.0
2360,15,0,8,0.0,0.0
2361,15,0,9,0.0,0.0
2362,15,0,10,0.0,0.0
2363,15,0,11,0.0,0.0
2364,15,0,12,0.0,0.0
2365,15,0,13,0.0,0.0
2366,15,0,14,0.0,0.0
2367,15,0,15,0.0,0.0
2368,15,0,16,0.0,0.0
2369,15,0,17,0.0,0.0
2370,15,0,18,0.0,0.0
2371,15,0,19,0.0,0.0
2372,15,0,20,0.0,0.0
2373,15,0,21,0.0,0.0
2374,15,0,22,0.0,0.0
2375,15,0,23,0.0,0.0
2376,15,1,0,0.0,0.0
2377,15,1,1,0.0,0.0
2378,15,1,2,0.0,0.0
2379,15,1,3,0.0,0.0
2380,15,1,4,0.0,0.0
2381,15,1,5,0.26526,0.0
2382,15,1,6,0.112008,0.0
2383,15,1,7,0.0,0.0
2384,15,1,8,0.0,0.0
2385,15,1,9,0.0,0.0
2386,15,1,10,0.0,0.0
2387,15,1,11,0.0,0.0
2388,15,1,12,0.0,0.0
2389,15,1,13,0.0,0.0
2390,15,1,14,0.0,0.0
2391,15,1,15,0.0,0.0
2392,15,1,16,0.0,0.0
2393,15,1,17,0.0,0.0
2394,15,1,18,0.0,0.0
2395,15,1,19,0.0,0.0
2396,15,1,20,0.125076,0.0
2397,15,1,21,0.0,0.0
2398,15,1,22,0.0,0.0
2399,15,1,23,0.0,0.0
2400,15,2,0,0.0,0.0
2401,15,2,1,0.152004,0.0
2402,15,2,2,0.18408,0.0
2403,15,2,3,0.0,0.0
2404,15,2,4,0.0,0.0
2405,15,2,5,0.0,0.0
2406,15,2,6,0.0,0.0
2407,15,2,7,0.0,0.0
2408,15,2,8,0.0,0.0
2409,15,2,9,0.0,0.0
2410,15,2,10,0.0,0.0
2411,15,2,11,0.139332,0.0
2412,15,2,12,0.178932,0.0
2413,15,2,13,0.1326,0.0
2414,15,2,14,0.0,0.0
2415,15,2,15,0.0,0.0
2416,15,2,16,0.0,0.0
2417,15,2,17,0.0,0.0
2418,15,2,18,0.0,0.0
2419,15,2,19,0.148044,0.0
2420,15,2,20,0.125472,0.0
2421,15,2,21,0.200712,0.0
2422,15,2,22,0.177744,0.0
2423,15,2,23,0.0,0.0
2424,15,3,0,0.155172,0.0
2425,15,3,1,0.0,0.0
2426,15,3,2,0.0,0.0
2427,15,3,3,0.0,0.0
2428,15,3,4,0.0,0.0
2429,15,3,5,0.21576,0.0
2430,15,3,6,0.122304,0.0
2431,15,3,7,0.0,0.0
2432,15,3,8,0.0,0.0
2433,15,3,9,0.0,0.0
2434,15,3,10,0.0,0.0
2435,15,3,11,0.0,0.0
2436,15,3,12,0.0,0.0
2437,15,3,13,0.0,0.0
2438,15,3,14,0.0,0.0
2439,15,3,15,0.0,0.0
2440,15,3,16,0.0,0.0
2441,15,3,17,0.0,0.0
2442,15,3,18,0.0,0.0
2443,15,3,19,0.0,0.0
2444,15,3,20,0.0,0.0
2445,15,3,21,0.0,0.0
2446,15,3,22,0.0,0.0
2447,15,3,23,0.0,0.0
2448,15,4,0,0.0,0.0
2449,15,4,1,0.0,0.0
2450,15,4,2,0.0,0.0
2451,15,4,3,0.0,0.0
2452,15,4,4,0.0,0.0
2453,15,4,5,0.0,0.0
2454,15,4,6,0.0,0.0
2455,15,4,7,0.16626,0.0
2456,15,4,8,0.147252,0.0
2457,15,4,9,0.0,0.0
2458,15,4,10,0.0,0.0
2459,15,4,11,0.159924,0.0
2460,15,4,12,0.182892,0.0
2461,15,4,13,0.291396,0.0
2462,15,4,14,0.275952,0.0
2463,15,4,15,0.226452,0.0
2464,15,4,16,0.227244,0.0
2465,15,4,17,0.321492,0.0
2466,15,4,18,0.0,0.0
2467,15,4,19,0.0,0.0
2468,15,4,20,0.0,0.0
2469,15,4,21,0.0,0.0
2470,15,4,22,0.0,0.0
2471,15,4,23,0.0,0.0
2472,15,5,0,0.0,0.0
2473,15,5,1,0.292188,0.0
2474,15,5,2,0.121908,0.0
2475,15,5,3,0.0,0.0
2476,15,5,4,0.0,0.0
2477,15,5,5,0.0,0.0
2478,15,5,6,0.0,0.0
2479,15,5,7,0.0,0.0
2480,15,5,8,0.0,0.0
2481,15,5,9,0.0,0.0
2482,15,5,10,0.0,0.0
2483,15,5,11,0.0,0.0
2484,15,5,12,0.0,0.0
2485,15,5,13,0.0,0.0
2486,15,5,14,0.0,0.0
2487,15,5,15,0.0,0.0
2488,15,5,16,0.0,0.0
2489,15,5,17,0.0,0.0
2490,15,5,18,0.0,0.0
2491,15,5,19,0.0,0.0
2492,15,5,20,0.0,0.0
2493,15,5,21,0.0,0.0
2494,15,5,22,0.0,0.0
2495,15,5,23,0.0,0.0
2496,15,6,0,0.0,0.0
2497,15,6,1,0.0,0.0
2498,15,6,2,0.0,0.0
2499,15,6,3,0.0,0.0
2500,15,6,4,0.0,0.0
2501,15,6,5,0.0,0.0
2502,15,6,6,0.0,0.0
2503,15,6,7,0.0,0.0
2504,15,6,8,0.0,0.0
2505,15,6,9,0.0,0.0
2506,15,6,10,0.0,0.0
2507,15,6,11,0.0,0.0
2508,15,6,12,0.0,0.0
2509,15,6,13,0.0,0.0
2510,15,6,14,0.0,0.0
2511,15,6,15,0.0,0.0
2512,15,6,16,0.0,0.0
2513,15,6,17,0.0,0.0
2514,15,6,18,0.0,0.0
2515,15,6,19,0.0,0.0
2516,15,6,20,0.0,0.0
2517,15,6,21,0.0,0.0
2518,15,6,22,0.0,0.0
2519,15,6,23,0.0,0.0
2520,16,0,0,0.196356,0.0
2521,16,0,1,0.258528,0.0
2522,16,0,2,0.20388,0.0
2523,16,0,3,0.096168,0.0
2524,16,0,4,0.112404,0.0
2525,16,0,5,0.0,0.0
2526,16,0,6,0.0,0.0
2527,16,0,7,0.0,0.0
2528,16,0,8,0.0,0.0
2529,16,0,9,0.0,0.0
2530,16,0,10,0.0,0.0
2531,16,0,11,0.0,0.0
2532,16,0,12,0.0,0.0
2533,16,0,13,0.165468,0.0
2534,16,0,14,0.20784,0.0
2535,16,0,15,0.230412,0.0
2536,16,0,16,0.228036,0.0
2537,16,0,17,0.176952,0.0
2538,16,0,18,0.0,0.0
2539,16,0,19,0.0,0.0
2540,16,0,20,0.0,0.0
2541,16,0,21,0.0,0.0
2542,16,0,22,0.0,0.0
2543,16,0,23,0.0,0.0
2544,16,1,0,0.0,0.0
2545,16,1,1,0.0,0.0
2546,16,1,2,0.0,0.0
2547,16,1,3,0.0,0.0
2548,16,1,4,0.0,0.0
2549,16,1,5,0.0,0.0
2550,16,1,6,0.0,0.0
2551,16,1,7,0.0,0.0
2552,16,1,8,0.0,0.0
2553,16,1,9,0.0,0.0
2554,16,1,10,0.0,0.0
2555,16,1,11,0.0,0.0
2556,16,1,12,0.0,0.0
2557,16,1,13,0.0,0.0
2558,16,1,14,0.0,0.0
2559,16,1,15,0.0,0.0
2560,16,1,16,0.0,0.0
2561,16,1,17,0.0,0.0
2562,16,1,18,0.0,0.0
2563,16,1,19,0.0,0.0
2564,16,1,20,0.0,0.0
2565,16,1,21,0.0,0.0
2566,16,1,22,0.0,0.0
2567,16,1,23,0.0,0.0
2568,16,2,0,0.0,0.0
2569,16,2,1,0.0,0.0
2570,16,2,2,0.0,0.0
2571,16,2,3,0.0,0.0
2572,16,2,4,0.0,0.0
2573,16,2,5,0.0,0.0
2574,16,2,6,0.0,0.0
2575,16,2,7,0.0,0.0
2576,16,2,8,0.0,0.0
2577,16,2,9,0.0,0.0
2578,16,2,10,0.0,0.0
2579,16,2,11,0.0,0.0
2580,16,2,12,0.0,0.0
2581,16,2,13,0.0,0.0
2582,16,2,14,0.0,0.0
2583,16,2,15,0.0,0.0
2584,16,2,16,0.0,0.0
2585,16,2,17,0.0,0.0
2586,16,2,18,0.0,0.0
2587,16,2,19,0.0,0.0
2588,16,2,20,0.0,0.0
2589,16,2,21,0.0,0.0
2590,16,2,22,0.0,0.0
2591,16,2,23,0.0,0.0
2592,16,3,0,0.0,0.0
2593,16,3,1,0.0,0.0
2594,16,3,2,0.0,0.0
2595,16,3,3,0.159924,0.0
2596,16,3,4,0.1227,0.0
2597,16,3,5,0.0,0.0
2598,16,3,6,0.0,0.0
2599,16,3,7,0.0,0.0
2600,16,3,8,0.0,0.0
2601,16,3,9,0.0,0.0
2602,16,3,10,0.0,0.0
2603,16,3,11,0.0,0.0
2604,16,3,12,0.0,0.0
2605,16,3,13,0.0,0.0
2606,16,3,14,0.0,0.0
2607,16,3,15,0.0,0.0
2608,16,3,16,0.0,0.0
2609,16,3,17,0.0,0.0
2610,16,3,18,0.0,0.0
2611,16,3,19,0.0,0.0
2612,16,3,20,0.0,0.0
2613,16,3,21,0.0,0.0
2614,16,3,22,0.0,0.0
2615,16,3,23,0.0,0.0
2616,16,4,0,0.0,0.0
2617,16,4,1,0.0,0.0
2618,16,4,2,0.0,0.0
2619,16,4,3,0.0,0.0
2620,16,4,4,0.0,0.0
2621,16,4,5,0.18606,0.0
2622,16,4,6,0.269616,0.0
2623,16,4,7,0.363468,0.0
2624,16,4,8,0.269616,0.0
2625,16,4,9,0.165072,0.0
2626,16,4,10,0.0,0.0
2627,16,4,11,0.0,0.0
2628,16,4,12,0.0,0.0
2629,16,4,13,0.0,0.0
2630,16,4,14,0.0,0.0
2631,16,4,15,0.0,0.0
2632,16,4,16,0.0,0.0
2633,16,4,17,0.0,0.0
2634,16,4,18,0.0,0.0
2635,16,4,19,0.0,0.0
2636,16,4,20,0.0,0.0
2637,16,4,21,0.0,0.0
2638,16,4,22,0.0,0.0
2639,16,4,23,0.0,0.0
2640,16,5,0,0.0,0.0
2641,16,5,1,0.0,0.0
2642,16,5,2,0.0,0.0
2643,16,5,3,0.0,0.0
2644,16,5,4,0.0,0.0
2645,16,5,5,0.0,0.0
2646,16,5,6,0.0,0.0
2647,16,5,7,0.0,0.0
2648,16,5,8,0.0,0.0
2649,16,5,9,0.0,0.0
2650,16,5,10,0.0,0.0
2651,16,5,11,0.0,0.0
2652,16,5,12,0.0,0.0
2653,16,5,13,0.0,0.0
2654,16,5,14,0.0,0.0
2655,16,5,15,0.0,0.0
2656,16,5,16,0.0,0.0
2657,16,5,17,0.0,0.0
2658,16,5,18,0.0,0.0
2659,16,5,19,0.0,0.0
2660,16,5,20,0.0,0.0
2661,16,5,21,0.0,0.0
2662,16,5,22,0.0,0.0
2663,16,5,23,0.0,0.0
2664,16,6,0,0.0,0.0
2665,16,6,1,0.0,0.0
2666,16,6,2,0.0,0.0
2667,16,6,3,0.0,0.0
2668,16,6,4,0.0,0.0
2669,16,6,5,0.0,0.0
2670,16,6,6,0.0,0.0
2671,16,6,7,0.0,0.0
2672,16,6,8,0.0,0.0
2673,16,6,9,0.0,0.0
2674,16,6,10,0.0,0.0
2675,16,6,11,0.0,0.0
2676,16,6,12,0.0,0.0
2677,16,6,13,0.0,0.0
2678,16,6,14,0.0,0.0
2679,16,6,15,0.0,0.0
2680,16,6,16,0.0,0.0
2681,16,6,17,0.0,0.0
2682,16,6,18,0.0,0.0
2683,16,6,19,0.191604,0.0
2684,16,6,20,0.251004,0.0
2685,16,6,21,0.286248,0.0
2686,16,6,22,0.179328,0.0
2687,16,6,23,0.145668,0.0
2688,17,0,0,0.0,0.0
2689,17,0,1,0.0,0.0
2690,17,0,2,0.0,0.0
2691,17,0,3,0.0,0.0
2692,17,0,4,0.0,0.0
2693,17,0,5,0.0,0.0
2694,17,0,6,0.0,0.0
2695,17,0,7,0.0,0.0
2696,17,0,8,0.0,0.0
2697,17,0,9,0.0,0.0
2698,17,0,10,0.0,0.0
2699,17,0,11,0.0,0.0
2700,17,0,12,0.0,0.0
2701,17,0,13,0.0,0.0
2702,17,0,14,0.0,0.0
2703,17,0,15,0.0,0.0
2704,17,0,16,0.0,0.0
2705,17,0,17,0.0,0.0
2706,17,0,18,0.0,0.0
2707,17,0,19,0.0,0.0
2708,17,0,20,0.0,0.0
2709,17,0,21,0.0,0.0
2710,17,0,22,0.0,0.0
2711,17,0,23,0.0,0.0
2712,17,1,0,0.0,0.0
2713,17,1,1,0.0,0.0
2714,17,1,2,0.0,0.0
2715,17,1,3,0.0,0.0
2716,17,1,4,0.0,0.0
2717,17,1,5,0.0,0.0
2718,17,1,6,0.0,0.0
2719,17,1,7,0.0,0.0
2720,17,1,8,0.0,0.0
2721,17,1,9,0.129432,0.0
2722,17,1,10,0.0,0.0
2723,17,1,11,0.0,0.0
2724,17,1,12,0.0,0.0
2725,17,1,13,0.0,0.0
2726,17,1,14,0.0,0.0
2727,17,1,15,0.0,0.0
2728,17,1,16,0.0,0.0
2729,17,1,17,0.0,0.0
2730,17,1,18,0.0,0.0
2731,17,1,19,0.0,0.0
2732,17,1,20,0.0,0.0
2733,17,1,21,0.0,0.0
2734,17,1,22,0.0,0.0
2735,17,1,23,0.0,0.0
2736,17,2,0,0.0,0.0
2737,17,2,1,0.0,0.0
2738,17,2,2,0.0,0.0
2739,17,2,3,0.0,0.0
2740,17,2,4,0.0,0.0
2741,17,2,5,0.0,0.0
2742,17,2,6,0.0,0.0
2743,17,2,7,0.0,0.0
2744,17,2,8,0.0,0.0
2745,17,2,9,0.0,0.0
2746,17,2,10,0.172992,0.0
2747,17,2,11,0.0,0.0
2748,17,2,12,0.130224,0.0
2749,17,2,13,0.127848,0.0
2750,17,2,14,0.0,0.0
2751,17,2,15,0.0,0.0
2752,17,2,16,0.0,0.0
2753,17,2,17,0.0,0.0
2754,17,2,18,0.0,0.0
2755,17,2,19,0.0,0.0
2756,17,2,20,0.0,0.0
2757,17,2,21,0.0,0.0
2758,17,2,22,0.0,0.0
2759,17,2,23,0.0,0.0
2760,17,3,0,0.0,0.0
2761,17,3,1,0.0,0.0
2762,17,3,2,0.0,0.0
2763,17,3,3,0.0,0.0
2764,17,3,4,0.0,0.0
2765,17,3,5,0.0,0.0
2766,17,3,6,0.0,0.0
2767,17,3,7,0.0,0.0
2768,17,3,8,0.0,0.0
2769,17,3,9,0.0,0.0
2770,17,3,10,0.0,0.0
2771,17,3,11,0.0,0.0
2772,17,3,12,0.0,0.0
2773,17,3,13,0.0,0.0
2774,17,3,14,0.0,0.0
2775,17,3,15,0.0,0.0
2776,17,3,16,0.0,0.0
2777,17,3,17,0.0,0.0
2778,17,3,18,0.0,0.0
2779,17,3,19,0.0,0.0
2780,17,3,20,0.119532,0.0
2781,17,3,21,0.139728,0.0
2782,17,3,22,0.0,0.0
2783,17,3,23,0.0,0.0
2784,17,4,0,0.0,0.0
2785,17,4,1,0.0,0.0
2786,17,4,2,0.0,0.0
2787,17,4,3,0.0,0.0
2788,17,4,4,0.0,0.0
2789,17,4,5,0.0,0.0
2790,17,4,6,0.0,0.0
2791,17,4,7,0.0,0.0
2792,17,4,8,0.0,0.0
2793,17,4,9,0.0,0.0
2794,17,4,10,0.0,0.0
2795,17,4,11,0.0,0.0
2796,17,4,12,0.0,0.0
2797,17,4,13,0.0,0.0
2798,17,4,14,0.0,0.0
2799,17,4,15,0.0,0.0
2800,17,4,16,0.0,0.0
2801,17,4,17,0.20982,0.0
2802,17,4,18,0.0,0.0
2803,17,4,19,0.0,0.0
2804,17,4,20,0.0,0.0
2805,17,4,21,0.252588,0.0
2806,17,4,22,0.113988,0.0
2807,17,4,23,0.0,0.0
2808,17,5,0,0.0,0.0
2809,17,5,1,0.0,0.0
2810,17,5,2,0.0,0.0
2811,17,5,3,0.165072,0.0
2812,17,5,4,0.194772,0.0
2813,17,5,5,0.308424,0.0
2814,17,5,6,0.0,0.0
2815,17,5,7,0.0,0.0
2816,17,5,8,0.0,0.0
2817,17,5,9,0.0,0.0
2818,17,5,10,0.0,0.0
2819,17,5,11,0.0,0.0
2820,17,5,12,0.0,0.0
2821,17,5,13,0.20388,0.0
2822,17,5,14,0.0,0.0
2823,17,5,15,0.0,0.0
2824,17,5,16,0.140916,0.0
2825,17,5,17,0.389604,0.0
2826,17,5,18,0.446784,0.0
2827,17,5,19,0.447512,0.0
2828,17,5,20,0.3009,0.0
2829,17,5,21,0.0,0.0
2830,17,5,22,0.0,0.0
2831,17,5,23,0.0,0.0
2832,17,6,0,0.0,0.0
2833,17,6,1,0.192792,0.0
2834,17,6,2,0.212196,0.0
2835,17,6,3,0.32664,0.0
2836,17,6,4,0.127848,0.0
2837,17,6,5,0.0,0.0
2838,17,6,6,0.0,0.0
2839,17,6,7,0.0,0.0
2840,17,6,8,0.0,0.0
2841,17,6,9,0.0,0.0
2842,17,6,10,0.0,0.0
2843,17,6,11,0.0,0.0
2844,17,6,12,0.0,0.0
2845,17,6,13,0.0,0.0
2846,17,6,14,0.0,0.0
2847,17,6,15,0.0,0.0
2848,17,6,16,0.179724,0.0
2849,17,6,17,0.12864,0.0
2850,17,6,18,0.0,0.0
2851,17,6,19,0.0,0.0
2852,17,6,20,0.0,0.0
2853,17,6,21,0.0,0.0
2854,17,6,22,0.0,0.0
2855,17,6,23,0.0,0.0
2856,18,0,0,0.0,0.0
2857,18,0,1,0.0,0.0
2858,18,0,2,0.0,0.0
2859,18,0,3,0.0,0.0
2860,18,0,4,0.0,0.0
2861,18,0,5,0.0,0.0
2862,18,0,6,0.0,0.0
2863,18,0,7,0.0,0.0
2864,18,0,8,0.0,0.0
2865,18,0,9,0.110028,0.0
2866,18,0,10,0.0,0.0
2867,18,0,11,0.167052,0.0
2868,18,0,12,0.0,0.0
2869,18,0,13,0.145668,0.0
2870,18,0,14,0.0,0.0
2871,18,0,15,0.0,0.0
2872,18,0,16,0.0,0.0
2873,18,0,17,0.0,0.0
2874,18,0,18,0.0,0.0
2875,18,0,19,0.0,0.0
2876,18,0,20,0.0,0.0
2877,18,0,21,0.0,0.0
2878,18,0,22,0.0,0.0
2879,18,0,23,0.0,0.0
2880,18,1,0,0.0,0.0
2881,18,1,1,0.0,0.0
2882,18,1,2,0.0,0.0
2883,18,1,3,0.0,0.0
2884,18,1,4,0.0,0.0
2885,18,1,5,0.0,0.0
2886,18,1,6,0.0,0.0
2887,18,1,7,0.0,0.0
2888,18,1,8,0.0,0.0
2889,18,1,9,0.0,0.0
2890,18,1,10,0.0,0.0
2891,18,1,11,0.0,0.0
2892,18,1,12,0.0,0.0
2893,18,1,13,0.0,0.0
2894,18,1,14,0.0,0.0
2895,18,1,15,0.0,0.0
2896,18,1,16,0.0,0.0
2897,18,1,17,0.0,0.0
2898,18,1,18,0.0,0.0
2899,18,1,19,0.0,0.0
2900,18,1,20,0.0,0.0
2901,18,1,21,0.0,0.0
2902,18,1,22,0.0,0.0
2903,18,1,23,0.0,0.0
2904,18,2,0,0.0,0.0
2905,18,2,1,0.0,0.0
2906,18,2,2,0.0,0.0
2907,18,2,3,0.0,0.0
2908,18,2,4,0.0,0.0
2909,18,2,5,0.0,0.0
2910,18,2,6,0.0,0.0
2911,18,2,7,0.0,0.0
2912,18,2,8,0.0,0.0
2913,18,2,9,0.0,0.0
2914,18,2,10,0.0,0.0
2915,18,2,11,0.0,0.0
2916,18,2,12,0.0,0.0
2917,18,2,13,0.0,0.0
2918,18,2,14,0.0,0.0
2919,18,2,15,0.0,0.0
2920,18,2,16,0.0,0.0
2921,18,2,17,0.0,0.0
2922,18,2,18,0.0,0.0
2923,18,2,19,0.0,0.0
2924,18,2,20,0.0,0.0
2925,18,2,21,0.0,0.0
2926,18,2,22,0.0,0.0
2927,18,2,23,0.0,0.0
2928,18,3,0,0.0,0.0
2929,18,3,1,0.0,0.0
2930,18,3,2,0.0,0.0
2931,18,3,3,0.0,0.0
2932,18,3,4,0.0,0.0
2933,18,3,5,0.0,0.0
2934,18,3,6,0.0,0.0
2935,18,3,7,0.0,0.0
2936,18,3,8,0.0,0.0
2937,18,3,9,0.0,0.0
2938,18,3,10,0.0,0.0
2939,18,3,11,0.0,0.0
2940,18,3,12,0.0,0.0
2941,18,3,13,0.0,0.0
2942,18,3,14,0.0,0.0
2943,18,3,15,0.0,0.0
2944,18,3,16,0.0,0.0
2945,18,3,17,0.0,0.0
2946,18,3,18,0.0,0.0
2947,18,3,19,0.149628,0.0
2948,18,3,20,0.188436,0.0
2949,18,3,21,0.244668,0.0
2950,18,3,22,0.112404,0.0
2951,18,3,23,0.0,0.0
2952,18,4,0,0.0,0.0
2953,18,4,1,0.0,0.0
2954,18,4,2,0.0,0.0
2955,18,4,3,0.0,0.0
2956,18,4,4,0.0,0.0
2957,18,4,5,0.0,0.0
2958,18,4,6,0.0,0.0
2959,18,4,7,0.0,0.0
2960,18,4,8,0.13062,0.0
2961,18,4,9,0.137352,0.0
2962,18,4,10,0.0,0.0
2963,18,4,11,0.0,0.0
2964,18,4,12,0.0,0.0
2965,18,4,13,0.0,0.0
2966,18,4,14,0.0,0.0
2967,18,4,15,0.0,0.0
2968,18,4,16,0.0,0.0
2969,18,4,17,0.0,0.0
2970,18,4,18,0.0,0.0
2971,18,4,19,0.0,0.0
2972,18,4,20,0.0,0.0
2973,18,4,21,0.0,0.0
2974,18,4,22,0.0,0.0
2975,18,4,23,0.0,0.0
2976,18,5,0,0.0,0.0
2977,18,5,1,0.0,0.0
2978,18,5,2,0.0,0.0
2979,18,5,3,0.0,0.0
2980,18,5,4,0.0,0.0
2981,18,5,5,0.0,0.0
2982,18,5,6,0.0,0.0
2983,18,5,7,0.0,0.0
2984,18,5,8,0.0,0.0
2985,18,5,9,0.0,0.0
2986,18,5,10,0.0,0.0
2987,18,5,11,0.0,0.0
2988,18,5,12,0.0,0.0
2989,18,5,13,0.0,0.0
2990,18,5,14,0.0,0.0
2991,18,5,15,0.0,0.0
2992,18,5,16,0.0,0.0
2993,18,5,17,0.0,0.0
2994,18,5,18,0.0,0.0
2995,18,5,19,0.128244,0.0
2996,18,5,20,0.256944,0.0
2997,18,5,21,0.0,0.0
2998,18,5,22,0.0,0.0
2999,18,5,23,0.0,0.0
3000,18,6,0,0.0,0.0
3001,18,6,1,0.0,0.0
3002,18,6,2,0.0,0.0
3003,18,6,3,0.0,0.0
3004,18,6,4,0.0,0.0
3005,18,6,5,0.0,0.0
3006,18,6,6,0.0,0.0
3007,18,6,7,0.0,0.0
3008,18,6,8,0.0,0.0
3009,18,6,9,0.0,0.0
3010,18,6,10,0.0,0.0
3011,18,6,11,0.0,0.0
3012,18,6,12,0.0,0.0
3013,18,6,13,0.0,0.0
3014,18,6,14,0.0,0.0
3015,18,6,15,0.0,0.0
3016,18,6,16,0.0,0.0
3017,18,6,17,0.0,0.0
3018,18,6,18,0.0,0.0
3019,18,6,19,0.0,0.0
3020,18,6,20,0.0,0.0
3021,18,6,21,0.0,0.0
3022,18,6,22,0.0,0.0
3023,18,6,23,0.0,0.0
3024,19,0,0,0.0,0.0
3025,19,0,1,0.0,0.0
3026,19,0,2,0.0,0.0
3027,19,0,3,0.0,0.0
3028,19,0,4,0.0,0.0
3029,19,0,5,0.0,0.0
3030,19,0,6,0.0,0.0
3031,19,0,7,0.0,0.0
3032,19,0,8,0.0,0.0
3033,19,0,9,0.0,0.0
3034,19,0,10,0.0,0.0
3035,19,0,11,0.0,0.0
3036,19,0,12,0.0,0.0
3037,19,0,13,0.0,0.0
3038,19,0,14,0.0,0.0
3039,19,0,15,0.0,0.0
3040,19,0,16,0.0,0.0
3041,19,0,17,0.0,0.0
3042,19,0,18,0.0,0.0
3043,19,0,19,0.0,0.0
3044,19,0,20,0.132204,0.0
3045,19,0,21,0.0,0.0
3046,19,0,22,0.0,0.0
3047,19,0,23,0.196356,0.0
3048,19,1,0,0.2217,0.0
3049,19,1,1,0.210216,0.0
3050,19,1,2,0.0,0.0
3051,19,1,3,0.113196,0.0
3052,19,1,4,0.0,0.0
3053,19,1,5,0.0,0.0
3054,19,1,6,0.0,0.0
3055,19,1,7,0.0,0.0
3056,19,1,8,0.0,0.0
3057,19,1,9,0.0,0.0
3058,19,1,10,0.0,0.0
3059,19,1,11,0.0,0.0
3060,19,1,12,0.0,0.0
3061,19,1,13,0.0,0.0
3062,19,1,14,0.0,0.0
3063,19,1,15,0.0,0.0
3064,19,1,16,0.0,0.0
3065,19,1,17,0.0,0.0
3066,19,1,18,0.0,0.0
3067,19,1,19,0.0,0.0
3068,19,1,20,0.0,0.0
3069,19,1,21,0.0,0.0
3070,19,1,22,0.0,0.0
3071,19,1,23,0.0,0.0
3072,19,2,0,0.0,0.0
3073,19,2,1,0.0,0.0
3074,19,2,2,0.0,0.0
3075,19,2,3,0.0,0.0
3076,19,2,4,0.0,0.0
3077,19,2,5,0.0,0.0
3078,19,2,6,0.0,0.0
3079,19,2,7,0.0,0.0
3080,19,2,8,0.0,0.0
3081,19,2,9,0.0,0.0
3082,19,2,10,0.0,0.0
3083,19,2,11,0.0,0.0
3084,19,2,12,0.0,0.0
3085,19,2,13,0.0,0.0
3086,19,2,14,0.0,0.0
3087,19,2,15,0.0,0.0
3088,19,2,16,0.0,0.0
3089,19,2,17,0.0,0.0
3090,19,2,18,0.0,0.0
3091,19,2,19,0.0,0.0
3092,19,2,20,0.0,0.0
3093,19,2,21,0.0,0.0
3094,19,2,22,0.0,0.0
3095,19,2,23,0.0,0.0
3096,19,3,0,0.0,0.0
3097,19,3,1,0.0,0.0
3098,19,3,2,0.0,0.0
3099,19,3,3,0.0,0.0
3100,19,3,4,0.0,0.0
3101,19,3,5,0.0,0.0
3102,19,3,6,0.0,0.0
3103,19,3,7,0.0,0.0
3104,19,3,8,0.0,0.0
3105,19,3,9,0.0,0.0
3106,19,3,10,0.0,0.0
3107,19,3,11,0.0,0.0
3108,19,3,12,0.0,0.0
3109,19,3,13,0.0,0.0
3110,19,3,14,0.0,0.0
3111,19,3,15,0.0,0.0
3112,19,3,16,0.0,0.0
3113,19,3,17,0.0,0.0
3114,19,3,18,0.0,0.0
3115,19,3,19,0.0,0.0
3116,19,3,20,0.0,0.0
3117,19,3,21,0.0,0.0
3118,19,3,22,0.0,0.0
3119,19,3,23,0.0,0.0
3120,19,4,0,0.0,0.0
3121,19,4,1,0.0,0.0
3122,19,4,2,0.0,0.0
3123,19,4,3,0.100128,0.0
3124,19,4,4,0.0,0.0
3125,19,4,5,0.0,0.0
3126,19,4,6,0.0,0.0
3127,19,4,7,0.0,0.0
3128,19,4,8,0.0,0.0
3129,19,4,9,0.0,0.0
3130,19,4,10,0.0,0.0
3131,19,4,11,0.0,0.0
3132,19,4,12,0.0,0.0
3133,19,4,13,0.0,0.0
3134,19,4,14,0.0,0.0
3135,19,4,15,0.0,0.0
3136,19,4,16,0.0,0.0
3137,19,4,17,0.0,0.0
3138,19,4,18,0.0,0.0
3139,19,4,19,0.0,0.0
3140,19,4,20,0.0,0.0
3141,19,4,21,0.0,0.0
3142,19,4,22,0.0,0.0
3143,19,4,23,0.0,0.0
3144,19,5,0,0.0,0.0
3145,19,5,1,0.0,0.0
3146,19,5,2,0.0,0.0
3147,19,5,3,0.0,0.0
3148,19,5,4,0.0,0.0
3149,19,5,5,0.0,0.0
3150,19,5,6,0.0,0.0
3151,19,5,7,0.0,0.0
3152,19,5,8,0.0,0.0
3153,19,5,9,0.0,0.0
3154,19,5,10,0.0,0.0
3155,19,5,11,0.0,0.0
3156,19,5,12,0.0,0.0
3157,19,5,13,0.0,0.0
3158,19,5,14,0.0,0.0
3159,19,5,15,0.0,0.0
3160,19,5,16,0.100128,0.0
3161,19,5,17,0.0,0.0
3162,19,5,18,0.0,0.0
3163,19,5,19,0.0,0.0
3164,19,5,20,0.0,0.0
3165,19,5,21,0.0,0.0
3166,19,5,22,0.0,0.0
3167,19,5,23,0.0,0.0
3168,19,6,0,0.0,0.0
3169,19,6,1,0.0,0.0
3170,19,6,2,0.0,0.0
3171,19,6,3,0.096168,0.0
3172,19,6,4,0.126264,0.0
3173,19,6,5,0.131412,0.0
3174,19,6,6,0.150816,0.0
3175,19,6,7,0.0,0.0
3176,19,6,8,0.0,0.0
3177,19,6,9,0.0,0.0
3178,19,6,10,0.0,0.0
3179,19,6,11,0.0,0.0
3180,19,6,12,0.0,0.0
3181,19,6,13,0.0,0.0
3182,19,6,14,0.276348,0.0
3183,19,6,15,0.139332,0.0
3184,19,6,16,0.147252,0.0
3185,19,6,17,0.093396,0.0
3186,19,6,18,0.262092,0.0
3187,19,6,19,0.403832,0.0
3188,19,6,20,0.559624,0.0
3189,19,6,21,0.299316,0.0
3190,19,6,22,0.122304,0.0
3191,19,6,23,0.0,0.0
3192,20,0,0,0.0,0.0
3193,20,0,1,0.13458,0.0
3194,20,0,2,0.120324,0.0
3195,20,0,3,0.0,0.0
3196,20,0,4,0.151608,0.0
3197,20,0,5,0.244668,0.0
3198,20,0,6,0.350796,0.0
3199,20,0,7,0.317928,0.0
3200,20,0,8,0.192792,0.0
3201,20,0,9,0.0,0.0
3202,20,0,10,0.0,0.0
3203,20,0,11,0.0,0.0
3204,20,0,12,0.0,0.0
3205,20,0,13,0.0,0.0
3206,20,0,14,0.0,0.0
3207,20,0,15,0.2118,0.0
3208,20,0,16,0.131808,0.0
3209,20,0,17,0.121116,0.0
3210,20,0,18,0.0,0.0
3211,20,0,19,0.0,0.0
3212,20,0,20,0.0,0.0
3213,20,0,21,0.0,0.0
3214,20,0,22,0.0,0.0
3215,20,0,23,0.0,0.0
3216,20,1,0,0.0,0.0
3217,20,1,1,0.0,0.0
3218,20,1,2,0.0,0.0
3219,20,1,3,0.0,0.0
3220,20,1,4,0.0,0.0
3221,20,1,5,0.0,0.0
3222,20,1,6,0.0,0.0
3223,20,1,7,0.0,0.0
3224,20,1,8,0.0,0.0
3225,20,1,9,0.0,0.0
3226,20,1,10,0.0,0.0
3227,20,1,11,0.0,0.0
3228,20,1,12,0.0,0.0
3229,20,1,13,0.0,0.0
3230,20,1,14,0.098148,0.0
3231,20,1,15,0.295356,0.0
3232,20,1,16,0.169428,0.0
3233,20,1,17,0.0,0.0
3234,20,1,18,0.0,0.0
3235,20,1,19,0.113196,0.0
3236,20,1,20,0.30486,0.0
3237,20,1,21,0.459888,0.0
3238,20,1,22,0.254964,0.0
3239,20,1,23,0.310404,0.0
3240,20,2,0,0.394368,0.0
3241,20,2,1,0.43004,0.0
3242,20,2,2,0.396552,0.0
3243,20,2,3,0.708864,0.0
3244,20,2,4,0.604032,0.0
3245,20,2,5,0.305256,0.0
3246,20,2,6,0.390728,0.0
3247,20,2,7,0.375348,0.0
3248,20,2,8,0.270408,0.0
3249,20,2,9,0.30684,0.0
3250,20,2,10,0.21972,0.0
3251,20,2,11,0.201504,0.0
3252,20,2,12,0.0,0.0
3253,20,2,13,0.119136,0.0
3254,20,2,14,0.127848,0.0
3255,20,2,15,0.0,0.0
3256,20,2,16,0.0,0.0
3257,20,2,17,0.0,0.0
3258,20,2,18,0.0,0.0
3259,20,2,19,0.0,0.0
3260,20,2,20,0.0,0.0
3261,20,2,21,0.0,0.0
3262,20,2,22,0.0,0.0
3263,20,2,23,0.0,0.0
3264,20,3,0,0.0,0.0
3265,20,3,1,0.0,0.0
3266,20,3,2,0.0,0.0
3267,20,3,3,0.0,0.0
3268,20,3,4,0.0,0.0
3269,20,3,5,0.0,0.0
3270,20,3,6,0.0,0.0
3271,20,3,7,0.0,0.0
3272,20,3,8,0.23556,0.0
3273,20,3,9,0.443872,0.0
3274,20,3,10,0.375348,0.0
3275,20,3,11,0.565448,0.0
3276,20,3,12,0.351588,0.0
3277,20,3,13,0.250608,0.0
3278,20,3,14,0.550888,0.0
3279,20,3,15,0.23358,0.0
3280,20,3,16,0.33456,0.0
3281,20,3,17,0.148044,0.0
3282,20,3,18,0.0,0.0
3283,20,3,19,0.0,0.0
3284,20,3,20,0.0,0.0
3285,20,3,21,0.0,0.0
3286,20,3,22,0.0,0.0
3287,20,3,23,0.0,0.0
3288,20,4,0,0.0,0.0
3289,20,4,1,0.0,0.0
3290,20,4,2,0.0,0.0
3291,20,4,3,0.0,0.0
3292,20,4,4,0.0,0.0
3293,20,4,5,0.0,0.0
3294,20,4,6,0.0,0.0
3295,20,4,7,0.0,0.0
3296,20,4,8,0.0,0.0
3297,20,4,9,0.0,0.0
3298,20,4,10,0.0,0.0
3299,20,4,11,0.0,0.0
3300,20,4,12,0.0,0.0
3301,20,4,13,0.0,0.0
3302,20,4,14,0.0,0.0
3303,20,4,15,0.0,0.0
3304,20,4,16,0.0,0.0
3305,20,4,17,0.0,0.0
3306,20,4,18,0.0,0.0
3307,20,4,19,0.0,0.0
3308,20,4,20,0.0,0.0
3309,20,4,21,0.0,0.0
3310,20,4,22,0.0,0.0
3311,20,4,23,0.0,0.0
3312,20,5,0,0.0,0.0
3313,20,5,1,0.0,0.0
3314,20,5,2,0.0,0.0
3315,20,5,3,0.0,0.0
3316,20,5,4,0.0,0.0
3317,20,5,5,0.0,0.0
3318,20,5,6,0.0,0.0
3319,20,5,7,0.0,0.0
3320,20,5,8,0.0,0.0
3321,20,5,9,0.0,0.0
3322,20,5,10,0.0,0.0
3323,20,5,11,0.0,0.0
3324,20,5,12,0.0,0.0
3325,20,5,13,0.0,0.0
3326,20,5,14,0.0,0.0
3327,20,5,15,0.0,0.0
3328,20,5,16,0.0,0.0
3329,20,5,17,0.0,0.0
3330,20,5,18,0.0,0.0
3331,20,5,19,0.0,0.0
3332,20,5,20,0.0,0.0
3333,20,5,21,0.0,0.0
3334,20,5,22,0.0,0.0
3335,20,5,23,0.0,0.0
3336,20,6,0,0.0,0.0
3337,20,6,1,0.0,0.0
3338,20,6,2,0.0,0.0
3339,20,6,3,0.0,0.0
3340,20,6,4,0.0,0.0
3341,20,6,5,0.0,0.0
3342,20,6,6,0.0,0.0
3343,20,6,7,0.0,0.0
3344,20,6,8,0.0,0.0
3345,20,6,9,0.0,0.0
3346,20,6,10,0.0,0.0
3347,20,6,11,0.0,0.0
3348,20,6,12,0.0,0.0
3349,20,6,13,0.0,0.0
3350,20,6,14,0.0,0.0
3351,20,6,15,0.0,0.0
3352,20,6,16,0.0,0.0
3353,20,6,17,0.0,0.0
3354,20,6,18,0.0,0.0
3355,20,6,19,0.0,0.0
3356,20,6,20,0.0,0.0
3357,20,6,21,0.0,0.0
3358,20,6,22,0.0,0.0
3359,20,6,23,0.0,0.0
3360,21,0,0,0.0,0.0
3361,21,0,1,0.0,0.0
3362,21,0,2,0.0,0.0
3363,21,0,3,0.0,0.0
3364,21,0,4,0.0,0.0
3365,21,0,5,0.125472,0.0
3366,21,0,6,0.0,0.0
3367,21,0,7,0.0,0.0
3368,21,0,8,0.0,0.0
3369,21,0,9,0.0,0.0
3370,21,0,10,0.0,0.0
3371,21,0,11,0.0,0.0
3372,21,0,12,0.0,0.0
3373,21,0,13,0.0,0.0
3374,21,0,14,0.0,0.0
3375,21,0,15,0.0,0.0
3376,21,0,16,0.0,0.0
3377,21,0,17,0.0,0.0
3378,21,0,18,0.0,0.0
3379,21,0,19,0.0,0.0
3380,21,0,20,0.0,0.0
3381,21,0,21,0.0,0.0
3382,21,0,22,0.0,0.0
3383,21,0,23,0.0,0.0
3384,21,1,0,0.0,0.0
3385,21,1,1,0.0,0.0
3386,21,1,2,0.0,0.0
3387,21,1,3,0.0,0.0
3388,21,1,4,0.0,0.0
3389,21,1,5,0.0,0.0
3390,21,1,6,0.0,0.0
3391,21,1,7,0.0,0.0
3392,21,1,8,0.0,0.0
3393,21,1,9,0.0,0.0
3394,21,1,10,0.0,0.0
3395,21,1,11,0.0,0.0
3396,21,1,12,0.0,0.0
3397,21,1,13,0.0,0.0
3398,21,1,14,0.0,0.0
3399,21,1,15,0.0,0.0
3400,21,1,16,0.0,0.0
3401,21,1,17,0.0,0.0
3402,21,1,18,0.0,0.0
3403,21,1,19,0.0,0.0
3404,21,1,20,0.0,0.0
3405,21,1,21,0.0,0.0
3406,21,1,22,0.0,0.0
3407,21,1,23,0.0,0.0
3408,21,2,0,0.0,0.0
3409,21,2,1,0.0,0.0
3410,21,2,2,0.0,0.0
3411,21,2,3,0.0,0.0
3412,21,2,4,0.0,0.0
3413,21,2,5,0.0,0.0
3414,21,2,6,0.0,0.0
3415,21,2,7,0.0,0.0
3416,21,2,8,0.0,0.0
3417,21,2,9,0.0,0.0
3418,21,2,10,0.0,0.0
3419,21,2,11,0.0,0.0
3420,21,2,12,0.0,0.0
3421,21,2,13,0.0,0.0
3422,21,2,14,0.0,0.0
3423,21,2,15,0.0,0.0
3424,21,2,16,0.0,0.0
3425,21,2,17,0.0,0.0
3426,21,2,18,0.0,0.0
3427,21,2,19,0.0,0.0
3428,21,2,20,0.0,0.0
3429,21,2,21,0.0,0.0
3430,21,2,22,0.0,0.0
3431,21,2,23,0.0,0.0
3432,21,3,0,0.0,0.0
3433,21,3,1,0.0,0.0
3434,21,3,2,0.0,0.0
3435,21,3,3,0.0,0.0
3436,21,3,4,0.0,0.0
3437,21,3,5,0.0,0.0
3438,21,3,6,0.0,0.0
3439,21,3,7,0.0,0.0
3440,21,3,8,0.0,0.0
3441,21,3,9,0.0,0.0
3442,21,3,10,0.0,0.0
3443,21,3,11,0.0,0.0
3444,21,3,12,0.0,0.0
3445,21,3,13,0.0,0.0
3446,21,3,14,0.0,0.0
3447,21,3,15,0.0,0.0
3448,21,3,16,0.0,0.0
3449,21,3,17,0.0,0.0
3450,21,3,18,0.0,0.0
3451,21,3,19,0.0,0.0
3452,21,3,20,0.0,0.0
3453,21,3,21,0.0,0.0
3454,21,3,22,0.0,0.0
3455,21,3,23,0.0,0.0
3456,21,4,0,0.0,0.0
3457,21,4,1,0.0,0.0
3458,21,4,2,0.0,0.0
3459,21,4,3,0.0,0.0
3460,21,4,4,0.0,0.0
3461,21,4,5,0.0,0.0
3462,21,4,6,0.0,0.0
3463,21,4,7,0.0,0.0
3464,21,4,8,0.0,0.0
3465,21,4,9,0.0,0.0
3466,21,4,10,0.0,0.0
3467,21,4,11,0.0,0.0
3468,21,4,12,0.0,0.0
3469,21,4,13,0.0,0.0
3470,21,4,14,0.0,0.0
3471,21,4,15,0.0,0.0
3472,21,4,16,0.0,0.0
3473,21,4,17,0.0,0.0
3474,21,4,18,0.0,0.0
3475,21,4,19,0.0,0.0
3476,21,4,20,0.0,0.0
3477,21,4,21,0.0,0.0
3478,21,4,22,0.140124,0.0
3479,21,4,23,0.0,0.0
3480,21,5,0,0.0,0.0
3481,21,5,1,0.0,0.0
3482,21,5,2,0.0,0.0
3483,21,5,3,0.0,0.0
3484,21,5,4,0.0,0.0
3485,21,5,5,0.0,0.0
3486,21,5,6,0.0,0.0
3487,21,5,7,0.0,0.0
3488,21,5,8,0.0,0.0
3489,21,5,9,0.0,0.0
3490,21,5,10,0.0,0.0
3491,21,5,11,0.0,0.0
3492,21,5,12,0.0,0.0
3493,21,5,13,0.0,0.0
3494,21,5,14,0.0,0.0
3495,21,5,15,0.0,0.0
3496,21,5,16,0.0,0.0
3497,21,5,17,0.0,0.0
3498,21,5,18,0.0,0.0
3499,21,5,19,0.0,0.0
3500,21,5,20,0.0,0.0
3501,21,5,21,0.0,0.0
3502,21,5,22,0.0,0.0
3503,21,5,23,0.0,0.0
3504,21,6,0,0.0,0.0
3505,21,6,1,0.0,0.0
3506,21,6,2,0.0,0.0
3507,21,6,3,0.0,0.0
3508,21,6,4,0.0,0.0
3509,21,6,5,0.0,0.0
3510,21,6,6,0.0,0.0
3511,21,6,7,0.0,0.0
3512,21,6,8,0.0,0.0
3513,21,6,9,0.0,0.0
3514,21,6,10,0.0,0.0
3515,21,6,11,0.0,0.0
3516,21,6,12,0.0,0.0
3517,21,6,13,0.0,0.0
3518,21,6,14,0.0,0.0
3519,21,6,15,0.0,0.0
3520,21,6,16,0.0,0.0
3521,21,6,17,0.0,0.0
3522,21,6,18,0.0,0.0
3523,21,6,19,0.0,0.0
3524,21,6,20,0.0,0.0
3525,21,6,21,0.0,0.0
3526,21,6,22,0.0,0.0
3527,21,6,23,0.0,0.0
3528,22,0,0,0.0,0.0
3529,22,0,1,0.0,0.0
3530,22,0,2,0.0,0.0
3531,22,0,3,0.0,0.0
3532,22,0,4,0.0,0.0
3533,22,0,5,0.0,0.0
3534,22,0,6,0.0,0.0
3535,22,0,7,0.0,0.0
3536,22,0,8,0.0,0.0
3537,22,0,9,0.0,0.0
3538,22,0,10,0.0,0.0
3539,22,0,11,0.0,0.0
3540,22,0,12,0.0,0.0
3541,22,0,13,0.0,0.0
3542,22,0,14,0.0,0.0
3543,22,0,15,0.0,0.0
3544,22,0,16,0.0,0.0
3545,22,0,17,0.0,0.0
3546,22,0,18,0.0,0.0
3547,22,0,19,0.0,0.0
3548,22,0,20,0.387228,0.0
3549,22,0,21,0.427856,0.0
3550,22,0,22,0.472264,0.0
3551,22,0,23,0.373368,0.0
3552,22,1,0,0.39,0.0
3553,22,1,1,0.471536,0.0
3554,22,1,2,0.27516,0.0
3555,22,1,3,0.253776,0.0
3556,22,1,4,0.11676,0.0
3557,22,1,5,0.0,0.0
3558,22,1,6,0.0,0.0
3559,22,1,7,0.0,0.0
3560,22,1,8,0.0,0.0
3561,22,1,9,0.0,0.0
3562,22,1,10,0.0,0.0
3563,22,1,11,0.0,0.0
3564,22,1,12,0.0,0.0
3565,22,1,13,0.0,0.0
3566,22,1,14,0.0,0.0
3567,22,1,15,0.0,0.0
3568,22,1,16,0.0,0.0
3569,22,1,17,0.0,0.0
3570,22,1,18,0.0,0.0
3571,22,1,19,0.0,0.0
3572,22,1,20,0.0,0.0
3573,22,1,21,0.0,0.0
3574,22,1,22,0.0,0.0
3575,22,1,23,0.0,0.0
3576,22,2,0,0.0,0.0
3577,22,2,1,0.0,0.0
3578,22,2,2,0.0,0.0
3579,22,2,3,0.0,0.0
3580,22,2,4,0.0,0.0
3581,22,2,5,0.0,0.0
3582,22,2,6,0.0,0.0
3583,22,2,7,0.0,0.0
3584,22,2,8,0.0,0.0
3585,22,2,9,0.0,0.0
3586,22,2,10,0.0,0.0
3587,22,2,11,0.0,0.0
3588,22,2,12,0.0,0.0
3589,22,2,13,0.0,0.0
3590,22,2,14,0.0,0.0
3591,22,2,15,0.0,0.0
3592,22,2,16,0.0,0.0
3593,22,2,17,0.0,0.0
3594,22,2,18,0.0,0.0
3595,22,2,19,0.0,0.0
3596,22,2,20,0.0,0.0
3597,22,2,21,0.0,0.0
3598,22,2,22,0.0,0.0
3599,22,2,23,0.0,0.0
3600,22,3,0,0.0,0.0
3601,22,3,1,0.0,0.0
3602,22,3,2,0.0,0.0
3603,22,3,3,0.0,0.0
3604,22,3,4,0.0,0.0
3605,22,3,5,0.0,0.0
3606,22,3,6,0.0,0.0
3607,22,3,7,0.0,0.0
3608,22,3,8,0.0,0.0
3609,22,3,9,0.0,0.0
3610,22,3,10,0.0,0.0
3611,22,3,11,0.0,0.0
3612,22,3,12,0.0,0.0
3613,22,3,13,0.0,0.0
3614,22,3,14,0.0,0.0
3615,22,3,15,0.0,0.0
3616,22,3,16,0.0,0.0
3617,22,3,17,0.0,0.0
3618,22,3,18,0.0,0.0
3619,22,3,19,0.0,0.0
3620,22,3,20,0.0,0.0
3621,22,3,21,0.0,0.0
3622,22,3,22,0.0,0.0
3623,22,3,23,0.0,0.0
3624,22,4,0,0.0,0.0
3625,22,4,1,0.0,0.0
3626,22,4,2,0.0,0.0
3627,22,4,3,0.0,0.0
3628,22,4,4,0.0,0.0
3629,22,4,5,0.0,0.0
3630,22,4,6,0.0,0.0
3631,22,4,7,0.0,0.0
3632,22,4,8,0.0,0.0
3633,22,4,9,0.0,0.0
3634,22,4,10,0.0,0.0
3635,22,4,11,0.0,0.0
3636,22,4,12,0.0,0.0
3637,22,4,13,0.0,0.0
3638,22,4,14,0.0,0.0
3639,22,4,15,0.0,0.0
3640,22,4,16,0.0,0.0
3641,22,4,17,0.0,0.0
3642,22,4,18,0.0,0.0
3643,22,4,19,0.0,0.0
3644,22,4,20,0.0,0.0
3645,22,4,21,0.0,0.0
3646,22,4,22,0.186456,0.0
3647,22,4,23,0.119928,0.0
3648,22,5,0,0.0,0.0
3649,22,5,1,0.0,0.0
3650,22,5,2,0.0,0.0
3651,22,5,3,0.0,0.0
3652,22,5,4,0.0,0.0
3653,22,5,5,0.0,0.0
3654,22,5,6,0.0,0.0
3655,22,5,7,0.0,0.0
3656,22,5,8,0.0,0.0
3657,22,5,9,0.0,0.0
3658,22,5,10,0.0,0.0
3659,22,5,11,0.0,0.0
3660,22,5,12,0.0,0.0
3661,22,5,13,0.0,0.0
3662,22,5,14,0.0,0.0
3663,22,5,15,0.0,0.0
3664,22,5,16,0.0,0.0
3665,22,5,17,0.0,0.0
3666,22,5,18,0.0,0.0
3667,22,5,19,0.115968,0.0
3668,22,5,20,0.295752,0.0
3669,22,5,21,0.283872,0.0
3670,22,5,22,0.12864,0.0
3671,22,5,23,0.103296,0.0
3672,22,6,0,0.0,0.0
3673,22,6,1,0.0,0.0
3674,22,6,2,0.0,0.0
3675,22,6,3,0.113988,0.0
3676,22,6,4,0.0,0.0
3677,22,6,5,0.0,0.0
3678,22,6,6,0.105276,0.0
3679,22,6,7,0.114384,0.0
3680,22,6,8,0.0,0.0
3681,22,6,9,0.0,0.0
3682,22,6,10,0.0,0.0
3683,22,6,11,0.0,0.0
3684,22,6,12,0.0,0.0
3685,22,6,13,0.0,0.0
3686,22,6,14,0.0,0.0
3687,22,6,15,0.0,0.0
3688,22,6,16,0.0,0.0
3689,22,6,17,0.0,0.0
3690,22,6,18,0.0,0.0
3691,22,6,19,0.0,0.0
3692,22,6,20,0.0,0.0
3693,22,6,21,0.0,0.0
3694,22,6,22,0.0,0.0
3695,22,6,23,0.0,0.0
3696,23,0,0,0.0,0.0
3697,23,0,1,0.0,0.0
3698,23,0,2,0.0,0.0
3699,23,0,3,0.0,0.0
3700,23,0,4,0.0,0.0
3701,23,0,5,0.0,0.0
3702,23,0,6,0.0,0.0
3703,23,0,7,0.0,0.0
3704,23,0,8,0.0,0.0
3705,23,0,9,0.0,0.0
3706,23,0,10,0.0,0.0
3707,23,0,11,0.0,0.0
3708,23,0,12,0.0,0.0
3709,23,0,13,0.0,0.0
3710,23,0,14,0.0,0.0
3711,23,0,15,0.0,0.0
3712,23,0,16,0.0,0.0
3713,23,0,17,0.0,0.0
3714,23,0,18,0.0,0.0
3715,23,0,19,0.0,0.0
3716,23,0,20,0.0,0.0
3717,23,0,21,0.0,0.0
3718,23,0,22,0.0,0.0
3719,23,0,23,0.0,0.0
3720,23,1,0,0.0,0.0
3721,23,1,1,0.0,0.0
3722,23,1,2,0.0,0.0
3723,23,1,3,0.0,0.0
3724,23,1,4,0.0,0.0
3725,23,1,5,0.0,0.0
3726,23,1,6,0.0,0.0
3727,23,1,7,0.0,0.0
3728,23,1,8,0.0,0.0
3729,23,1,9,0.0,0.0
3730,23,1,10,0.0,0.0
3731,23,1,11,0.0,0.0
3732,23,1,12,0.0,0.0
3733,23,1,13,0.0,0.0
3734,23,1,14,0.0,0.0
3735,23,1,15,0.0,0.0
3736,23,1,16,0.0,0.0
3737,23,1,17,0.0,0.0
3738,23,1,18,0.0,0.0
3739,23,1,19,0.0,0.0
3740,23,1,20,0.0,0.0
3741,23,1,21,0.100524,0.0
3742,23,1,22,0.0,0.0
3743,23,1,23,0.0,0.0
3744,23,2,0,0.0,0.0
3745,23,2,1,0.0,0.0
3746,23,2,2,0.0,0.0
3747,23,2,3,0.0,0.0
3748,23,2,4,0.0,0.0
3749,23,2,5,0.0,0.0
3750,23,2,6,0.0,0.0
3751,23,2,7,0.0,0.0
3752,23,2,8,0.0,0.0
3753,23,2,9,0.0,0.0
3754,23,2,10,0.0,0.0
3755,23,2,11,0.0,0.0
3756,23,2,12,0.0,0.0
3757,23,2,13,0.0,0.0
3758,23,2,14,0.0,0.0
3759,23,2,15,0.0,0.0
3760,23,2,16,0.0,0.0
3761,23,2,17,0.0,0.0
3762,23,2,18,0.0,0.0
3763,23,2,19,0.0,0.0
3764,23,2,20,0.0,0.0
3765,23,2,21,0.0,0.0
3766,23,2,22,0.0,0.0
3767,23,2,23,0.0,0.0
3768,23,3,0,0.0,0.0
3769,23,3,1,0.0,0.0
3770,23,3,2,0.0,0.0
3771,23,3,3,0.0,0.0
3772,23,3,4,0.0,0.0
3773,23,3,5,0.0,0.0
3774,23,3,6,0.0,0.0
3775,23,3,7,0.0,0.0
3776,23,3,8,0.0,0.0
3777,23,3,9,0.0,0.0
3778,23,3,10,0.0,0.0
3779,23,3,11,0.0,0.0
3780,23,3,12,0.0,0.0
3781,23,3,13,0.0,0.0
3782,23,3,14,0.0,0.0
3783,23,3,15,0.0,0.0
3784,23,3,16,0.0,0.0
3785,23,3,17,0.0,0.0
3786,23,3,18,0.0,0.0
3787,23,3,19,0.0,0.0
3788,23,3,20,0.0,0.0
3789,23,3,21,0.0,0.0
3790,23,3,22,0.0,0.0
3791,23,3,23,0.0,0.0
3792,23,4,0,0.0,0.0
3793,23,4,1,0.0,0.0
3794,23,4,2,0.0,0.0
3795,23,4,3,0.0,0.0
3796,23,4,4,0.0,0.0
3797,23,4,5,0.0,0.0
3798,23,4,6,0.0,0.0
3799,23,4,7,0.0,0.0
3800,23,4,8,0.0,0.0
3801,23,4,9,0.0,0.0
3802,23,4,10,0.0,0.0
3803,23,4,11,0.0,0.0
3804,23,4,12,0.0,0.0
3805,23,4,13,0.0,0.0
3806,23,4,14,0.0,0.0
3807,23,4,15,0.0,0.0
3808,23,4,16,0.0,0.0
3809,23,4,17,0.0,0.0
3810,23,4,18,0.0,0.0
3811,23,4,19,0.0,0.0
3812,23,4,20,0.0,0.0
3813,23,4,21,0.0,0.0
3814,23,4,22,0.0,0.0
3815,23,4,23,0.0,0.0
3816,23,5,0,0.0,0.0
3817,23,5,1,0.0,0.0
3818,23,5,2,0.0,0.0
3819,23,5,3,0.116364,0.0
3820,23,5,4,0.0,0.0
3821,23,5,5,0.0,0.0
3822,23,5,6,0.0,0.0
3823,23,5,7,0.0,0.0
3824,23,5,8,0.0,0.0
3825,23,5,9,0.0,0.0
3826,23,5,10,0.0,0.0
3827,23,5,11,0.0,0.0
3828,23,5,12,0.0,0.0
3829,23,5,13,0.0,0.0
3830,23,5,14,0.0,0.0
3831,23,5,15,0.0,0.0
3832,23,5,16,0.0,0.0
3833,23,5,17,0.0,0.0
3834,23,5,18,0.0,0.0
3835,23,5,19,0.0,0.0
3836,23,5,20,0.133392,0.0
3837,23,5,21,0.137748,0.0
3838,23,5,22,0.0,0.0
3839,23,5,23,0.0,0.0
3840,23,6,0,0.0,0.0
3841,23,6,1,0.0,0.0
3842,23,6,2,0.0,0.0
3843,23,6,3,0.0,0.0
3844,23,6,4,0.0,0.0
3845,23,6,5,0.0,0.0
3846,23,6,6,0.0,0.0
3847,23,6,7,0.0,0.0
3848,23,6,8,0.0,0.0
3849,23,6,9,0.0,0.0
3850,23,6,10,0.0,0.0
3851,23,6,11,0.0,0.0
3852,23,6,12,0.0,0.0
3853,23,6,13,0.0,0.0
3854,23,6,14,0.0,0.0
3855,23,6,15,0.0,0.0
3856,23,6,16,0.0,0.0
3857,23,6,17,0.0,0.0
3858,23,6,18,0.0,0.0
3859,23,6,19,0.0,0.0
3860,23,6,20,0.0,0.0
3861,23,6,21,0.0,0.0
3862,23,6,22,0.146856,0.0
3863,23,6,23,0.0,0.0
3864,24,0,0,0.0,0.0
3865,24,0,1,0.0,0.0
3866,24,0,2,0.0,0.0
3867,24,0,3,0.0,0.0
3868,24,0,4,0.153588,0.0
3869,24,0,5,0.163488,0.0
3870,24,0,6,0.0,0.0
3871,24,0,7,0.0,0.0
3872,24,0,8,0.0,0.0
3873,24,0,9,0.0,0.0
3874,24,0,10,0.0,0.0
3875,24,0,11,0.0,0.0
3876,24,0,12,0.0,0.0
3877,24,0,13,0.0,0.0
3878,24,0,14,0.0,0.0
3879,24,0,15,0.0,0.0
3880,24,0,16,0.0,0.0
3881,24,0,17,0.0,0.0
3882,24,0,18,0.0,0.0
3883,24,0,19,0.0,0.0
3884,24,0,20,0.0,0.0
3885,24,0,21,0.0,0.0
3886,24,0,22,0.0,0.0
3887,24,0,23,0.0,0.0
3888,24,1,0,0.0,0.0
3889,24,1,1,0.0,0.0
3890,24,1,2,0.0,0.0
3891,24,1,3,0.0,0.0
3892,24,1,4,0.0,0.0
3893,24,1,5,0.0,0.0
3894,24,1,6,0.0,0.0
3895,24,1,7,0.0,0.0
3896,24,1,8,0.0,0.0
3897,24,1,9,0.0,0.0
3898,24,1,10,0.0,0.0
3899,24,1,11,0.0,0.0
3900,24,1,12,0.0,0.0
3901,24,1,13,0.0,0.0
3902,24,1,14,0.0,0.0
3903,24,1,15,0.0,0.0
3904,24,1,16,0.0,0.0
3905,24,1,17,0.0,0.0
3906,24,1,18,0.0,0.0
3907,24,1,19,0.0,0.0
3908,24,1,20,0.0,0.0
3909,24,1,21,0.0,0.0
3910,24,1,22,0.0,0.0
3911,24,1,23,0.0,0.0
3912,24,2,0,0.0,0.0
3913,24,2,1,0.0,0.0
3914,24,2,2,0.0,0.0
3915,24,2,3,0.0,0.0
3916,24,2,4,0.0,0.0
3917,24,2,5,0.0,0.0
3918,24,2,6,0.0,0.0
3919,24,2,7,0.0,0.0
3920,24,2,8,0.0,0.0
3921,24,2,9,0.0,0.0
3922,24,2,10,0.0,0.0
3923,24,2,11,0.0,0.0
3924,24,2,12,0.0,0.0
3925,24,2,13,0.0,0.0
3926,24,2,14,0.0,0.0
3927,24,2,15,0.0,0.0
3928,24,2,16,0.0,0.0
3929,24,2,17,0.0,0.0
3930,24,2,18,0.0,0.0
3931,24,2,19,0.0,0.0
3932,24,2,20,0.0,0.0
3933,24,2,21,0.0,0.0
3934,24,2,22,0.0,0.0
3935,24,2,23,0.0,0.0
3936,24,3,0,0.0,0.0
3937,24,3,1,0.0,0.0
3938,24,3,2,0.0,0.0
3939,24,3,3,0.0,0.0
3940,24,3,4,0.0,0.0
3941,24,3,5,0.0,0.0
3942,24,3,6,0.0,0.0
3943,24,3,7,0.0,0.0
3944,24,3,8,0.0,0.0
3945,24,3,9,0.0,0.0
3946,24,3,10,0.0,0.0
3947,24,3,11,0.0,0.0
3948,24,3,12,0.0,0.0
3949,24,3,13,0.0,0.0
3950,24,3,14,0.0,0.0
3951,24,3,15,0.0,0.0
3952,24,3,16,0.0,0.0
3953,24,3,17,0.0,0.0
3954,24,3,18,0.0,0.0
3955,24,3,19,0.0,0.0
3956,24,3,20,0.0,0.0
3957,24,3,21,0.0,0.0
3958,24,3,22,0.0,0.0
3959,24,3,23,0.0,0.0
3960,24,4,0,0.0,0.0
3961,24,4,1,0.0,0.0
3962,24,4,2,0.0,0.0
3963,24,4,3,0.0,0.0
3964,24,4,4,0.0,0.0
3965,24,4,5,0.0,0.0
3966,24,4,6,0.0,0.0
3967,24,4,7,0.0,0.0
3968,24,4,8,0.0,0.0
3969,24,4,9,0.0,0.0
3970,24,4,10,0.0,0.0
3971,24,4,11,0.0,0.0
3972,24,4,12,0.0,0.0
3973,24,4,13,0.0,0.0
3974,24,4,14,0.0,0.0
3975,24,4,15,0.0,0.0
3976,24,4,16,0.0,0.0
3977,24,4,17,0.0,0.0
3978,24,4,18,0.0,0.0
3979,24,4,19,0.0,0.0
3980,24,4,20,0.0,0.0
3981,24,4,21,0.0,0.0
3982,24,4,22,0.0,0.0
3983,24,4,23,0.0,0.0
3984,24,5,0,0.0,0.0
3985,24,5,1,0.0,0.0
3986,24,5,2,0.0,0.0
3987,24,5,3,0.0,0.0
3988,24,5,4,0.226452,0.0
3989,24,5,5,0.0,0.0
3990,24,5,6,0.0,0.0
3991,24,5,7,0.0,0.0
3992,24,5,8,0.0,0.0
3993,24,5,9,0.0,0.0
3994,24,5,10,0.0,0.0
3995,24,5,11,0.0,0.0
3996,24,5,12,0.0,0.0
3997,24,5,13,0.0,0.0
3998,24,5,14,0.0,0.0
3999,24,5,15,0.0,0.0
4000,24,5,16,0.0,0.0
4001,24,5,17,0.0,0.0
4002,24,5,18,0.0,0.0
4003,24,5,19,0.0,0.0
4004,24,5,20,0.0,0.0
4005,24,5,21,0.0,0.0
4006,24,5,22,0.0,0.0
4007,24,5,23,0.0,0.0
4008,24,6,0,0.0,0.0
4009,24,6,1,0.0,0.0
4010,24,6,2,0.0,0.0
4011,24,6,3,0.0,0.0
4012,24,6,4,0.0,0.0
4013,24,6,5,0.0,0.0
4014,24,6,6,0.0,0.0
4015,24,6,7,0.0,0.0
4016,24,6,8,0.0,0.0
4017,24,6,9,0.0,0.0
4018,24,6,10,0.0,0.0
4019,24,6,11,0.0,0.0
4020,24,6,12,0.0,0.0
4021,24,6,13,0.0,0.0
4022,24,6,14,0.0,0.0
4023,24,6,15,0.0,0.0
4024,24,6,16,0.0,0.0
4025,24,6,17,0.0,0.0
4026,24,6,18,0.0,0.0
4027,24,6,19,0.0,0.0
4028,24,6,20,0.0,0.0
4029,24,6,21,0.0,0.0
4030,24,6,22,0.0,0.0
4031,24,6,23,0.0,0.0
4032,25,0,0,0.0,0.0
4033,25,0,1,0.0,0.0
4034,25,0,2,0.0,0.0
4035,25,0,3,0.121908,0.0
4036,25,0,4,0.0,0.0
4037,25,0,5,0.0,0.0
4038,25,0,6,0.0,0.0
4039,25,0,7,0.0,0.0
4040,25,0,8,0.0,0.0
4041,25,0,9,0.0,0.0
4042,25,0,10,0.0,0.0
4043,25,0,11,0.0,0.0
4044,25,0,12,0.0,0.0
4045,25,0,13,0.0,0.0
4046,25,0,14,0.0,0.0
4047,25,0,15,0.0,0.0
4048,25,0,16,0.0,0.0
4049,25,0,17,0.0,0.0
4050,25,0,18,0.0,0.0
4051,25,0,19,0.0,0.0
4052,25,0,20,0.0,0.0
4053,25,0,21,0.1029,0.0
4054,25,0,22,0.162696,0.0
4055,25,0,23,0.095772,0.0
4056,25,1,0,0.0,0.0
4057,25,1,1,0.0,0.0
4058,25,1,2,0.0,0.0
4059,25,1,3,0.0,0.0
4060,25,1,4,0.0,0.0
4061,25,1,5,0.0,0.0
4062,25,1,6,0.134184,0.0
4063,25,1,7,0.136164,0.0
4064,25,1,8,0.0,0.0
4065,25,1,9,0.0,0.0
4066,25,1,10,0.0,0.0
4067,25,1,11,0.0,0.0
4068,25,1,12,0.0,0.0
4069,25,1,13,0.0,0.0
4070,25,1,14,0.0,0.0
4071,25,1,15,0.0,0.0
4072,25,1,16,0.0,0.0
4073,25,1,17,0.0,0.0
4074,25,1,18,0.0,0.0
4075,25,1,19,0.0,0.0
4076,25,1,20,0.0,0.0
4077,25,1,21,0.0,0.0
4078,25,1,22,0.0,0.0
4079,25,1,23,0.0,0.0
4080,25,2,0,0.0,0.0
4081,25,2,1,0.0,0.0
4082,25,2,2,0.0,0.0
4083,25,2,3,0.0,0.0
4084,25,2,4,0.0,0.0
4085,25,2,5,0.0,0.0
4086,25,2,6,0.0,0.0
4087,25,2,7,0.285456,0.0
4088,25,2,8,0.445328,0.0
4089,25,2,9,0.776568,0.0
4090,25,2,10,0.715416,0.0
4091,25,2,11,1.05885,0.0
4092,25,2,12,1.10085,0.0
4093,25,2,13,0.905424,0.0
4094,25,2,14,0.812968,0.0
4095,25,2,15,0.487552,0.0
4096,25,2,16,0.278724,0.0
4097,25,2,17,0.250608,0.0
4098,25,2,18,0.127848,0.0
4099,25,2,19,0.126264,0.0
4100,25,2,20,0.0,0.0
4101,25,2,21,0.0,0.0
4102,25,2,22,0.0,0.0
4103,25,2,23,0.0,0.0
4104,25,3,0,0.0,0.0
4105,25,3,1,0.0,0.0
4106,25,3,2,0.0,0.0
4107,25,3,3,0.0,0.0
4108,25,3,4,0.0,0.0
4109,25,3,5,0.0,0.0
4110,25,3,6,0.0,0.0
4111,25,3,7,0.0,0.0
4112,25,3,8,0.0,0.0
4113,25,3,9,0.0,0.0
4114,25,3,10,0.0,0.0
4115,25,3,11,0.0,0.0
4116,25,3,12,0.0,0.0
4117,25,3,13,0.0,0.0
4118,25,3,14,0.0,0.0
4119,25,3,15,0.0,0.0
4120,25,3,16,0.0,0.0
4121,25,3,17,0.0,0.0
4122,25,3,18,0.0,0.0
4123,25,3,19,0.0,0.0
4124,25,3,20,0.0,0.0
4125,25,3,21,0.0,0.0
4126,25,3,22,0.0,0.0
4127,25,3,23,0.0,0.0
4128,25,4,0,0.0,0.0
4129,25,4,1,0.0,0.0
4130,25,4,2,0.0,0.0
4131,25,4,3,0.0,0.0
4132,25,4,4,0.0,0.0
4133,25,4,5,0.0,0.0
4134,25,4,6,0.0,0.0
4135,25,4,7,0.0,0.0
4136,25,4,8,0.0,0.0
4137,25,4,9,0.0,0.0
4138,25,4,10,0.0,0.0
4139,25,4,11,0.0,0.0
4140,25,4,12,0.0,0.0
4141,25,4,13,0.0,0.0
4142,25,4,14,0.0,0.0
4143,25,4,15,0.0,0.0
4144,25,4,16,0.0,0.0
4145,25,4,17,0.0,0.0
4146,25,4,18,0.0,0.0
4147,25,4,19,0.0,0.0
4148,25,4,20,0.0,0.0
4149,25,4,21,0.0,0.0
4150,25,4,22,0.0,0.0
4151,25,4,23,0.0,0.0
4152,25,5,0,0.0,0.0
4153,25,5,1,0.0,0.0
4154,25,5,2,0.0,0.0
4155,25,5,3,0.0,0.0
4156,25,5,4,0.0,0.0
4157,25,5,5,0.0,0.0
4158,25,5,6,0.0,0.0
4159,25,5,7,0.0,0.0
4160,25,5,8,0.0,0.0
4161,25,5,9,0.0,0.0
4162,25,5,10,0.0,0.0
4163,25,5,11,0.0,0.0
4164,25,5,12,0.0,0.0
4165,25,5,13,0.0,0.0
4166,25,5,14,0.0,0.0
4167,25,5,15,0.0,0.0
4168,25,5,16,0.0,0.0
4169,25,5,17,0.0,0.0
4170,25,5,18,0.0,0.0
4171,25,5,19,0.0,0.0
4172,25,5,20,0.0,0.0
4173,25,5,21,0.0,0.0
4174,25,5,22,0.0,0.0
4175,25,5,23,0.0,0.0
4176,25,6,0,0.0,0.0
4177,25,6,1,0.105276,0.0
4178,25,6,2,0.0,0.0
4179,25,6,3,0.0,0.0
4180,25,6,4,0.0,0.0
4181,25,6,5,0.0,0.0
4182,25,6,6,0.0,0.0
4183,25,6,7,0.0,0.0
4184,25,6,8,0.0,0.0
4185,25,6,9,0.0,0.0
4186,25,6,10,0.0,0.0
4187,25,6,11,0.0,0.0
4188,25,6,12,0.0,0.0
4189,25,6,13,0.0,0.0
4190,25,6,14,0.0,0.0
4191,25,6,15,0.0,0.0
4192,25,6,16,0.0,0.0
4193,25,6,17,0.0,0.0
4194,25,6,18,0.0,0.0
4195,25,6,19,0.0,0.0
4196,25,6,20,0.0,0.0
4197,25,6,21,0.0,0.0
4198,25,6,22,0.0,0.0
4199,25,6,23,0.0,0.0
4200,26,0,0,0.0,0.0
4201,26,0,1,0.0,0.0
4202,26,0,2,0.0,0.0
4203,26,0,3,0.0,0.0
4204,26,0,4,0.618592,0.0
4205,26,0,5,0.319512,0.0
4206,26,0,6,0.117156,0.0
4207,26,0,7,0.0,0.0
4208,26,0,8,0.0,0.0
4209,26,0,9,0.0,0.0
4210,26,0,10,0.0,0.0
4211,26,0,11,0.0,0.0
4212,26,0,12,0.0,0.0
4213,26,0,13,0.0,0.0
4214,26,0,14,0.0,0.0
4215,26,0,15,0.0,0.0
4216,26,0,16,0.0,0.0
4217,26,0,17,0.0,0.0
4218,26,0,18,0.0,0.0
4219,26,0,19,0.0,0.0
4220,26,0,20,0.0,0.0
4221,26,0,21,0.0,0.0
4222,26,0,22,0.0,0.0
4223,26,0,23,0.0,0.0
4224,26,1,0,0.0,0.0
4225,26,1,1,0.0,0.0
4226,26,1,2,0.0,0.0
4227,26,1,3,0.0,0.0
4228,26,1,4,0.0,0.0
4229,26,1,5,0.0,0.0
4230,26,1,6,0.0,0.0
4231,26,1,7,0.0,0.0
4232,26,1,8,0.0,0.0
4233,26,1,9,0.0,0.0
4234,26,1,10,0.0,0.0
4235,26,1,11,0.0,0.0
4236,26,1,12,0.0,0.0
4237,26,1,13,0.0,0.0
4238,26,1,14,0.0,0.0
4239,26,1,15,0.0,0.0
4240,26,1,16,0.0,0.0
4241,26,1,17,0.0,0.0
4242,26,1,18,0.0,0.0
4243,26,1,19,0.0,0.0
4244,26,1,20,0.0,0.0
4245,26,1,21,0.0,0.0
4246,26,1,22,0.0,0.0
4247,26,1,23,0.0,0.0
4248,26,2,0,0.0,0.0
4249,26,2,1,0.0,0.0
4250,26,2,2,0.0,0.0
4251,26,2,3,0.0,0.0
4252,26,2,4,0.0,0.0
4253,26,2,5,0.184476,0.0
4254,26,2,6,0.0,0.0
4255,26,2,7,0.0,0.0
4256,26,2,8,0.0,0.0
4257,26,2,9,0.0,0.0
4258,26,2,10,0.0,0.0
4259,26,2,11,0.0,0.0
4260,26,2,12,0.0,0.0
4261,26,2,13,0.0,0.0
4262,26,2,14,0.0,0.0
4263,26,2,15,0.0,0.0
4264,26,2,16,0.0,0.0
4265,26,2,17,0.0,0.0
4266,26,2,18,0.0,0.0
4267,26,2,19,0.0,0.0
4268,26,2,20,0.0,0.0
4269,26,2,21,0.0,0.0
4270,26,2,22,0.0,0.0
4271,26,2,23,0.0,0.0
4272,26,3,0,0.153588,0.0
4273,26,3,1,0.10884,0.0
4274,26,3,2,0.120324,0.0
4275,26,3,3,0.149232,0.0
4276,26,3,4,0.226452,0.0
4277,26,3,5,0.0,0.0
4278,26,3,6,0.0,0.0
4279,26,3,7,0.0,0.0
4280,26,3,8,0.0,0.0
4281,26,3,9,0.0,0.0
4282,26,3,10,0.0,0.0
4283,26,3,11,0.0,0.0
4284,26,3,12,0.0,0.0
4285,26,3,13,0.0,0.0
4286,26,3,14,0.0,0.0
4287,26,3,15,0.0,0.0
4288,26,3,16,0.0,0.0
4289,26,3,17,0.0,0.0
4290,26,3,18,0.0,0.0
4291,26,3,19,0.0,0.0
4292,26,3,20,0.0,0.0
4293,26,3,21,0.0,0.0
4294,26,3,22,0.0,0.0
4295,26,3,23,0.0,0.0
4296,26,4,0,0.0,0.0
4297,26,4,1,0.0,0.0
4298,26,4,2,0.0,0.0
4299,26,4,3,0.0,0.0
4300,26,4,4,0.0,0.0
4301,26,4,5,0.0,0.0
4302,26,4,6,0.0,0.0
4303,26,4,7,0.0,0.0
4304,26,4,8,0.0,0.0
4305,26,4,9,0.0,0.0
4306,26,4,10,0.0,0.0
4307,26,4,11,0.0,0.0
4308,26,4,12,0.0,0.0
4309,26,4,13,0.0,0.0
4310,26,4,14,0.0,0.0
4311,26,4,15,0.0,0.0
4312,26,4,16,0.0,0.0
4313,26,4,17,0.0,0.0
4314,26,4,18,0.0,0.0
4315,26,4,19,0.0,0.0
4316,26,4,20,0.0,0.0
4317,26,4,21,0.0,0.0
4318,26,4,22,0.0,0.0
4319,26,4,23,0.0,0.0
4320,26,5,0,0.0,0.0
4321,26,5,1,0.0,0.0
4322,26,5,2,0.0,0.0
4323,26,5,3,0.0,0.0
4324,26,5,4,0.0,0.0
4325,26,5,5,0.0,0.0
4326,26,5,6,0.0,0.0
4327,26,5,7,0.0,0.0
4328,26,5,8,0.0,0.0
4329,26,5,9,0.0,0.0
4330,26,5,10,0.0,0.0
4331,26,5,11,0.0,0.0
4332,26,5,12,0.0,0.0
4333,26,5,13,0.0,0.0
4334,26,5,14,0.0,0.0
4335,26,5,15,0.0,0.0
4336,26,5,16,0.0,0.0
4337,26,5,17,0.0,0.0
4338,26,5,18,0.0,0.0
4339,26,5,19,0.129036,0.0
4340,26,5,20,0.0,0.0
4341,26,5,21,0.0,0.0
4342,26,5,22,0.0,0.0
4343,26,5,23,0.0,0.0
4344,26,6,0,0.0,0.0
4345,26,6,1,0.0,0.0
4346,26,6,2,0.0,0.0
4347,26,6,3,0.0,0.0
4348,26,6,4,0.0,0.0
4349,26,6,5,0.0,0.0
4350,26,6,6,0.0,0.0
4351,26,6,7,0.0,0.0
4352,26,6,8,0.0,0.0
4353,26,6,9,0.0,0.0
4354,26,6,10,0.0,0.0
4355,26,6,11,0.0,0.0
4356,26,6,12,0.0,0.0
4357,26,6,13,0.0,0.0
4358,26,6,14,0.0,0.0
4359,26,6,15,0.0,0.0
4360,26,6,16,0.0,0.0
4361,26,6,17,0.0,0.0
4362,26,6,18,0.0,0.0
4363,26,6,19,0.0,0.0
4364,26,6,20,0.0,0.0
4365,26,6,21,0.0,0.0
4366,26,6,22,0.0,0.0
4367,26,6,23,0.0,0.0
4368,27,0,0,0.0,0.0
4369,27,0,1,0.0,0.0
4370,27,0,2,0.0,0.0
4371,27,0,3,0.0,0.0
4372,27,0,4,0.0,0.0
4373,27,0,5,0.0,0.0
4374,27,0,6,0.0,0.0
4375,27,0,7,0.0,0.0
4376,27,0,8,0.0,0.0
4377,27,0,9,0.0,0.0
4378,27,0,10,0.0,0.0
4379,27,0,11,0.0,0.0
4380,27,0,12,0.0,0.0
4381,27,0,13,0.0,0.0
4382,27,0,14,0.0,0.0
4383,27,0,15,0.0,0.0
4384,27,0,16,0.0,0.0
4385,27,0,17,0.0,0.0
4386,27,0,18,0.0,0.0
4387,27,0,19,0.0,0.0
4388,27,0,20,0.0,0.0
4389,27,0,21,0.0,0.0
4390,27,0,22,0.0,0.0
4391,27,0,23,0.0,0.0
4392,27,1,0,0.0,0.0
4393,27,1,1,0.0,0.0
4394,27,1,2,0.0,0.0
4395,27,1,3,0.0,0.0
4396,27,1,4,0.0,0.0
4397,27,1,5,0.0,0.0
4398,27,1,6,0.238728,0.0
4399,27,1,7,0.0,0.0
4400,27,1,8,0.0,0.0
4401,27,1,9,0.0,0.0
4402,27,1,10,0.0,0.0
4403,27,1,11,0.0,0.0
4404,27,1,12,0.0,0.0
4405,27,1,13,0.0,0.0
4406,27,1,14,0.0,0.0
4407,27,1,15,0.0,0.0
4408,27,1,16,0.0,0.0
4409,27,1,17,0.0,0.0
4410,27,1,18,0.0,0.0
4411,27,1,19,0.0,0.0
4412,27,1,20,0.0,0.0
4413,27,1,21,0.0,0.0
4414,27,1,22,0.0,0.0
4415,27,1,23,0.0,0.0
4416,27,2,0,0.0,0.0
4417,27,2,1,0.0,0.0
4418,27,2,2,0.0,0.0
4419,27,2,3,0.0,0.0
4420,27,2,4,0.0,0.0
4421,27,2,5,0.0,0.0
4422,27,2,6,0.0,0.0
4423,27,2,7,0.0,0.0
4424,27,2,8,0.0,0.0
4425,27,2,9,0.0,0.0
4426,27,2,10,0.0,0.0
4427,27,2,11,0.0,0.0
4428,27,2,12,0.0,0.0
4429,27,2,13,0.0,0.0
4430,27,2,14,0.0,0.0
4431,27,2,15,0.0,0.0
4432,27,2,16,0.0,0.0
4433,27,2,17,0.0,0.0
4434,27,2,18,0.0,0.0
4435,27,2,19,0.0,0.0
4436,27,2,20,0.0,0.0
4437,27,2,21,0.0,0.0
4438,27,2,22,0.0,0.0
4439,27,2,23,0.0,0.0
4440,27,3,0,0.0,0.0
4441,27,3,1,0.0,0.0
4442,27,3,2,0.0,0.0
4443,27,3,3,0.0,0.0
4444,27,3,4,0.0,0.0
4445,27,3,5,0.0,0.0
4446,27,3,6,0.0,0.0
4447,27,3,7,0.0,0.0
4448,27,3,8,0.0,0.0
4449,27,3,9,0.0,0.0
4450,27,3,10,0.0,0.0
4451,27,3,11,0.0,0.0
4452,27,3,12,0.0,0.0
4453,27,3,13,0.0,0.0
4454,27,3,14,0.0,0.0
4455,27,3,15,0.0,0.0
4456,27,3,16,0.0,0.0
4457,27,3,17,0.0,0.0
4458,27,3,18,0.0,0.0
4459,27,3,19,0.0,0.0
4460,27,3,20,0.0,0.0
4461,27,3,21,0.0,0.0
4462,27,3,22,0.0,0.0
4463,27,3,23,0.0,0.0
4464,27,4,0,0.0,0.0
4465,27,4,1,0.0,0.0
4466,27,4,2,0.0,0.0
4467,27,4,3,0.0,0.0
4468,27,4,4,0.0,0.0
4469,27,4,5,0.0,0.0
4470,27,4,6,0.0,0.0
4471,27,4,7,0.0,0.0
4472,27,4,8,0.0,0.0
4473,27,4,9,0.0,0.0
4474,27,4,10,0.0,0.0
4475,27,4,11,0.0,0.0
4476,27,4,12,0.0,0.0
4477,27,4,13,0.0,0.0
4478,27,4,14,0.0,0.0
4479,27,4,15,0.0,0.0
4480,27,4,16,0.0,0.0
4481,27,4,17,0.0,0.0
4482,27,4,18,0.0,0.0
4483,27,4,19,0.0,0.0
4484,27,4,20,0.0,0.0
4485,27,4,21,0.0,0.0
4486,27,4,22,0.0,0.0
4487,27,4,23,0.0,0.0
4488,27,5,0,0.0,0.0
4489,27,5,1,0.0,0.0
4490,27,5,2,0.0,0.0
4491,27,5,3,0.0,0.0
4492,27,5,4,0.0,0.0
4493,27,5,5,0.0,0.0
4494,27,5,6,0.0,0.0
4495,27,5,7,0.0,0.0
4496,27,5,8,0.0,0.0
4497,27,5,9,0.0,0.0
4498,27,5,10,0.0,0.0
4499,27,5,11,0.0,0.0
4500,27,5,12,0.0,0.0
4501,27,5,13,0.0,0.0
4502,27,5,14,0.0,0.0
4503,27,5,15,0.0,0.0
4504,27,5,16,0.0,0.0
4505,27,5,17,0.0,0.0
4506,27,5,18,0.0,0.0
4507,27,5,19,0.0,0.0
4508,27,5,20,0.0,0.0
4509,27,5,21,0.0,0.0
4510,27,5,22,0.155568,0.0
4511,27,5,23,0.0,0.0
4512,27,6,0,0.0,0.0
4513,27,6,1,0.0,0.0
4514,27,6,2,0.0,0.0
4515,27,6,3,0.0,0.0
4516,27,6,4,0.0,0.0
4517,27,6,5,0.192396,0.0
4518,27,6,6,0.0,0.0
4519,27,6,7,0.169032,0.0
4520,27,6,8,0.28704,0.0
4521,27,6,9,0.171804,0.0
4522,27,6,10,0.0,0.0
4523,27,6,11,0.0,0.0
4524,27,6,12,0.0,0.0
4525,27,6,13,0.0,0.0
4526,27,6,14,0.0,0.0
4527,27,6,15,0.0,0.0
4528,27,6,16,0.0,0.0
4529,27,6,17,0.0,0.0
4530,27,6,18,0.0,0.0
4531,27,6,19,0.0,0.0
4532,27,6,20,0.0,0.0
4533,27,6,21,0.0,0.0
4534,27,6,22,0.0,0.0
4535,27,6,23,0.0,0.0
4536,28,0,0,0.0,0.0
4537,28,0,1,0.0,0.0
4538,28,0,2,0.0,0.0
4539,28,0,3,0.0,0.0
4540,28,0,4,0.0,0.0
4541,28,0,5,0.0,0.0
4542,28,0,6,0.0,0.0
4543,28,0,7,0.0,0.0
4544,28,0,8,0.0,0.0
4545,28,0,9,0.0,0.0
4546,28,0,10,0.0,0.0
4547,28,0,11,0.0,0.0
4548,28,0,12,0.0,0.0
4549,28,0,13,0.0,0.0
4550,28,0,14,0.0,0.0
4551,28,0,15,0.0,0.0
4552,28,0,16,0.0,0.0
4553,28,0,17,0.0,0.0
4554,28,0,18,0.0,0.0
4555,28,0,19,0.0,0.0
4556,28,0,20,0.0,0.0
4557,28,0,21,0.0,0.0
4558,28,0,22,0.0,0.0
4559,28,0,23,0.0,0.0
4560,28,1,0,0.0,0.0
4561,28,1,1,0.0,0.0
4562,28,1,2,0.0,0.0
4563,28,1,3,0.0,0.0
4564,28,1,4,0.139728,0.0
4565,28,1,5,0.0,0.0
4566,28,1,6,0.0,0.0
4567,28,1,7,0.0,0.0
4568,28,1,8,0.0,0.0
4569,28,1,9,0.0,0.0
4570,28,1,10,0.0,0.0
4571,28,1,11,0.0,0.0
4572,28,1,12,0.0,0.0
4573,28,1,13,0.0,0.0
4574,28,1,14,0.0,0.0
4575,28,1,15,0.0,0.0
4576,28,1,16,0.0,0.0
4577,28,1,17,0.0,0.0
4578,28,1,18,0.0,0.0
4579,28,1,19,0.0,0.0
4580,28,1,20,0.0,0.0
4581,28,1,21,0.0,0.0
4582,28,1,22,0.0,0.0
4583,28,1,23,0.0,0.0
4584,28,2,0,0.0,0.0
4585,28,2,1,0.0,0.0
4586,28,2,2,0.0,0.0
4587,28,2,3,0.0,0.0
4588,28,2,4,0.0,0.0
4589,28,2,5,0.0,0.0
4590,28,2,6,0.0,0.0
4591,28,2,7,0.0,0.0
4592,28,2,8,0.0,0.0
4593,28,2,9,0.0,0.0
4594,28,2,10,0.0,0.0
4595,28,2,11,0.0,0.0
4596,28,2,12,0.0,0.0
4597,28,2,13,0.0,0.0
4598,28,2,14,0.0,0.0
4599,28,2,15,0.0,0.0
4600,28,2,16,0.0,0.0
4601,28,2,17,0.0,0.0
4602,28,2,18,0.0,0.0
4603,28,2,19,0.0,0.0
4604,28,2,20,0.0,0.0
4605,28,2,21,0.0,0.0
4606,28,2,22,0.0,0.0
4607,28,2,23,0.0,0.0
4608,28,3,0,0.0,0.0
4609,28,3,1,0.124284,0.0
4610,28,3,2,0.101316,0.0
4611,28,3,3,0.0,0.0
4612,28,3,4,0.220908,0.0
4613,28,3,5,0.204276,0.0
4614,28,3,6,0.19398,0.0
4615,28,3,7,0.0,0.0
4616,28,3,8,0.0,0.0
4617,28,3,9,0.0,0.0
4618,28,3,10,0.0,0.0
4619,28,3,11,0.0,0.0
4620,28,3,12,0.148044,0.0
4621,28,3,13,0.0,0.0
4622,28,3,14,0.0,0.0
4623,28,3,15,0.0,0.0
4624,28,3,16,0.144876,0.0
4625,28,3,17,0.153588,0.0
4626,28,3,18,0.0,0.0
4627,28,3,19,0.0,0.0
4628,28,3,20,0.0,0.0
4629,28,3,21,0.0,0.0
4630,28,3,22,0.0,0.0
4631,28,3,23,0.0,0.0
4632,28,4,0,0.0,0.0
4633,28,4,1,0.0,0.0
4634,28,4,2,0.0,0.0
4635,28,4,3,0.0,0.0
4636,28,4,4,0.0,0.0
4637,28,4,5,0.0,0.0
4638,28,4,6,0.0,0.0
4639,28,4,7,0.0,0.0
4640,28,4,8,0.0,0.0
4641,28,4,9,0.0,0.0
4642,28,4,10,0.0,0.0
4643,28,4,11,0.0,0.0
4644,28,4,12,0.0,0.0
4645,28,4,13,0.0,0.0
4646,28,4,14,0.0,0.0
4647,28,4,15,0.0,0.0
4648,28,4,16,0.0,0.0
4649,28,4,17,0.0,0.0
4650,28,4,18,0.0,0.0
4651,28,4,19,0.0,0.0
4652,28,4,20,0.0,0.0
4653,28,4,21,0.0,0.0
4654,28,4,22,0.0,0.0
4655,28,4,23,0.0,0.0
4656,28,5,0,0.0,0.0
4657,28,5,1,0.220908,0.0
4658,28,5,2,0.3009,0.0
4659,28,5,3,0.0,0.0
4660,28,5,4,0.137748,0.0
4661,28,5,5,0.0,0.0
4662,28,5,6,0.0,0.0
4663,28,5,7,0.0,0.0
4664,28,5,8,0.0,0.0
4665,28,5,9,0.0,0.0
4666,28,5,10,0.0,0.0
4667,28,5,11,0.0,0.0
4668,28,5,12,0.0,0.0
4669,28,5,13,0.0,0.0
4670,28,5,14,0.0,0.0
4671,28,5,15,0.0,0.0
4672,28,5,16,0.0,0.0
4673,28,5,17,0.0,0.0
4674,28,5,18,0.0,0.0
4675,28,5,19,0.0,0.0
4676,28,5,20,0.0,0.0
4677,28,5,21,0.0,0.0
4678,28,5,22,0.0,0.0
4679,28,5,23,0.0,0.0
4680,28,6,0,0.0,0.0
4681,28,6,1,0.179328,0.0
4682,28,6,2,0.310008,0.0
4683,28,6,3,0.387624,0.0
4684,28,6,4,0.0,0.0
4685,28,6,5,0.0,0.0
4686,28,6,6,0.0,0.0
4687,28,6,7,0.0,0.0
4688,28,6,8,0.0,0.0
4689,28,6,9,0.0,0.0
4690,28,6,10,0.0,0.0
4691,28,6,11,0.0,0.0
4692,28,6,12,0.0,0.0
4693,28,6,13,0.0,0.0
4694,28,6,14,0.0,0.0
4695,28,6,15,0.093396,0.0
4696,28,6,16,0.0,0.0
4697,28,6,17,0.0,0.0
4698,28,6,18,0.0,0.0
4699,28,6,19,0.0,0.0
4700,28,6,20,0.0,0.0
4701,28,6,21,0.0,0.0
4702,28,6,22,0.0,0.0
4703,28,6,23,0.0,0.0
4704,29,0,0,0.0,0.0
4705,29,0,1,0.0,0.0
4706,29,0,2,0.0,0.0
4707,29,0,3,0.0,0.0
4708,29,0,4,0.0,0.0
4709,29,0,5,0.0,0.0
4710,29,0,6,0.0,0.0
4711,29,0,7,0.0,0.0
4712,29,0,8,0.0,0.0
4713,29,0,9,0.0,0.0
4714,29,0,10,0.0,0.0
4715,29,0,11,0.0,0.0
4716,29,0,12,0.0,0.0
4717,29,0,13,0.0,0.0
4718,29,0,14,0.0,0.0
4719,29,0,15,0.0,0.0
4720,29,0,16,0.0,0.0
4721,29,0,17,0.0,0.0
4722,29,0,18,0.0,0.0
4723,29,0,19,0.0,0.0
4724,29,0,20,0.0,0.0
4725,29,0,21,0.0,0.0
4726,29,0,22,0.0,0.0
4727,29,0,23,0.0,0.0
4728,29,1,0,0.0,0.0
4729,29,1,1,0.0,0.0
4730,29,1,2,0.0,0.0
4731,29,1,3,0.0,0.0
4732,29,1,4,0.0,0.0
4733,29,1,5,0.0,0.0
4734,29,1,6,0.0,0.0
4735,29,1,7,0.0,0.0
4736,29,1,8,0.0,0.0
4737,29,1,9,0.0,0.0
4738,29,1,10,0.0,0.0
4739,29,1,11,0.0,0.0
4740,29,1,12,0.0,0.0
4741,29,1,13,0.0,0.0
4742,29,1,14,0.0,0.0
4743,29,1,15,0.0,0.0
4744,29,1,16,0.0,0.0
4745,29,1,17,0.0,0.0
4746,29,1,18,0.0,0.0
4747,29,1,19,0.0,0.0
4748,29,1,20,0.0,0.0
4749,29,1,21,0.0,0.0
4750,29,1,22,0.0,0.0
4751,29,1,23,0.0,0.0
4752,29,2,0,0.0,0.0
4753,29,2,1,0.0,0.0
4754,29,2,2,0.0,0.0
4755,29,2,3,0.0,0.0
4756,29,2,4,0.0,0.0
4757,29,2,5,0.0,0.0
4758,29,2,6,0.0,0.0
4759,29,2,7,0.0,0.0
4760,29,2,8,0.0,0.0
4761,29,2,9,0.0,0.0
4762,29,2,10,0.0,0.0
4763,29,2,11,0.102108,0.0
4764,29,2,12,0.0,0.0
4765,29,2,13,0.0,0.0
4766,29,2,14,0.0,0.0
4767,29,2,15,0.0,0.0
4768,29,2,16,0.115572,0.0
4769,29,2,17,0.201108,0.0
4770,29,2,18,0.186456,0.0
4771,29,2,19,0.239124,0.0
4772,29,2,20,0.220512,0.0
4773,29,2,21,0.32664,0.0
4774,29,2,22,0.260508,0.0
4775,29,2,23,0.306444,0.0
4776,29,3,0,0.532688,0.0
4777,29,3,1,0.617136,0.0
4778,29,3,2,1.0431,0.0
4779,29,3,3,1.09455,0.0
4780,29,3,4,1.293,0.0
4781,29,3,5,0.662272,0.0
4782,29,3,6,0.661544,0.0
4783,29,3,7,0.242688,0.0
4784,29,3,8,0.0,0.0
4785,29,3,9,0.0,0.0
4786,29,3,10,0.0,0.0
4787,29,3,11,0.0,0.0
4788,29,3,12,0.0,0.0
4789,29,3,13,0.0,0.0
4790,29,3,14,0.0,0.0
4791,29,3,15,0.0,0.0
4792,29,3,16,0.0,0.0
4793,29,3,17,0.0,0.0
4794,29,3,18,0.0,0.0
4795,29,3,19,0.0,0.0
4796,29,3,20,0.0,0.0
4797,29,3,21,0.0,0.0
4798,29,3,22,0.0,0.0
4799,29,3,23,0.0,0.0
4800,29,4,0,0.11478,0.0
4801,29,4,1,0.212988,0.0
4802,29,4,2,0.0,0.0
4803,29,4,3,0.133392,0.0
4804,29,4,4,0.165468,0.0
4805,29,4,5,0.0,0.0
4806,29,4,6,0.0,0.0
4807,29,4,7,0.148044,0.0
4808,29,4,8,0.0,0.0
4809,29,4,9,0.0,0.0
4810,29,4,10,0.0,0.0
4811,29,4,11,0.0,0.0
4812,29,4,12,0.0,0.0
4813,29,4,13,0.0,0.0
4814,29,4,14,0.0,0.0
4815,29,4,15,0.0,0.0
4816,29,4,16,0.0,0.0
4817,29,4,17,0.0,0.0
4818,29,4,18,0.110424,0.0
4819,29,4,19,0.0,0.0
4820,29,4,20,0.0,0.0
4821,29,4,21,0.0,0.0
4822,29,4,22,0.0,0.0
4823,29,4,23,0.0,0.0
4824,29,5,0,0.0,0.0
4825,29,5,1,0.0,0.0
4826,29,5,2,0.0,0.0
4827,29,5,3,0.0,0.0
4828,29,5,4,0.0,0.0
4829,29,5,5,0.0,0.0
4830,29,5,6,0.0,0.0
4831,29,5,7,0.0,0.0
4832,29,5,8,0.0,0.0
4833,29,5,9,0.0,0.0
4834,29,5,10,0.0,0.0
4835,29,5,11,0.0,0.0
4836,29,5,12,0.0,0.0
4837,29,5,13,0.0,0.0
4838,29,5,14,0.0,0.0
4839,29,5,15,0.0,0.0
4840,29,5,16,0.0,0.0
4841,29,5,17,0.0,0.0
4842,29,5,18,0.0,0.0
4843,29,5,19,0.0,0.0
4844,29,5,20,0.0,0.0
4845,29,5,21,0.0,0.0
4846,29,5,22,0.0,0.0
4847,29,5,23,0.0,0.0
4848,29,6,0,0.0,0.0
4849,29,6,1,0.0,0.0
4850,29,6,2,0.0,0.0
4851,29,6,3,0.0,0.0
4852,29,6,4,0.0,0.0
4853,29,6,5,0.0,0.0
4854,29,6,6,0.0,0.0
4855,29,6,7,0.0,0.0
4856,29,6,8,0.0,0.0
4857,29,6,9,0.0,0.0
4858,29,6,10,0.0,0.0
4859,29,6,11,0.0,0.0
4860,29,6,12,0.0,0.0
4861,29,6,13,0.0,0.0
4862,29,6,14,0.0,0.0
4863,29,6,15,0.0,0.0
4864,29,6,16,0.0,0.0
4865,29,6,17,0.0,0.0
4866,29,6,18,0.0,0.0
4867,29,6,19,0.0,0.0
4868,29,6,20,0.0,0.0
4869,29,6,21,0.0,0.0
4870,29,6,22,0.0,0.0
4871,29,6,23,0.0,0.0
4872,30,0,0,0.0,0.0
4873,30,0,1,0.0,0.0
4874,30,0,2,0.0,0.0
4875,30,0,3,0.0,0.0
4876,30,0,4,0.0,0.0
4877,30,0,5,0.0,0.0
4878,30,0,6,0.0,0.0
4879,30,0,7,0.0,0.0
4880,30,0,8,0.0,0.0
4881,30,0,9,0.0,0.0
4882,30,0,10,0.0,0.0
4883,30,0,11,0.0,0.0
4884,30,0,12,0.0,0.0
4885,30,0,13,0.0,0.0
4886,30,0,14,0.0,0.0
4887,30,0,15,0.0,0.0
4888,30,0,16,0.0,0.0
4889,30,0,17,0.0,0.0
4890,30,0,18,0.0,0.0
4891,30,0,19,0.0,0.0
4892,30,0,20,0.0,0.0
4893,30,0,21,0.0,0.0
4894,30,0,22,0.0,0.0
4895,30,0,23,0.0,0.0
4896,30,1,0,0.0,0.0
4897,30,1,1,0.0,0.0
4898,30,1,2,0.0,0.0
4899,30,1,3,0.2712,0.0
4900,30,1,4,0.308028,0.0
4901,30,1,5,0.0,0.0
4902,30,1,6,0.0,0.0
4903,30,1,7,0.0,0.0
4904,30,1,8,0.0,0.0
4905,30,1,9,0.0,0.0
4906,30,1,10,0.0,0.0
4907,30,1,11,0.0,0.0
4908,30,1,12,0.0,0.0
4909,30,1,13,0.0,0.0
4910,30,1,14,0.0,0.0
4911,30,1,15,0.0,0.0
4912,30,1,16,0.0,0.0
4913,30,1,17,0.0,0.0
4914,30,1,18,0.0,0.0
4915,30,1,19,0.0,0.0
4916,30,1,20,0.0,0.0
4917,30,1,21,0.0,0.0
4918,30,1,22,0.0,0.0
4919,30,1,23,0.0,0.0
4920,30,2,0,0.0,0.0
4921,30,2,1,0.0,0.0
4922,30,2,2,0.0,0.0
4923,30,2,3,0.0,0.0
4924,30,2,4,0.0,0.0
4925,30,2,5,0.0,0.0
4926,30,2,6,0.0,0.0
4927,30,2,7,0.0,0.0
4928,30,2,8,0.0,0.0
4929,30,2,9,0.0,0.0
4930,30,2,10,0.0,0.0
4931,30,2,11,0.0,0.0
4932,30,2,12,0.0,0.0
4933,30,2,13,0.0,0.0
4934,30,2,14,0.0,0.0
4935,30,2,15,0.0,0.0
4936,30,2,16,0.0,0.0
4937,30,2,17,0.0,0.0
4938,30,2,18,0.0,0.0
4939,30,2,19,0.0,0.0
4940,30,2,20,0.0,0.0
4941,30,2,21,0.0,0.0
4942,30,2,22,0.0,0.0
4943,30,2,23,0.0,0.0
4944,30,3,0,0.0,0.0
4945,30,3,1,0.0,0.0
4946,30,3,2,0.0,0.0
4947,30,3,3,0.0,0.0
4948,30,3,4,0.172596,0.0
4949,30,3,5,0.180912,0.0
4950,30,3,6,0.163092,0.0
4951,30,3,7,0.0,0.0
4952,30,3,8,0.0,0.0
4953,30,3,9,0.0,0.0
4954,30,3,10,0.0,0.0
4955,30,3,11,0.0,0.0
4956,30,3,12,0.0,0.0
4957,30,3,13,0.0,0.0
4958,30,3,14,0.0,0.0
4959,30,3,15,0.0,0.0
4960,30,3,16,0.0,0.0
4961,30,3,17,0.0,0.0
4962,30,3,18,0.0,0.0
4963,30,3,19,0.0,0.0
4964,30,3,20,0.0,0.0
4965,30,3,21,0.0,0.0
4966,30,3,22,0.0,0.0
4967,30,3,23,0.0,0.0
4968,30,4,0,0.0,0.0
4969,30,4,1,0.0,0.0
4970,30,4,2,0.0,0.0
4971,30,4,3,0.0,0.0
4972,30,4,4,0.0,0.0
4973,30,4,5,0.0,0.0
4974,30,4,6,0.0,0.0
4975,30,4,7,0.0,0.0
4976,30,4,8,0.0,0.0
4977,30,4,9,0.0,0.0
4978,30,4,10,0.0,0.0
4979,30,4,11,0.0,0.0
4980,30,4,12,0.0,0.0
4981,30,4,13,0.0,0.0
4982,30,4,14,0.0,0.0
4983,30,4,15,0.0,0.0
4984,30,4,16,0.0,0.0
4985,30,4,17,0.0,0.0
4986,30,4,18,0.0,0.0
4987,30,4,19,0.0,0.0
4988,30,4,20,0.0,0.0
4989,30,4,21,0.0,0.0
4990,30,4,22,0.0,0.0
4991,30,4,23,0.0,0.0
4992,30,5,0,0.0,0.0
4993,30,5,1,0.0,0.0
4994,30,5,2,0.0,0.0
4995,30,5,3,0.0,0.0
4996,30,5,4,0.0,0.0
4997,30,5,5,0.0,0.0
4998,30,5,6,0.13062,0.0
4999,30,5,7,0.0,0.0
5000,30,5,8,0.0,0.0
5001,30,5,9,0.0,0.0
5002,30,5,10,0.0,0.0
5003,30,5,11,0.0,0.0
5004,30,5,12,0.0,0.0
5005,30,5,13,0.0,0.0
5006,30,5,14,0.0,0.0
5007,30,5,15,0.0,0.0
5008,30,5,16,0.0,0.0
5009,30,5,17,0.0,0.0
5010,30,5,18,0.0,0.0
5011,30,5,19,0.093396,0.0
5012,30,5,20,0.0,0.0
5013,30,5,21,0.0,0.0
5014,30,5,22,0.0,0.0
5015,30,5,23,0.0,0.0
5016,30,6,0,0.122304,0.0
5017,30,6,1,0.0,0.0
5018,30,6,2,0.147648,0.0
5019,30,6,3,0.24546,0.0
5020,30,6,4,0.296148,0.0
5021,30,6,5,0.316344,0.0
5022,30,6,6,0.0,0.0
5023,30,6,7,0.0,0.0
5024,30,6,8,0.0,0.0
5025,30,6,9,0.0,0.0
5026,30,6,10,0.0,0.0
5027,30,6,11,0.0,0.0
5028,30,6,12,0.0,0.0
5029,30,6,13,0.0,0.0
5030,30,6,14,0.0,0.0
5031,30,6,15,0.0,0.0
5032,30,6,16,0.0,0.0
5033,30,6,17,0.0,0.0
5034,30,6,18,0.180516,0.0
5035,30,6,19,0.243084,0.0
5036,30,6,20,0.0,0.0
5037,30,6,21,0.0,0.0
5038,30,6,22,0.0,0.0
5039,30,6,23,0.0,0.0
5040,31,0,0,0.0,0.0
5041,31,0,1,0.0,0.0
5042,31,0,2,0.0,0.0
5043,31,0,3,0.0,0.0
5044,31,0,4,0.132996,0.0
5045,31,0,5,0.0,0.0
5046,31,0,6,0.0,0.0
5047,31,0,7,0.0,0.0
5048,31,0,8,0.0,0.0
5049,31,0,9,0.0,0.0
5050,31,0,10,0.0,0.0
5051,31,0,11,0.0,0.0
5052,31,0,12,0.0,0.0
5053,31,0,13,0.0,0.0
5054,31,0,14,0.0,0.0
5055,31,0,15,0.0,0.0
5056,31,0,16,0.0,0.0
5057,31,0,17,0.0,0.0
5058,31,0,18,0.0,0.0
5059,31,0,19,0.0,0.0
5060,31,0,20,0.0,0.0
5061,31,0,21,0.0,0.0
5062,31,0,22,0.0,0.0
5063,31,0,23,0.0,0.0
5064,31,1,0,0.0,0.0
5065,31,1,1,0.0,0.0
5066,31,1,2,0.0,0.0
5067,31,1,3,0.0,0.0
5068,31,1,4,0.0,0.0
5069,31,1,5,0.098544,0.0
5070,31,1,6,0.0,0.0
5071,31,1,7,0.0,0.0
5072,31,1,8,0.0,0.0
5073,31,1,9,0.0,0.0
5074,31,1,10,0.0,0.0
5075,31,1,11,0.0,0.0
5076,31,1,12,0.0,0.0
5077,31,1,13,0.0,0.0
5078,31,1,14,0.0,0.0
5079,31,1,15,0.0,0.0
5080,31,1,16,0.0,0.0
5081,31,1,17,0.0,0.0
5082,31,1,18,0.108048,0.0
5083,31,1,19,0.103692,0.0
5084,31,1,20,0.0,0.0
5085,31,1,21,0.0,0.0
5086,31,1,22,0.0,0.0
5087,31,1,23,0.0,0.0
5088,31,2,0,0.0,0.0
5089,31,2,1,0.0,0.0
5090,31,2,2,0.0,0.0
5091,31,2,3,0.0,0.0
5092,31,2,4,0.0,0.0
5093,31,2,5,0.0,0.0
5094,31,2,6,0.182496,0.0
5095,31,2,7,0.240312,0.0
5096,31,2,8,0.254964,0.0
5097,31,2,9,0.206256,0.0
5098,31,2,10,0.0,0.0
5099,31,2,11,0.0,0.0
5100,31,2,12,0.0,0.0
5101,31,2,13,0.0,0.0
5102,31,2,14,0.0,0.0
5103,31,2,15,0.0,0.0
5104,31,2,16,0.099732,0.0
5105,31,2,17,0.169824,0.0
5106,31,2,18,0.189228,0.0
5107,31,2,19,0.26328,0.0
5108,31,2,20,0.276348,0.0
5109,31,2,21,0.24942,0.0
5110,31,2,22,0.142896,0.0
5111,31,2,23,0.0,0.0
5112,31,3,0,0.0,0.0
5113,31,3,1,0.0,0.0
5114,31,3,2,0.0,0.0
5115,31,3,3,0.0,0.0
5116,31,3,4,0.0,0.0
5117,31,3,5,0.0,0.0
5118,31,3,6,0.0,0.0
5119,31,3,7,0.0,0.0
5120,31,3,8,0.0,0.0
5121,31,3,9,0.0,0.0
5122,31,3,10,0.0,0.0
5123,31,3,11,0.0,0.0
5124,31,3,12,0.0,0.0
5125,31,3,13,0.0,0.0
5126,31,3,14,0.0,0.0
5127,31,3,15,0.0,0.0
5128,31,3,16,0.0,0.0
5129,31,3,17,0.113988,0.0
5130,31,3,18,0.0,0.0
5131,31,3,19,0.0,0.0
5132,31,3,20,0.0,0.0
5133,31,3,21,0.0,0.0
5134,31,3,22,0.0,0.0
5135,31,3,23,0.0,0.0
5136,31,4,0,0.0,0.0
5137,31,4,1,0.244272,0.0
5138,31,4,2,0.174972,0.0
5139,31,4,3,0.0,0.0
5140,31,4,4,0.0,0.0
5141,31,4,5,0.0,0.0
5142,31,4,6,0.0,0.0
5143,31,4,7,0.0,0.0
5144,31,4,8,0.0,0.0
5145,31,4,9,0.0,0.0
5146,31,4,10,0.0,0.0
5147,31,4,11,0.0,0.0
5148,31,4,12,0.0,0.0
5149,31,4,13,0.0,0.0
5150,31,4,14,0.0,0.0
5151,31,4,15,0.0,0.0
5152,31,4,16,0.0,0.0
5153,31,4,17,0.0,0.0
5154,31,4,18,0.0,0.0
5155,31,4,19,0.0,0.0
5156,31,4,20,0.0,0.0
5157,31,4,21,0.0,0.0
5158,31,4,22,0.0,0.0
5159,31,4,23,0.094584,0.0
5160,31,5,0,0.270012,0.0
5161,31,5,1,0.0,0.0
5162,31,5,2,0.0,0.0
5163,31,5,3,0.238332,0.0
5164,31,5,4,0.303276,0.0
5165,31,5,5,0.307236,0.0
5166,31,5,6,0.0,0.0
5167,31,5,7,0.0,0.0
5168,31,5,8,0.0,0.0
5169,31,5,9,0.0,0.0
5170,31,5,10,0.0,0.0
5171,31,5,11,0.121116,0.0
5172,31,5,12,0.0,0.0
5173,31,5,13,0.0,0.0
5174,31,5,14,0.0,0.0
5175,31,5,15,0.0,0.0
5176,31,5,16,0.0,0.0
5177,31,5,17,0.0,0.0
5178,31,5,18,0.0,0.0
5179,31,5,19,0.0,0.0
5180,31,5,20,0.0,0.0
5181,31,5,21,0.0,0.0
5182,31,5,22,0.0,0.0
5183,31,5,23,0.0,0.0
5184,31,6,0,0.0,0.0
5185,31,6,1,0.0,0.0
5186,31,6,2,0.0,0.0
5187,31,6,3,0.0,0.0
5188,31,6,4,0.0,0.0
5189,31,6,5,0.0,0.0
5190,31,6,6,0.0,0.0
5191,31,6,7,0.0,0.0
5192,31,6,8,0.0,0.0
5193,31,6,9,0.0,0.0
5194,31,6,10,0.0,0.0
5195,31,6,11,0.0,0.0
5196,31,6,12,0.0,0.0
5197,31,6,13,0.0,0.0
5198,31,6,14,0.0,0.0
5199,31,6,15,0.0,0.0
5200,31,6,16,0.0,0.0
5201,31,6,17,0.116364,0.0
5202,31,6,18,0.169824,0.0
5203,31,6,19,0.182892,0.0
5204,31,6,20,0.0,0.0
5205,31,6,21,0.0,0.0
5206,31,6,22,0.0,0.0
5207,31,6,23,0.18012,0.0
5208,32,0,0,0.0,0.0
5209,32,0,1,0.0,0.0
5210,32,0,2,0.0,0.0
5211,32,0,3,0.0,0.0
5212,32,0,4,0.0,0.0
5213,32,0,5,0.244668,0.0
5214,32,0,6,0.0,0.0
5215,32,0,7,0.0,0.0
5216,32,0,8,0.107256,0.0
5217,32,0,9,0.0,0.0
5218,32,0,10,0.0,0.0
5219,32,0,11,0.0,0.0
5220,32,0,12,0.0,0.0
5221,32,0,13,0.0,0.0
5222,32,0,14,0.0,0.0
5223,32,0,15,0.0,0.0
5224,32,0,16,0.0,0.0
5225,32,0,17,0.0,0.0
5226,32,0,18,0.0,0.0
5227,32,0,19,0.131412,0.0
5228,32,0,20,0.20784,0.0
5229,32,0,21,0.18012,0.0
5230,32,0,22,0.100524,0.0
5231,32,0,23,0.198336,0.0
5232,32,1,0,0.0,0.0
5233,32,1,1,0.0,0.0
5234,32,1,2,0.14448,0.0
5235,32,1,3,0.323472,0.0
5236,32,1,4,0.30684,0.0
5237,32,1,5,0.534872,0.0
5238,32,1,6,0.68484,0.0
5239,32,1,7,0.681928,0.0
5240,32,1,8,0.55016,0.0
5241,32,1,9,0.40092,0.0
5242,32,1,10,0.264864,0.0
5243,32,1,11,0.27912,0.0
5244,32,1,12,0.12864,0.0
5245,32,1,13,0.0,0.0
5246,32,1,14,0.0,0.0
5247,32,1,15,0.0,0.0
5248,32,1,16,0.0,0.0
5249,32,1,17,0.0,0.0
5250,32,1,18,0.0,0.0
5251,32,1,19,0.0,0.0
5252,32,1,20,0.0,0.0
5253,32,1,21,0.0,0.0
5254,32,1,22,0.0,0.0
5255,32,1,23,0.298524,0.0
5256,32,2,0,0.424216,0.0
5257,32,2,1,0.272388,0.0
5258,32,2,2,0.0,0.0
5259,32,2,3,0.0,0.0
5260,32,2,4,0.0,0.0
5261,32,2,5,0.0,0.0
5262,32,2,6,0.0,0.0
5263,32,2,7,0.0,0.0
5264,32,2,8,0.0,0.0
5265,32,2,9,0.0,0.0
5266,32,2,10,0.0,0.0
5267,32,2,11,0.0,0.0
5268,32,2,12,0.0,0.0
5269,32,2,13,0.0,0.0
5270,32,2,14,0.0,0.0
5271,32,2,15,0.0,0.0
5272,32,2,16,0.0,0.0
5273,32,2,17,0.0,0.0
5274,32,2,18,0.0,0.0
5275,32,2,19,0.0,0.0
5276,32,2,20,0.0,0.0
5277,32,2,21,0.0,0.0
5278,32,2,22,0.0,0.0
5279,32,2,23,0.0,0.0
5280,32,3,0,0.0,0.0
5281,32,3,1,0.0,0.0
5282,32,3,2,0.0,0.0
5283,32,3,3,0.0,0.0
5284,32,3,4,0.0,0.0
5285,32,3,5,0.0,0.0
5286,32,3,6,0.0,0.0
5287,32,3,7,0.0,0.0
5288,32,3,8,0.0,0.0
5289,32,3,9,0.0,0.0
5290,32,3,10,0.0,0.0
5291,32,3,11,0.0,0.0
5292,32,3,12,0.0,0.0
5293,32,3,13,0.0,0.0
5294,32,3,14,0.0,0.0
5295,32,3,15,0.0,0.0
5296,32,3,16,0.0,0.0
5297,32,3,17,0.0,0.0
5298,32,3,18,0.0,0.0
5299,32,3,19,0.0,0.0
5300,32,3,20,0.0,0.0
5301,32,3,21,0.0,0.0
5302,32,3,22,0.0,0.0
5303,32,3,23,0.0,0.0
5304,32,4,0,0.0,0.0
5305,32,4,1,0.0,0.0
5306,32,4,2,0.0,0.0
5307,32,4,3,0.0,0.0
5308,32,4,4,0.0,0.0
5309,32,4,5,0.0,0.0
5310,32,4,6,0.0,0.0
5311,32,4,7,0.0,0.0
5312,32,4,8,0.0,0.0
5313,32,4,9,0.0,0.0
5314,32,4,10,0.0,0.0
5315,32,4,11,0.0,0.0
5316,32,4,12,0.0,0.0
5317,32,4,13,0.0,0.0
5318,32,4,14,0.0,0.0
5319,32,4,15,0.0,0.0
5320,32,4,16,0.0,0.0
5321,32,4,17,0.0,0.0
5322,32,4,18,0.0,0.0
5323,32,4,19,0.0,0.0
5324,32,4,20,0.0,0.0
5325,32,4,21,0.0,0.0
5326,32,4,22,0.0,0.0
5327,32,4,23,0.115572,0.0
5328,32,5,0,0.0,0.0
5329,32,5,1,0.0,0.0
5330,32,5,2,0.0,0.0
5331,32,5,3,0.113988,0.0
5332,32,5,4,0.0,0.0
5333,32,5,5,0.0,0.0
5334,32,5,6,0.0,0.0
5335,32,5,7,0.0,0.0
5336,32,5,8,0.0,0.0
5337,32,5,9,0.0,0.0
5338,32,5,10,0.125472,0.0
5339,32,5,11,0.192792,0.0
5340,32,5,12,0.0,0.0
5341,32,5,13,0.0,0.0
5342,32,5,14,0.17022,0.0
5343,32,5,15,0.0,0.0
5344,32,5,16,0.0,0.0
5345,32,5,17,0.0,0.0
5346,32,5,18,0.0,0.0
5347,32,5,19,0.0,0.0
5348,32,5,20,0.0,0.0
5349,32,5,21,0.0,0.0
5350,32,5,22,0.0,0.0
5351,32,5,23,0.0,0.0
5352,32,6,0,0.0,0.0
5353,32,6,1,0.0,0.0
5354,32,6,2,0.164676,0.0
5355,32,6,3,0.0,0.0
5356,32,6,4,0.21774,0.0
5357,32,6,5,0.112404,0.0
5358,32,6,6,0.0,0.0
5359,32,6,7,0.116364,0.0
5360,32,6,8,0.142104,0.0
5361,32,6,9,0.0,0.0
5362,32,6,10,0.0,0.0
5363,32,6,11,0.0,0.0
5364,32,6,12,0.127452,0.0
5365,32,6,13,0.187644,0.0
5366,32,6,14,0.130224,0.0
5367,32,6,15,0.0,0.0
5368,32,6,16,0.0,0.0
5369,32,6,17,0.0,0.0
5370,32,6,18,0.0,0.0
5371,32,6,19,0.0,0.0
5372,32,6,20,0.0,0.0
5373,32,6,21,0.0,0.0
5374,32,6,22,0.0,0.0
5375,32,6,23,0.0,0.0
5376,33,0,0,0.0,0.0
5377,33,0,1,0.0,0.0
5378,33,0,2,0.0,0.0
5379,33,0,3,0.0,0.0
5380,33,0,4,0.0,0.0
5381,33,0,5,0.0,0.0
5382,33,0,6,0.0,0.0
5383,33,0,7,0.0,0.0
5384,33,0,8,0.0,0.0
5385,33,0,9,0.0,0.0
5386,33,0,10,0.0,0.0
5387,33,0,11,0.0,0.0
5388,33,0,12,0.0,0.0
5389,33,0,13,0.0,0.0
5390,33,0,14,0.0,0.0
5391,33,0,15,0.0,0.0
5392,33,0,16,0.0,0.0
5393,33,0,17,0.0,0.0
5394,33,0,18,0.0,0.0
5395,33,0,19,0.0,0.0
5396,33,0,20,0.0,0.0
5397,33,0,21,0.0,0.0
5398,33,0,22,0.0,0.0
5399,33,0,23,0.0,0.0
5400,33,1,0,0.0,0.0
5401,33,1,1,0.0,0.0
5402,33,1,2,0.0,0.0
5403,33,1,3,0.0,0.0
5404,33,1,4,0.0,0.0
5405,33,1,5,0.0,0.0
5406,33,1,6,0.0,0.0
5407,33,1,7,0.0,0.0
5408,33,1,8,0.0,0.0
5409,33,1,9,0.0,0.0
5410,33,1,10,0.0,0.0
5411,33,1,11,0.0,0.0
5412,33,1,12,0.0,0.0
5413,33,1,13,0.0,0.0
5414,33,1,14,0.0,0.0
5415,33,1,15,0.0,0.0
5416,33,1,16,0.0,0.0
5417,33,1,17,0.0,0.0
5418,33,1,18,0.0,0.0
5419,33,1,19,0.0,0.0
5420,33,1,20,0.0,0.0
5421,33,1,21,0.0,0.0
5422,33,1,22,0.0,0.0
5423,33,1,23,0.0,0.0
5424,33,2,0,0.0,0.0
5425,33,2,1,0.0,0.0
5426,33,2,2,0.133392,0.0
5427,33,2,3,0.0,0.0
5428,33,2,4,0.0,0.0
5429,33,2,5,0.0,0.0
5430,33,2,6,0.0,0.0
5431,33,2,7,0.0,0.0
5432,33,2,8,0.0,0.0
5433,33,2,9,0.0,0.0
5434,33,2,10,0.0,0.0
5435,33,2,11,0.0,0.0
5436,33,2,12,0.0,0.0
5437,33,2,13,0.0,0.0
5438,33,2,14,0.147648,0.0
5439,33,2,15,0.199524,0.0
5440,33,2,16,0.0,0.0
5441,33,2,17,0.0,0.0
5442,33,2,18,0.0,0.0
5443,33,2,19,0.0,0.0
5444,33,2,20,0.0,0.0
5445,33,2,21,0.0,0.0
5446,33,2,22,0.0,0.0
5447,33,2,23,0.0,0.0
5448,33,3,0,0.0,0.0
5449,33,3,1,0.0,0.0
5450,33,3,2,0.0,0.0
5451,33,3,3,0.0,0.0
5452,33,3,4,0.0,0.0
5453,33,3,5,0.0,0.0
5454,33,3,6,0.0,0.0
5455,33,3,7,0.0,0.0
5456,33,3,8,0.0,0.0
5457,33,3,9,0.0,0.0
5458,33,3,10,0.0,0.0
5459,33,3,11,0.0,0.0
5460,33,3,12,0.0,0.0
5461,33,3,13,0.0,0.0
5462,33,3,14,0.0,0.0
5463,33,3,15,0.0,0.0
5464,33,3,16,0.0,0.0
5465,33,3,17,0.0,0.0
5466,33,3,18,0.0,0.0
5467,33,3,19,0.0,0.0
5468,33,3,20,0.0,0.0
5469,33,3,21,0.0,0.0
5470,33,3,22,0.0,0.0
5471,33,3,23,0.0,0.0
5472,33,4,0,0.0,0.0
5473,33,4,1,0.0,0.0
5474,33,4,2,0.0,0.0
5475,33,4,3,0.0,0.0
5476,33,4,4,0.0,0.0
5477,33,4,5,0.0,0.0
5478,33,4,6,0.0,0.0
5479,33,4,7,0.0,0.0
5480,33,4,8,0.0,0.0
5481,33,4,9,0.0,0.0
5482,33,4,10,0.144876,0.0
5483,33,4,11,0.0,0.0
5484,33,4,12,0.0,0.0
5485,33,4,13,0.159924,0.0
5486,33,4,14,0.0,0.0
5487,33,4,15,0.0,0.0
5488,33,4,16,0.0,0.0
5489,33,4,17,0.0,0.0
5490,33,4,18,0.0,0.0
5491,33,4,19,0.0,0.0
5492,33,4,20,0.0,0.0
5493,33,4,21,0.0,0.0
5494,33,4,22,0.0,0.0
5495,33,4,23,0.0,0.0
5496,33,5,0,0.0,0.0
5497,33,5,1,0.0,0.0
5498,33,5,2,0.0,0.0
5499,33,5,3,0.0,0.0
5500,33,5,4,0.0,0.0
5501,33,5,5,0.0,0.0
5502,33,5,6,0.0,0.0
5503,33,5,7,0.15834,0.0
5504,33,5,8,0.160716,0.0
5505,33,5,9,0.212988,0.0
5506,33,5,10,0.234372,0.0
5507,33,5,11,0.0,0.0
5508,33,5,12,0.0,0.0
5509,33,5,13,0.0,0.0
5510,33,5,14,0.0,0.0
5511,33,5,15,0.0,0.0
5512,33,5,16,0.0,0.0
5513,33,5,17,0.0,0.0
5514,33,5,18,0.0,0.0
5515,33,5,19,0.0,0.0
5516,33,5,20,0.0,0.0
5517,33,5,21,0.0,0.0
5518,33,5,22,0.0,0.0
5519,33,5,23,0.0,0.0
5520,33,6,0,0.0,0.0
5521,33,6,1,0.1029,0.0
5522,33,6,2,0.0,0.0
5523,33,6,3,0.10686,0.0
5524,33,6,4,0.0,0.0
5525,33,6,5,0.0,0.0
5526,33,6,6,0.0,0.0
5527,33,6,7,0.0,0.0
5528,33,6,8,0.0,0.0
5529,33,6,9,0.0,0.0
5530,33,6,10,0.0,0.0
5531,33,6,11,0.0,0.0
5532,33,6,12,0.0,0.0
5533,33,6,13,0.0,0.0
5534,33,6,14,0.0,0.0
5535,33,6,15,0.0,0.0
5536,33,6,16,0.0,0.0
5537,33,6,17,0.0,0.0
5538,33,6,18,0.0,0.0
5539,33,6,19,0.0,0.0
5540,33,6,20,0.0,0.0
5541,33,6,21,0.0,0.0
5542,33,6,22,0.0,0.0
5543,33,6,23,0.0,0.0
5544,34,0,0,0.0,0.0
5545,34,0,1,0.0,0.0
5546,34,0,2,0.0,0.0
5547,34,0,3,0.100128,0.0
5548,34,0,4,0.171408,0.0
5549,34,0,5,0.0,0.0
5550,34,0,6,0.0,0.0
5551,34,0,7,0.0,0.0
5552,34,0,8,0.0,0.0
5553,34,0,9,0.0,0.0
5554,34,0,10,0.242292,0.0
5555,34,0,11,0.22566,0.0
5556,34,0,12,0.28308,0.0
5557,34,0,13,0.104088,0.0
5558,34,0,14,0.0,0.0
5559,34,0,15,0.0,0.0
5560,34,0,16,0.0,0.0
5561,34,0,17,0.0,0.0
5562,34,0,18,0.0,0.0
5563,34,0,19,0.0,0.0
5564,34,0,20,0.0,0.0
5565,34,0,21,0.0,0.0
5566,34,0,22,0.0,0.0
5567,34,0,23,0.0,0.0
5568,34,1,0,0.0,0.0
5569,34,1,1,0.0,0.0
5570,34,1,2,0.0,0.0
5571,34,1,3,0.0,0.0
5572,34,1,4,0.0,0.0
5573,34,1,5,0.0,0.0
5574,34,1,6,0.0,0.0
5575,34,1,7,0.0,0.0
5576,34,1,8,0.0,0.0
5577,34,1,9,0.0,0.0
5578,34,1,10,0.0,0.0
5579,34,1,11,0.0,0.0
5580,34,1,12,0.0,0.0
5581,34,1,13,0.0,0.0
5582,34,1,14,0.0,0.0
5583,34,1,15,0.0,0.0
5584,34,1,16,0.0,0.0
5585,34,1,17,0.0,0.0
5586,34,1,18,0.0,0.0
5587,34,1,19,0.0,0.0
5588,34,1,20,0.0,0.0
5589,34,1,21,0.0,0.0
5590,34,1,22,0.0,0.0
5591,34,1,23,0.0,0.0
5592,34,2,0,0.0,0.0
5593,34,2,1,0.0,0.0
5594,34,2,2,0.0,0.0
5595,34,2,3,0.0,0.0
5596,34,2,4,0.0,0.0
5597,34,2,5,0.0,0.0
5598,34,2,6,0.0,0.0
5599,34,2,7,0.0,0.0
5600,34,2,8,0.0,0.0
5601,34,2,9,0.0,0.0
5602,34,2,10,0.0,0.0
5603,34,2,11,0.0,0.0
5604,34,2,12,0.0,0.0
5605,34,2,13,0.0,0.0
5606,34,2,14,0.0,0.0
5607,34,2,15,0.0,0.0
5608,34,2,16,0.0,0.0
5609,34,2,17,0.0,0.0
5610,34,2,18,0.0,0.0
5611,34,2,19,0.0,0.0
5612,34,2,20,0.0,0.0
5613,34,2,21,0.0,0.0
5614,34,2,22,0.113196,0.0
5615,34,2,23,0.1722,0.0
5616,34,3,0,0.310008,0.0
5617,34,3,1,0.284664,0.0
5618,34,3,2,0.172992,0.0
5619,34,3,3,0.210612,0.0
5620,34,3,4,0.0,0.0
5621,34,3,5,0.129828,0.0
5622,34,3,6,0.132204,0.0
5623,34,3,7,0.169428,0.0
5624,34,3,8,0.0,0.0
5625,34,3,9,0.0,0.0
5626,34,3,10,0.0,0.0
5627,34,3,11,0.0,0.0
5628,34,3,12,0.0,0.0
5629,34,3,13,0.0,0.0
5630,34,3,14,0.0,0.0
5631,34,3,15,0.0,0.0
5632,34,3,16,0.0,0.0
5633,34,3,17,0.0,0.0
5634,34,3,18,0.0,0.0
5635,34,3,19,0.148044,0.0
5636,34,3,20,0.177348,0.0
5637,34,3,21,0.0,0.0
5638,34,3,22,0.0,0.0
5639,34,3,23,0.0,0.0
5640,34,4,0,0.0,0.0
5641,34,4,1,0.09894,0.0
5642,34,4,2,0.0,0.0
5643,34,4,3,0.0,0.0
5644,34,4,4,0.0,0.0
5645,34,4,5,0.0,0.0
5646,34,4,6,0.0,0.0
5647,34,4,7,0.0,0.0
5648,34,4,8,0.0,0.0
5649,34,4,9,0.0,0.0
5650,34,4,10,0.0,0.0
5651,34,4,11,0.0,0.0
5652,34,4,12,0.0,0.0
5653,34,4,13,0.0,0.0
5654,34,4,14,0.0,0.0
5655,34,4,15,0.0,0.0
5656,34,4,16,0.0,0.0
5657,34,4,17,0.0,0.0
5658,34,4,18,0.0,0.0
5659,34,4,19,0.136164,0.0
5660,34,4,20,0.133788,0.0
5661,34,4,21,0.112404,0.0
5662,34,4,22,0.115176,0.0
5663,34,4,23,0.0,0.0
5664,34,5,0,0.123492,0.0
5665,34,5,1,0.0,0.0
5666,34,5,2,0.0,0.0
5667,34,5,3,0.0,0.0
5668,34,5,4,0.0,0.0
5669,34,5,5,0.0,0.0
5670,34,5,6,0.0,0.0
5671,34,5,7,0.0,0.0
5672,34,5,8,0.0,0.0
5673,34,5,9,0.0,0.0
5674,34,5,10,0.0,0.0
5675,34,5,11,0.0,0.0
5676,34,5,12,0.0,0.0
5677,34,5,13,0.0,0.0
5678,34,5,14,0.0,0.0
5679,34,5,15,0.0,0.0
5680,34,5,16,0.0,0.0
5681,34,5,17,0.0,0.0
5682,34,5,18,0.0,0.0
5683,34,5,19,0.0,0.0
5684,34,5,20,0.0,0.0
5685,34,5,21,0.0,0.0
5686,34,5,22,0.0,0.0
5687,34,5,23,0.0,0.0
5688,34,6,0,0.0,0.0
5689,34,6,1,0.0,0.0
5690,34,6,2,0.0,0.0
5691,34,6,3,0.0,0.0
5692,34,6,4,0.0,0.0
5693,34,6,5,0.0,0.0
5694,34,6,6,0.0,0.0
5695,34,6,7,0.0,0.0
5696,34,6,8,0.0,0.0
5697,34,6,9,0.0,0.0
5698,34,6,10,0.0,0.0
5699,34,6,11,0.0,0.0
5700,34,6,12,0.0,0.0
5701,34,6,13,0.0,0.0
5702,34,6,14,0.0,0.0
5703,34,6,15,0.0,0.0
5704,34,6,16,0.0,0.0
5705,34,6,17,0.0,0.0
5706,34,6,18,0.0,0.0
5707,34,6,19,0.0,0.0
5708,34,6,20,0.0,0.0
5709,34,6,21,0.0,0.0
5710,34,6,22,0.0,0.0
5711,34,6,23,0.0,0.0
5712,35,0,0,0.0,0.0
5713,35,0,1,0.0,0.0
5714,35,0,2,0.0,0.0
5715,35,0,3,0.0,0.0
5716,35,0,4,0.0,0.0
5717,35,0,5,0.0,0.0
5718,35,0,6,0.0,0.0
5719,35,0,7,0.0,0.0
5720,35,0,8,0.0,0.0
5721,35,0,9,0.0,0.0
5722,35,0,10,0.0,0.0
5723,35,0,11,0.0,0.0
5724,35,0,12,0.0,0.0
5725,35,0,13,0.0,0.0
5726,35,0,14,0.0,0.0
5727,35,0,15,0.0,0.0
5728,35,0,16,0.0,0.0
5729,35,0,17,0.0,0.0
5730,35,0,18,0.0,0.0
5731,35,0,19,0.0,0.0
5732,35,0,20,0.0,0.0
5733,35,0,21,0.0,0.0
5734,35,0,22,0.0,0.0
5735,35,0,23,0.0,0.0
5736,35,1,0,0.0,0.0
5737,35,1,1,0.0,0.0
5738,35,1,2,0.0,0.0
5739,35,1,3,0.0,0.0
5740,35,1,4,0.0,0.0
5741,35,1,5,0.0,0.0
5742,35,1,6,0.0,0.0
5743,35,1,7,0.0,0.0
5744,35,1,8,0.17616,0.0
5745,35,1,9,0.0,0.0
5746,35,1,10,0.0,0.0
5747,35,1,11,0.0,0.0
5748,35,1,12,0.0,0.0
5749,35,1,13,0.0,0.0
5750,35,1,14,0.0,0.0
5751,35,1,15,0.0,0.0
5752,35,1,16,0.0,0.0
5753,35,1,17,0.0,0.0
5754,35,1,18,0.0,0.0
5755,35,1,19,0.0,0.0
5756,35,1,20,0.0,0.0
5757,35,1,21,0.125472,0.0
5758,35,1,22,0.177348,0.0
5759,35,1,23,0.0,0.0
5760,35,2,0,0.0,0.0
5761,35,2,1,0.141708,0.0
5762,35,2,2,0.0,0.0
5763,35,2,3,0.137748,0.0
5764,35,2,4,0.0,0.0
5765,35,2,5,0.0,0.0
5766,35,2,6,0.0,0.0
5767,35,2,7,0.0,0.0
5768,35,2,8,0.0,0.0
5769,35,2,9,0.0,0.0
5770,35,2,10,0.0,0.0
5771,35,2,11,0.0,0.0
5772,35,2,12,0.0,0.0
5773,35,2,13,0.0,0.0
5774,35,2,14,0.0,0.0
5775,35,2,15,0.122304,0.0
5776,35,2,16,0.218136,0.0
5777,35,2,17,0.285456,0.0
5778,35,2,18,0.262488,0.0
5779,35,2,19,0.315552,0.0
5780,35,2,20,0.593112,0.0
5781,35,2,21,0.257736,0.0
5782,35,2,22,0.24348,0.0
5783,35,2,23,0.0,0.0
5784,35,3,0,0.194772,0.0
5785,35,3,1,0.310008,0.0
5786,35,3,2,0.43004,0.0
5787,35,3,3,0.336144,0.0
5788,35,3,4,0.340896,0.0
5789,35,3,5,0.0,0.0
5790,35,3,6,0.0,0.0
5791,35,3,7,0.0,0.0
5792,35,3,8,0.0,0.0
5793,35,3,9,0.1128,0.0
5794,35,3,10,0.0,0.0
5795,35,3,11,0.0,0.0
5796,35,3,12,0.25338,0.0
5797,35,3,13,0.446784,0.0
5798,35,3,14,0.765648,0.0
5799,35,3,15,0.430768,0.0
5800,35,3,16,0.191604,0.0
5801,35,3,17,0.0,0.0
5802,35,3,18,0.0,0.0
5803,35,3,19,0.0,0.0
5804,35,3,20,0.0,0.0
5805,35,3,21,0.17022,0.0
5806,35,3,22,0.259716,0.0
5807,35,3,23,0.0,0.0
5808,35,4,0,0.0,0.0
5809,35,4,1,0.1029,0.0
5810,35,4,2,0.11478,0.0
5811,35,4,3,0.220908,0.0
5812,35,4,4,0.341688,0.0
5813,35,4,5,0.174972,0.0
5814,35,4,6,0.0,0.0
5815,35,4,7,0.0,0.0
5816,35,4,8,0.0,0.0
5817,35,4,9,0.0,0.0
5818,35,4,10,0.10686,0.0
5819,35,4,11,0.150024,0.0
5820,35,4,12,0.0,0.0
5821,35,4,13,0.096564,0.0
5822,35,4,14,0.151608,0.0
5823,35,4,15,0.379308,0.0
5824,35,4,16,0.311592,0.0
5825,35,4,17,0.0,0.0
5826,35,4,18,0.0,0.0
5827,35,4,19,0.0,0.0
5828,35,4,20,0.0,0.0
5829,35,4,21,0.0,0.0
5830,35,4,22,0.0,0.0
5831,35,4,23,0.195564,0.0
5832,35,5,0,0.201504,0.0
5833,35,5,1,0.230016,0.0
5834,35,5,2,0.0,0.0
5835,35,5,3,0.0,0.0
5836,35,5,4,0.0,0.0
5837,35,5,5,0.0,0.0
5838,35,5,6,0.0,0.0
5839,35,5,7,0.0,0.0
5840,35,5,8,0.0,0.0
5841,35,5,9,0.0,0.0
5842,35,5,10,0.0,0.0
5843,35,5,11,0.0,0.0
5844,35,5,12,0.0,0.0
5845,35,5,13,0.0,0.0
5846,35,5,14,0.0,0.0
5847,35,5,15,0.0,0.0
5848,35,5,16,0.0,0.0
5849,35,5,17,0.0,0.0
5850,35,5,18,0.0,0.0
5851,35,5,19,0.0,0.0
5852,35,5,20,0.0,0.0
5853,35,5,21,0.0,0.0
5854,35,5,22,0.0,0.0
5855,35,5,23,0.0,0.0
5856,35,6,0,0.0,0.0
5857,35,6,1,0.0,0.0
5858,35,6,2,0.0,0.0
5859,35,6,3,0.0,0.0
5860,35,6,4,0.0,0.0
5861,35,6,5,0.0,0.0
5862,35,6,6,0.0,0.0
5863,35,6,7,0.0,0.0
5864,35,6,8,0.0,0.0
5865,35,6,9,0.0,0.0
5866,35,6,10,0.109236,0.0
5867,35,6,11,0.0,0.0
5868,35,6,12,0.0,0.0
5869,35,6,13,0.0,0.0
5870,35,6,14,0.0,0.0
5871,35,6,15,0.0,0.0
5872,35,6,16,0.0,0.0
5873,35,6,17,0.0,0.0
5874,35,6,18,0.0,0.0
5875,35,6,19,0.0,0.0
5876,35,6,20,0.0,0.0
5877,35,6,21,0.0,0.0
5878,35,6,22,0.0,0.0
5879,35,6,23,0.0,0.0
5880,36,0,0,0.0,0.0
5881,36,0,1,0.0,0.0
5882,36,0,2,0.0,0.0
5883,36,0,3,0.101712,0.0
5884,36,0,4,0.0,0.0
5885,36,0,5,0.0,0.0
5886,36,0,6,0.0,0.0
5887,36,0,7,0.0,0.0
5888,36,0,8,0.0,0.0
5889,36,0,9,0.0,0.0
5890,36,0,10,0.0,0.0
5891,36,0,11,0.0,0.0
5892,36,0,12,0.0,0.0
5893,36,0,13,0.0,0.0
5894,36,0,14,0.0,0.0
5895,36,0,15,0.0,0.0
5896,36,0,16,0.0,0.0
5897,36,0,17,0.0,0.0
5898,36,0,18,0.0,0.0
5899,36,0,19,0.0,0.0
5900,36,0,20,0.167052,0.0
5901,36,0,21,0.20784,0.0
5902,36,0,22,0.300504,0.0
5903,36,0,23,0.435136,0.0
5904,36,1,0,0.305652,0.0
5905,36,1,1,0.0,0.0
5906,36,1,2,0.0,0.0
5907,36,1,3,0.0,0.0
5908,36,1,4,0.0,0.0
5909,36,1,5,0.0,0.0
5910,36,1,6,0.0,0.0
5911,36,1,7,0.0,0.0
5912,36,1,8,0.0,0.0
5913,36,1,9,0.0,0.0
5914,36,1,10,0.0,0.0
5915,36,1,11,0.0,0.0
5916,36,1,12,0.0,0.0
5917,36,1,13,0.0,0.0
5918,36,1,14,0.0,0.0
5919,36,1,15,0.0,0.0
5920,36,1,16,0.0,0.0
5921,36,1,17,0.0,0.0
5922,36,1,18,0.0,0.0
5923,36,1,19,0.0,0.0
5924,36,1,20,0.0,0.0
5925,36,1,21,0.0,0.0
5926,36,1,22,0.0,0.0
5927,36,1,23,0.0,0.0
5928,36,2,0,0.0,0.0
5929,36,2,1,0.0,0.0
5930,36,2,2,0.0,0.0
5931,36,2,3,0.0,0.0
5932,36,2,4,0.0,0.0
5933,36,2,5,0.0,0.0
5934,36,2,6,0.0,0.0
5935,36,2,7,0.0,0.0
5936,36,2,8,0.0,0.0
5937,36,2,9,0.0,0.0
5938,36,2,10,0.0,0.0
5939,36,2,11,0.0,0.0
5940,36,2,12,0.098544,0.0
5941,36,2,13,0.0,0.0
5942,36,2,14,0.0,0.0
5943,36,2,15,0.0,0.0
5944,36,2,16,0.0,0.0
5945,36,2,17,0.69576,0.0
5946,36,2,18,0.0,0.0
5947,36,2,19,0.869024,0.0
5948,36,2,20,0.422032,0.0
5949,36,2,21,0.313572,0.0
5950,36,2,22,0.254568,0.0
5951,36,2,23,0.0,0.0
5952,36,3,0,0.0,0.0
5953,36,3,1,0.0,0.0
5954,36,3,2,0.0,0.0
5955,36,3,3,0.0,0.0
5956,36,3,4,0.0,0.0
5957,36,3,5,0.0,0.0
5958,36,3,6,0.0,0.0
5959,36,3,7,0.0,0.0
5960,36,3,8,0.1524,0.0
5961,36,3,9,0.0,0.0
5962,36,3,10,0.0,0.0
5963,36,3,11,0.0,0.0
5964,36,3,12,0.0,0.0
5965,36,3,13,0.0,0.0
5966,36,3,14,0.0,0.0
5967,36,3,15,0.0,0.0
5968,36,3,16,0.0,0.0
5969,36,3,17,0.0,0.0
5970,36,3,18,0.0,0.0
5971,36,3,19,0.0,0.0
5972,36,3,20,0.0,0.0
5973,36,3,21,0.0,0.0
5974,36,3,22,0.0,0.0
5975,36,3,23,0.0,0.0
5976,36,4,0,0.0,0.0
5977,36,4,1,0.0,0.0
5978,36,4,2,0.0,0.0
5979,36,4,3,0.0,0.0
5980,36,4,4,0.0,0.0
5981,36,4,5,0.0,0.0
5982,36,4,6,0.0,0.0
5983,36,4,7,0.0,0.0
5984,36,4,8,0.0,0.0
5985,36,4,9,0.0,0.0
5986,36,4,10,0.0,0.0
5987,36,4,11,0.0,0.0
5988,36,4,12,0.0,0.0
5989,36,4,13,0.0,0.0
5990,36,4,14,0.0,0.0
5991,36,4,15,0.0,0.0
5992,36,4,16,0.0,0.0
5993,36,4,17,0.0,0.0
5994,36,4,18,0.0,0.0
5995,36,4,19,0.120324,0.0
5996,36,4,20,0.0,0.0
5997,36,4,21,0.0,0.0
5998,36,4,22,0.0,0.0
5999,36,4,23,0.0,0.0
6000,36,5,0,0.0,0.0
6001,36,5,1,0.0,0.0
6002,36,5,2,0.0,0.0
6003,36,5,3,0.0,0.0
6004,36,5,4,0.0,0.0
6005,36,5,5,0.0,0.0
6006,36,5,6,0.0,0.0
6007,36,5,7,0.0,0.0
6008,36,5,8,0.0,0.0
6009,36,5,9,0.0,0.0
6010,36,5,10,0.0,0.0
6011,36,5,11,0.0,0.0
6012,36,5,12,0.0,0.0
6013,36,5,13,0.0,0.0
6014,36,5,14,0.0,0.0
6015,36,5,15,0.0,0.0
6016,36,5,16,0.0,0.0
6017,36,5,17,0.0,0.0
6018,36,5,18,0.0,0.0
6019,36,5,19,0.0,0.0
6020,36,5,20,0.0,0.0
6021,36,5,21,0.0,0.0
6022,36,5,22,0.0,0.0
6023,36,5,23,0.0,0.0
6024,36,6,0,0.0,0.0
6025,36,6,1,0.0,0.0
6026,36,6,2,0.0,0.0
6027,36,6,3,0.0,0.0
6028,36,6,4,0.0,0.0
6029,36,6,5,0.0,0.0
6030,36,6,6,0.0,0.0
6031,36,6,7,0.0,0.0
6032,36,6,8,0.0,0.0
6033,36,6,9,0.0,0.0
6034,36,6,10,0.0,0.0
6035,36,6,11,0.179724,0.0
6036,36,6,12,0.187644,0.0
6037,36,6,13,0.0,0.0
6038,36,6,14,0.0,0.0
6039,36,6,15,0.0,0.0
6040,36,6,16,0.0,0.0
6041,36,6,17,0.0,0.0
6042,36,6,18,0.0,0.0
6043,36,6,19,0.0,0.0
6044,36,6,20,0.175764,0.0
6045,36,6,21,0.098148,0.0
6046,36,6,22,0.188832,0.0
6047,36,6,23,0.0,0.0
6048,37,0,0,0.0,0.0
6049,37,0,1,0.0,0.0
6050,37,0,2,0.0,0.0
6051,37,0,3,0.0,0.0
6052,37,0,4,0.0,0.0
6053,37,0,5,0.0,0.0
6054,37,0,6,0.0,0.0
6055,37,0,7,0.0,0.0
6056,37,0,8,0.0,0.0
6057,37,0,9,0.0,0.0
6058,37,0,10,0.0,0.0
6059,37,0,11,0.0,0.0
6060,37,0,12,0.0,0.0
6061,37,0,13,0.0,0.0
6062,37,0,14,0.0,0.0
6063,37,0,15,0.0,0.0
6064,37,0,16,0.0,0.0
6065,37,0,17,0.0,0.0
6066,37,0,18,0.0,0.0
6067,37,0,19,0.171408,0.0
6068,37,0,20,0.239124,0.0
6069,37,0,21,0.258924,0.0
6070,37,0,22,0.0,0.0
6071,37,0,23,0.0,0.0
6072,37,1,0,0.0,0.0
6073,37,1,1,0.099732,0.0
6074,37,1,2,0.190812,0.0
6075,37,1,3,0.3207,0.0
6076,37,1,4,0.262092,0.0
6077,37,1,5,0.214176,0.0
6078,37,1,6,0.176556,0.0
6079,37,1,7,0.0,0.0
6080,37,1,8,0.0,0.0
6081,37,1,9,0.0,0.0
6082,37,1,10,0.0,0.0
6083,37,1,11,0.0,0.0
6084,37,1,12,0.0,0.0
6085,37,1,13,0.0,0.0
6086,37,1,14,0.0,0.0
6087,37,1,15,0.0,0.0
6088,37,1,16,0.290604,0.0
6089,37,1,17,0.417664,0.0
6090,37,1,18,0.299712,0.0
6091,37,1,19,0.3405,0.0
6092,37,1,20,0.104088,0.0
6093,37,1,21,0.0,0.0
6094,37,1,22,0.0,0.0
6095,37,1,23,0.0,0.0
6096,37,2,0,0.209424,0.0
6097,37,2,1,0.0,0.0
6098,37,2,2,0.0,0.0
6099,37,2,3,0.0,0.0
6100,37,2,4,0.0,0.0
6101,37,2,5,0.0,0.0
6102,37,2,6,0.621504,0.0
6103,37,2,7,0.0,0.0
6104,37,2,8,0.117156,0.0
6105,37,2,9,0.0,0.0
6106,37,2,10,0.0,0.0
6107,37,2,11,0.0,0.0
6108,37,2,12,0.0,0.0
6109,37,2,13,0.0,0.0
6110,37,2,14,0.0,0.0
6111,37,2,15,0.0,0.0
6112,37,2,16,0.192,0.0
6113,37,2,17,0.187248,0.0
6114,37,2,18,0.0,0.0
6115,37,2,19,0.30684,0.0
6116,37,2,20,0.441688,0.0
6117,37,2,21,0.206256,0.0
6118,37,2,22,0.0,0.0
6119,37,2,23,0.0,0.0
6120,37,3,0,0.0,0.0
6121,37,3,1,0.165864,0.0
6122,37,3,2,0.159132,0.0
6123,37,3,3,0.0,0.0
6124,37,3,4,0.0,0.0
6125,37,3,5,0.0,0.0
6126,37,3,6,0.184476,0.0
6127,37,3,7,0.0,0.0
6128,37,3,8,0.0,0.0
6129,37,3,9,0.0,0.0
6130,37,3,10,0.0,0.0
6131,37,3,11,0.0,0.0
6132,37,3,12,0.0,0.0
6133,37,3,13,0.0,0.0
6134,37,3,14,0.0,0.0
6135,37,3,15,0.0,0.0
6136,37,3,16,0.0,0.0
6137,37,3,17,0.0,0.0
6138,37,3,18,0.121908,0.0
6139,37,3,19,0.0,0.0
6140,37,3,20,0.0,0.0
6141,37,3,21,0.0,0.0
6142,37,3,22,0.0,0.0
6143,37,3,23,0.0,0.0
6144,37,4,0,0.096564,0.0
6145,37,4,1,0.1227,0.0
6146,37,4,2,0.159924,0.0
6147,37,4,3,0.162696,0.0
6148,37,4,4,0.119928,0.0
6149,37,4,5,0.0,0.0
6150,37,4,6,0.0,0.0
6151,37,4,7,0.0,0.0
6152,37,4,8,0.0,0.0
6153,37,4,9,0.0,0.0
6154,37,4,10,0.0,0.0
6155,37,4,11,0.0,0.0
6156,37,4,12,0.0,0.0
6157,37,4,13,0.0,0.0
6158,37,4,14,0.0,0.0
6159,37,4,15,0.0,0.0
6160,37,4,16,0.176952,0.0
6161,37,4,17,0.115176,0.0
6162,37,4,18,0.0,0.0
6163,37,4,19,0.0,0.0
6164,37,4,20,0.0,0.0
6165,37,4,21,0.0,0.0
6166,37,4,22,0.0,0.0
6167,37,4,23,0.0,0.0
6168,37,5,0,0.0,0.0
6169,37,5,1,0.0,0.0
6170,37,5,2,0.203484,0.0
6171,37,5,3,0.119928,0.0
6172,37,5,4,0.224472,0.0
6173,37,5,5,0.292584,0.0
6174,37,5,6,0.322284,0.0
6175,37,5,7,0.26328,0.0
6176,37,5,8,0.196356,0.0
6177,37,5,9,0.23358,0.0
6178,37,5,10,0.3504,0.0
6179,37,5,11,0.438776,0.0
6180,37,5,12,0.108048,0.0
6181,37,5,13,0.25932,0.0
6182,37,5,14,0.0,0.0
6183,37,5,15,0.17022,0.0
6184,37,5,16,0.0,0.0
6185,37,5,17,0.0,0.0
6186,37,5,18,0.0,0.0
6187,37,5,19,0.0,0.0
6188,37,5,20,0.0,0.0
6189,37,5,21,0.0,0.0
6190,37,5,22,0.0,0.0
6191,37,5,23,0.0,0.0
6192,37,6,0,0.0,0.0
6193,37,6,1,0.0,0.0
6194,37,6,2,0.0,0.0
6195,37,6,3,0.0,0.0
6196,37,6,4,0.0,0.0
6197,37,6,5,0.0,0.0
6198,37,6,6,0.0,0.0
6199,37,6,7,0.0,0.0
6200,37,6,8,0.0,0.0
6201,37,6,9,0.0,0.0
6202,37,6,10,0.0,0.0
6203,37,6,11,0.0,0.0
6204,37,6,12,0.0,0.0
6205,37,6,13,0.0,0.0
6206,37,6,14,0.0,0.0
6207,37,6,15,0.0,0.0
6208,37,6,16,0.0,0.0
6209,37,6,17,0.0,0.0
6210,37,6,18,0.0,0.0
6211,37,6,19,0.0,0.0
6212,37,6,20,0.0,0.0
6213,37,6,21,0.0,0.0
6214,37,6,22,0.183684,0.0
6215,37,6,23,0.349608,0.0
6216,38,0,0,0.412568,0.0
6217,38,0,1,0.151608,0.0
6218,38,0,2,0.0,0.0
6219,38,0,3,0.0,0.0
6220,38,0,4,0.0,0.0
6221,38,0,5,0.0,0.0
6222,38,0,6,0.0,0.0
6223,38,0,7,0.0,0.0
6224,38,0,8,0.0,0.0
6225,38,0,9,0.0,0.0
6226,38,0,10,0.0,0.0
6227,38,0,11,0.0,0.0
6228,38,0,12,0.0,0.0
6229,38,0,13,0.0,0.0
6230,38,0,14,0.0,0.0
6231,38,0,15,0.0,0.0
6232,38,0,16,0.0,0.0
6233,38,0,17,0.0,0.0
6234,38,0,18,0.0,0.0
6235,38,0,19,0.0,0.0
6236,38,0,20,0.0,0.0
6237,38,0,21,0.0,0.0
6238,38,0,22,0.0,0.0
6239,38,0,23,0.0,0.0
6240,38,1,0,0.0,0.0
6241,38,1,1,0.0,0.0
6242,38,1,2,0.0,0.0
6243,38,1,3,0.0,0.0
6244,38,1,4,0.0,0.0
6245,38,1,5,0.0,0.0
6246,38,1,6,0.0,0.0
6247,38,1,7,0.0,0.0
6248,38,1,8,0.0,0.0
6249,38,1,9,0.0,0.0
6250,38,1,10,0.0,0.0
6251,38,1,11,0.0,0.0
6252,38,1,12,0.0,0.0
6253,38,1,13,0.0,0.0
6254,38,1,14,0.0,0.0
6255,38,1,15,0.0,0.0
6256,38,1,16,0.0,0.0
6257,38,1,17,0.0,0.0
6258,38,1,18,0.175368,0.0
6259,38,1,19,0.19794,0.0
6260,38,1,20,0.18804,0.0
6261,38,1,21,0.0,0.0
6262,38,1,22,0.0,0.0
6263,38,1,23,0.0,0.0
6264,38,2,0,0.0,0.0
6265,38,2,1,0.0,0.0
6266,38,2,2,0.0,0.0
6267,38,2,3,0.0,0.0
6268,38,2,4,0.0,0.0
6269,38,2,5,0.0,0.0
6270,38,2,6,0.0,0.0
6271,38,2,7,0.0,0.0
6272,38,2,8,0.0,0.0
6273,38,2,9,0.0,0.0
6274,38,2,10,0.0,0.0
6275,38,2,11,0.0,0.0
6276,38,2,12,0.0,0.0
6277,38,2,13,0.0,0.0
6278,38,2,14,0.0,0.0
6279,38,2,15,0.133392,0.0
6280,38,2,16,0.106068,0.0
6281,38,2,17,0.128244,0.0
6282,38,2,18,0.0,0.0
6283,38,2,19,0.25734,0.0
6284,38,2,20,0.0,0.0
6285,38,2,21,0.121908,0.0
6286,38,2,22,0.0,0.0
6287,38,2,23,0.185268,0.0
6288,38,3,0,0.0,0.0
6289,38,3,1,0.11082,0.0
6290,38,3,2,0.0,0.0
6291,38,3,3,0.105276,0.0
6292,38,3,4,0.0,0.0
6293,38,3,5,0.0,0.0
6294,38,3,6,0.0,0.0
6295,38,3,7,0.0,0.0
6296,38,3,8,0.0,0.0
6297,38,3,9,0.171012,0.0
6298,38,3,10,0.169824,0.0
6299,38,3,11,0.243876,0.0
6300,38,3,12,0.0,0.0
6301,38,3,13,0.0,0.0
6302,38,3,14,0.0,0.0
6303,38,3,15,0.0,0.0
6304,38,3,16,0.0,0.0
6305,38,3,17,0.0,0.0
6306,38,3,18,0.0,0.0
6307,38,3,19,0.0,0.0
6308,38,3,20,0.0,0.0
6309,38,3,21,0.0,0.0
6310,38,3,22,0.0,0.0
6311,38,3,23,0.0,0.0
6312,38,4,0,0.0,0.0
6313,38,4,1,0.0,0.0
6314,38,4,2,0.0,0.0
6315,38,4,3,0.0,0.0
6316,38,4,4,0.0,0.0
6317,38,4,5,0.0,0.0
6318,38,4,6,0.0,0.0
6319,38,4,7,0.0,0.0
6320,38,4,8,0.0,0.0
6321,38,4,9,0.0,0.0
6322,38,4,10,0.0,0.0
6323,38,4,11,0.0,0.0
6324,38,4,12,0.0,0.0
6325,38,4,13,0.0,0.0
6326,38,4,14,0.0,0.0
6327,38,4,15,0.0,0.0
6328,38,4,16,0.0,0.0
6329,38,4,17,0.0,0.0
6330,38,4,18,0.0,0.0
6331,38,4,19,0.0,0.0
6332,38,4,20,0.0,0.0
6333,38,4,21,0.0,0.0
6334,38,4,22,0.0,0.0
6335,38,4,23,0.0,0.0
6336,38,5,0,0.0,0.0
6337,38,5,1,0.0,0.0
6338,38,5,2,0.0,0.0
6339,38,5,3,0.0,0.0
6340,38,5,4,0.0,0.0
6341,38,5,5,0.0,0.0
6342,38,5,6,0.0,0.0
6343,38,5,7,0.0,0.0
6344,38,5,8,0.0,0.0
6345,38,5,9,0.0,0.0
6346,38,5,10,0.0,0.0
6347,38,5,11,0.0,0.0
6348,38,5,12,0.0,0.0
6349,38,5,13,0.0,0.0
6350,38,5,14,0.0,0.0
6351,38,5,15,0.0,0.0
6352,38,5,16,0.0,0.0
6353,38,5,17,0.0,0.0
6354,38,5,18,0.0,0.0
6355,38,5,19,0.0,0.0
6356,38,5,20,0.0,0.0
6357,38,5,21,0.0,0.0
6358,38,5,22,0.0,0.0
6359,38,5,23,0.0,0.0
6360,38,6,0,0.0,0.0
6361,38,6,1,0.0,0.0
6362,38,6,2,0.0,0.0
6363,38,6,3,0.0,0.0
6364,38,6,4,0.0,0.0
6365,38,6,5,0.0,0.0
6366,38,6,6,0.0,0.0
6367,38,6,7,0.0,0.0
6368,38,6,8,0.0,0.0
6369,38,6,9,0.0,0.0
6370,38,6,10,0.0,0.0
6371,38,6,11,0.0,0.0
6372,38,6,12,0.0,0.0
6373,38,6,13,0.0,0.0
6374,38,6,14,0.0,0.0
6375,38,6,15,0.0,0.0
6376,38,6,16,0.0,0.0
6377,38,6,17,0.0,0.0
6378,38,6,18,0.0,0.0
6379,38,6,19,0.0,0.0
6380,38,6,20,0.0,0.0
6381,38,6,21,0.0,0.0
6382,38,6,22,0.0,0.0
6383,38,6,23,0.0,0.0
6384,39,0,0,0.0,0.0
6385,39,0,1,0.0,0.0
6386,39,0,2,0.0,0.0
6387,39,0,3,0.0,0.0
6388,39,0,4,0.0,0.0
6389,39,0,5,0.0,0.0
6390,39,0,6,0.0,0.0
6391,39,0,7,0.0,0.0
6392,39,0,8,0.0,0.0
6393,39,0,9,0.0,0.0
6394,39,0,10,0.0,0.0
6395,39,0,11,0.0,0.0
6396,39,0,12,0.0,0.0
6397,39,0,13,0.0,0.0
6398,39,0,14,0.0,0.0
6399,39,0,15,0.0,0.0
6400,39,0,16,0.0,0.0
6401,39,0,17,0.0,0.0
6402,39,0,18,0.0,0.0
6403,39,0,19,0.202692,0.0
6404,39,0,20,0.0,0.0
6405,39,0,21,0.123096,0.0
6406,39,0,22,0.0,0.0
6407,39,0,23,0.0,0.0
6408,39,1,0,0.0,0.0
6409,39,1,1,0.163488,0.0
6410,39,1,2,0.228432,0.0
6411,39,1,3,0.387228,0.0
6412,39,1,4,0.374556,0.0
6413,39,1,5,0.270408,0.0
6414,39,1,6,0.134184,0.0
6415,39,1,7,0.0,0.0
6416,39,1,8,0.199524,0.0
6417,39,1,9,0.21378,0.0
6418,39,1,10,0.0,0.0
6419,39,1,11,0.14448,0.0
6420,39,1,12,0.0,0.0
6421,39,1,13,0.533416,0.0
6422,39,1,14,0.28506,0.0
6423,39,1,15,0.793312,0.0
6424,39,1,16,0.9549,0.0
6425,39,1,17,0.97485,0.0
6426,39,1,18,0.50284,0.0
6427,39,1,19,0.268032,0.0
6428,39,1,20,0.0,0.0
6429,39,1,21,0.0,0.0
6430,39,1,22,0.0,0.0
6431,39,1,23,0.0,0.0
6432,39,2,0,0.0,0.0
6433,39,2,1,0.0,0.0
6434,39,2,2,0.0,0.0
6435,39,2,3,0.0,0.0
6436,39,2,4,0.0,0.0
6437,39,2,5,0.0,0.0
6438,39,2,6,0.0,0.0
6439,39,2,7,0.0,0.0
6440,39,2,8,0.0,0.0
6441,39,2,9,0.0,0.0
6442,39,2,10,0.0,0.0
6443,39,2,11,0.0,0.0
6444,39,2,12,0.0,0.0
6445,39,2,13,0.0,0.0
6446,39,2,14,0.0,0.0
6447,39,2,15,0.0,0.0
6448,39,2,16,0.0,0.0
6449,39,2,17,0.105672,0.0
6450,39,2,18,0.0,0.0
6451,39,2,19,0.0,0.0
6452,39,2,20,0.0,0.0
6453,39,2,21,0.0,0.0
6454,39,2,22,0.0,0.0
6455,39,2,23,0.0,0.0
6456,39,3,0,0.0,0.0
6457,39,3,1,0.0,0.0
6458,39,3,2,0.0,0.0
6459,39,3,3,0.0,0.0
6460,39,3,4,0.0,0.0
6461,39,3,5,0.0,0.0
6462,39,3,6,0.0,0.0
6463,39,3,7,0.0,0.0
6464,39,3,8,0.101316,0.0
6465,39,3,9,0.21378,0.0
6466,39,3,10,0.167052,0.0
6467,39,3,11,0.0,0.0
6468,39,3,12,0.0,0.0
6469,39,3,13,0.0,0.0
6470,39,3,14,0.141312,0.0
6471,39,3,15,0.2613,0.0
6472,39,3,16,0.24546,0.0
6473,39,3,17,0.0,0.0
6474,39,3,18,0.0,0.0
6475,39,3,19,0.0,0.0
6476,39,3,20,0.0,0.0
6477,39,3,21,0.0,0.0
6478,39,3,22,0.0,0.0
6479,39,3,23,0.0,0.0
6480,39,4,0,0.0,0.0
6481,39,4,1,0.0,0.0
6482,39,4,2,0.0,0.0
6483,39,4,3,0.0,0.0
6484,39,4,4,0.0,0.0
6485,39,4,5,0.0,0.0
6486,39,4,6,0.0,0.0
6487,39,4,7,0.0,0.0
6488,39,4,8,0.0,0.0
6489,39,4,9,0.0,0.0
6490,39,4,10,0.0,0.0
6491,39,4,11,0.0,0.0
6492,39,4,12,0.0,0.0
6493,39,4,13,0.0,0.0
6494,39,4,14,0.0,0.0
6495,39,4,15,0.0,0.0
6496,39,4,16,0.0,0.0
6497,39,4,17,0.0,0.0
6498,39,4,18,0.0,0.0
6499,39,4,19,0.0,0.0
6500,39,4,20,0.0,0.0
6501,39,4,21,0.0,0.0
6502,39,4,22,0.0,0.0
6503,39,4,23,0.0,0.0
6504,39,5,0,0.0,0.0
6505,39,5,1,0.0,0.0
6506,39,5,2,0.0,0.0
6507,39,5,3,0.0,0.0
6508,39,5,4,0.0,0.0
6509,39,5,5,0.0,0.0
6510,39,5,6,0.0,0.0
6511,39,5,7,0.0,0.0
6512,39,5,8,0.0,0.0
6513,39,5,9,0.0,0.0
6514,39,5,10,0.0,0.0
6515,39,5,11,0.0,0.0
6516,39,5,12,0.0,0.0
6517,39,5,13,0.0,0.0
6518,39,5,14,0.0,0.0
6519,39,5,15,0.0,0.0
6520,39,5,16,0.0,0.0
6521,39,5,17,0.0,0.0
6522,39,5,18,0.0,0.0
6523,39,5,19,0.0,0.0
6524,39,5,20,0.0,0.0
6525,39,5,21,0.0,0.0
6526,39,5,22,0.0,0.0
6527,39,5,23,0.0,0.0
6528,39,6,0,0.0,0.0
6529,39,6,1,0.0,0.0
6530,39,6,2,0.0,0.0
6531,39,6,3,0.0,0.0
6532,39,6,4,0.0,0.0
6533,39,6,5,0.0,0.0
6534,39,6,6,0.121512,0.0
6535,39,6,7,0.0,0.0
6536,39,6,8,0.0,0.0
6537,39,6,9,0.0,0.0
6538,39,6,10,0.0,0.0
6539,39,6,11,0.0,0.0
6540,39,6,12,0.0,0.0
6541,39,6,13,0.0,0.0
6542,39,6,14,0.0,0.0
6543,39,6,15,0.0,0.0
6544,39,6,16,0.0,0.0
6545,39,6,17,0.0,0.0
6546,39,6,18,0.225264,0.0
6547,39,6,19,0.206256,0.0
6548,39,6,20,0.196752,0.0
6549,39,6,21,0.0,0.0
6550,39,6,22,0.0,0.0
6551,39,6,23,0.0,0.0
6552,40,0,0,0.0,0.0
6553,40,0,1,0.0,0.0
6554,40,0,2,0.0,0.0
6555,40,0,3,0.0,0.0
6556,40,0,4,0.0,0.0
6557,40,0,5,0.11478,0.0
6558,40,0,6,0.0,0.0
6559,40,0,7,0.0,0.0
6560,40,0,8,0.0,0.0
6561,40,0,9,0.0,0.0
6562,40,0,10,0.0,0.0
6563,40,0,11,0.0,0.0
6564,40,0,12,0.0,0.0
6565,40,0,13,0.0,0.0
6566,40,0,14,0.0,0.0
6567,40,0,15,0.0,0.0
6568,40,0,16,0.0,0.0
6569,40,0,17,0.0,0.0
6570,40,0,18,0.0,0.0
6571,40,0,19,0.0,0.0
6572,40,0,20,0.0,0.0
6573,40,0,21,0.0,0.0
6574,40,0,22,0.0,0.0
6575,40,0,23,0.0,0.0
6576,40,1,0,0.0,0.0
6577,40,1,1,0.0,0.0
6578,40,1,2,0.0,0.0
6579,40,1,3,0.0,0.0
6580,40,1,4,0.0,0.0
6581,40,1,5,0.0,0.0
6582,40,1,6,0.0,0.0
6583,40,1,7,0.0,0.0
6584,40,1,8,0.0,0.0
6585,40,1,9,0.0,0.0
6586,40,1,10,0.0,0.0
6587,40,1,11,0.0,0.0
6588,40,1,12,0.0,0.0
6589,40,1,13,0.0,0.0
6590,40,1,14,0.0,0.0
6591,40,1,15,0.0,0.0
6592,40,1,16,0.09498,0.0
6593,40,1,17,0.0,0.0
6594,40,1,18,0.0,0.0
6595,40,1,19,0.0,0.0
6596,40,1,20,0.0,0.0
6597,40,1,21,0.0,0.0
6598,40,1,22,0.0,0.0
6599,40,1,23,0.0,0.0
6600,40,2,0,0.0,0.0
6601,40,2,1,0.0,0.0
6602,40,2,2,0.0,0.0
6603,40,2,3,0.0,0.0
6604,40,2,4,0.0,0.0
6605,40,2,5,0.0,0.0
6606,40,2,6,0.0,0.0
6607,40,2,7,0.0,0.0
6608,40,2,8,0.0,0.0
6609,40,2,9,0.0,0.0
6610,40,2,10,0.0,0.0
6611,40,2,11,0.0,0.0
6612,40,2,12,0.0,0.0
6613,40,2,13,0.0,0.0
6614,40,2,14,0.0,0.0
6615,40,2,15,0.0,0.0
6616,40,2,16,0.0,0.0
6617,40,2,17,0.0,0.0
6618,40,2,18,0.0,0.0
6619,40,2,19,0.0,0.0
6620,40,2,20,0.0,0.0
6621,40,2,21,0.0,0.0
6622,40,2,22,0.135768,0.0
6623,40,2,23,0.216552,0.0
6624,40,3,0,0.0,0.0
6625,40,3,1,0.0,0.0
6626,40,3,2,0.0,0.0
6627,40,3,3,0.0,0.0
6628,40,3,4,0.0,0.0
6629,40,3,5,0.0,0.0
6630,40,3,6,0.098544,0.0
6631,40,3,7,0.0,0.0
6632,40,3,8,0.0,0.0
6633,40,3,9,0.0,0.0
6634,40,3,10,0.0,0.0
6635,40,3,11,0.0,0.0
6636,40,3,12,0.0,0.0
6637,40,3,13,0.0,0.0
6638,40,3,14,0.0,0.0
6639,40,3,15,0.0,0.0
6640,40,3,16,0.0,0.0
6641,40,3,17,0.0,0.0
6642,40,3,18,0.0,0.0
6643,40,3,19,0.15636,0.0
6644,40,3,20,0.093,0.0
6645,40,3,21,0.0,0.0
6646,40,3,22,0.174576,0.0
6647,40,3,23,0.0,0.0
6648,40,4,0,0.0,0.0
6649,40,4,1,0.145272,0.0
6650,40,4,2,0.303276,0.0
6651,40,4,3,0.432224,0.0
6652,40,4,4,0.39728,0.0
6653,40,4,5,0.35436,0.0
6654,40,4,6,0.262092,0.0
6655,40,4,7,0.18606,0.0
6656,40,4,8,0.0,0.0
6657,40,4,9,0.292584,0.0
6658,40,4,10,0.0,0.0
6659,40,4,11,0.0,0.0
6660,40,4,12,0.0,0.0
6661,40,4,13,0.0,0.0
6662,40,4,14,0.0,0.0
6663,40,4,15,0.0,0.0
6664,40,4,16,0.0,0.0
6665,40,4,17,0.0,0.0
6666,40,4,18,0.0,0.0
6667,40,4,19,0.0,0.0
6668,40,4,20,0.0,0.0
6669,40,4,21,0.0,0.0
6670,40,4,22,0.0,0.0
6671,40,4,23,0.0,0.0
6672,40,5,0,0.0,0.0
6673,40,5,1,0.0,0.0
6674,40,5,2,0.0,0.0
6675,40,5,3,0.0,0.0
6676,40,5,4,0.0,0.0
6677,40,5,5,0.0,0.0
6678,40,5,6,0.0,0.0
6679,40,5,7,0.0,0.0
6680,40,5,8,0.0,0.0
6681,40,5,9,0.0,0.0
6682,40,5,10,0.0,0.0
6683,40,5,11,0.0,0.0
6684,40,5,12,0.0,0.0
6685,40,5,13,0.0,0.0
6686,40,5,14,0.0,0.0
6687,40,5,15,0.199128,0.0
6688,40,5,16,0.27318,0.0
6689,40,5,17,0.3603,0.0
6690,40,5,18,0.160716,0.0
6691,40,5,19,0.0,0.0
6692,40,5,20,0.0,0.0
6693,40,5,21,0.0,0.0
6694,40,5,22,0.0,0.0
6695,40,5,23,0.0,0.0
6696,40,6,0,0.0,0.0
6697,40,6,1,0.0,0.0
6698,40,6,2,0.0,0.0
6699,40,6,3,0.0,0.0
6700,40,6,4,0.0,0.0
6701,40,6,5,0.132204,0.0
6702,40,6,6,0.16626,0.0
6703,40,6,7,0.0,0.0
6704,40,6,8,0.098148,0.0
6705,40,6,9,0.0,0.0
6706,40,6,10,0.0,0.0
6707,40,6,11,0.0,0.0
6708,40,6,12,0.0,0.0
6709,40,6,13,0.0,0.0
6710,40,6,14,0.0,0.0
6711,40,6,15,0.0,0.0
6712,40,6,16,0.0,0.0
6713,40,6,17,0.0,0.0
6714,40,6,18,0.0,0.0
6715,40,6,19,0.0,0.0
6716,40,6,20,0.0,0.0
6717,40,6,21,0.0,0.0
6718,40,6,22,0.0,0.0
6719,40,6,23,0.0,0.0
6720,41,0,0,0.0,0.0
6721,41,0,1,0.0,0.0
6722,41,0,2,0.0,0.0
6723,41,0,3,0.0,0.0
6724,41,0,4,0.0,0.0
6725,41,0,5,0.0,0.0
6726,41,0,6,0.0,0.0
6727,41,0,7,0.0,0.0
6728,41,0,8,0.0,0.0
6729,41,0,9,0.0,0.0
6730,41,0,10,0.0,0.0
6731,41,0,11,0.0,0.0
6732,41,0,12,0.224868,0.0
6733,41,0,13,0.787488,0.0
6734,41,0,14,1.72717,0.0
6735,41,0,15,1.12185,0.0
6736,41,0,16,0.890864,0.0
6737,41,0,17,0.529776,0.0
6738,41,0,18,0.482456,0.0
6739,41,0,19,0.313968,0.0
6740,41,0,20,0.336144,0.0
6741,41,0,21,0.111216,0.0
6742,41,0,22,0.115968,0.0
6743,41,0,23,0.0,0.0
6744,41,1,0,0.0,0.0
6745,41,1,1,0.0,0.0
6746,41,1,2,0.0,0.0
6747,41,1,3,0.0,0.0
6748,41,1,4,0.0,0.0
6749,41,1,5,0.0,0.0
6750,41,1,6,0.0,0.0
6751,41,1,7,0.130224,0.0
6752,41,1,8,0.0,0.0
6753,41,1,9,0.0,0.0
6754,41,1,10,0.0,0.0
6755,41,1,11,0.0,0.0
6756,41,1,12,0.0,0.0
6757,41,1,13,0.0,0.0
6758,41,1,14,0.0,0.0
6759,41,1,15,0.0,0.0
6760,41,1,16,0.0,0.0
6761,41,1,17,0.0,0.0
6762,41,1,18,0.0,0.0
6763,41,1,19,0.0,0.0
6764,41,1,20,0.141708,0.0
6765,41,1,21,0.22566,0.0
6766,41,1,22,0.32664,0.0
6767,41,1,23,0.38802,0.0
6768,41,2,0,0.40092,0.0
6769,41,2,1,0.327432,0.0
6770,41,2,2,0.191604,0.0
6771,41,2,3,0.20388,0.0
6772,41,2,4,0.151212,0.0
6773,41,2,5,0.179724,0.0
6774,41,2,6,0.0,0.0
6775,41,2,7,0.0,0.0
6776,41,2,8,0.0,0.0
6777,41,2,9,0.0,0.0
6778,41,2,10,0.0,0.0
6779,41,2,11,0.0,0.0
6780,41,2,12,0.0,0.0
6781,41,2,13,0.0,0.0
6782,41,2,14,0.1326,0.0
6783,41,2,15,0.0,0.0
6784,41,2,16,0.0,0.0
6785,41,2,17,0.0,0.0
6786,41,2,18,0.0,0.0
6787,41,2,19,0.0,0.0
6788,41,2,20,0.0,0.0
6789,41,2,21,0.0,0.0
6790,41,2,22,0.0,0.0
6791,41,2,23,0.0,0.0
6792,41,3,0,0.0,0.0
6793,41,3,1,0.0,0.0
6794,41,3,2,0.0,0.0
6795,41,3,3,0.0,0.0
6796,41,3,4,0.0,0.0
6797,41,3,5,0.0,0.0
6798,41,3,6,0.0,0.0
6799,41,3,7,0.0,0.0
6800,41,3,8,0.0,0.0
6801,41,3,9,0.13062,0.0
6802,41,3,10,0.104088,0.0
6803,41,3,11,0.135372,0.0
6804,41,3,12,0.29496,0.0
6805,41,3,13,0.463528,0.0
6806,41,3,14,0.585104,0.0
6807,41,3,15,0.302088,0.0
6808,41,3,16,0.195564,0.0
6809,41,3,17,0.093792,0.0
6810,41,3,18,0.186852,0.0
6811,41,3,19,0.0,0.0
6812,41,3,20,0.0,0.0
6813,41,3,21,0.0,0.0
6814,41,3,22,0.105672,0.0
6815,41,3,23,0.0,0.0
6816,41,4,0,0.0,0.0
6817,41,4,1,0.0,0.0
6818,41,4,2,0.0,0.0
6819,41,4,3,0.0,0.0
6820,41,4,4,0.174576,0.0
6821,41,4,5,0.205464,0.0
6822,41,4,6,0.0,0.0
6823,41,4,7,0.0,0.0
6824,41,4,8,0.0,0.0
6825,41,4,9,0.0,0.0
6826,41,4,10,0.0,0.0
6827,41,4,11,0.0,0.0
6828,41,4,12,0.0,0.0
6829,41,4,13,0.0,0.0
6830,41,4,14,0.0,0.0
6831,41,4,15,0.0,0.0
6832,41,4,16,0.0,0.0
6833,41,4,17,0.0,0.0
6834,41,4,18,0.0,0.0
6835,41,4,19,0.0,0.0
6836,41,4,20,0.122304,0.0
6837,41,4,21,0.216552,0.0
6838,41,4,22,0.112404,0.0
6839,41,4,23,0.0,0.0
6840,41,5,0,0.0,0.0
6841,41,5,1,0.0,0.0
6842,41,5,2,0.115572,0.0
6843,41,5,3,0.0,0.0
6844,41,5,4,0.0,0.0
6845,41,5,5,0.0,0.0
6846,41,5,6,0.0,0.0
6847,41,5,7,0.0,0.0
6848,41,5,8,0.0,0.0
6849,41,5,9,0.0,0.0
6850,41,5,10,0.0,0.0
6851,41,5,11,0.0,0.0
6852,41,5,12,0.114384,0.0
6853,41,5,13,0.0,0.0
6854,41,5,14,0.0,0.0
6855,41,5,15,0.0,0.0
6856,41,5,16,0.0,0.0
6857,41,5,17,0.0,0.0
6858,41,5,18,0.0,0.0
6859,41,5,19,0.0,0.0
6860,41,5,20,0.0,0.0
6861,41,5,21,0.0,0.0
6862,41,5,22,0.0,0.0
6863,41,5,23,0.0,0.0
6864,41,6,0,0.0,0.0
6865,41,6,1,0.211404,0.0
6866,41,6,2,0.0,0.0
6867,41,6,3,0.0,0.0
6868,41,6,4,0.0,0.0
6869,41,6,5,0.0,0.0
6870,41,6,6,0.0,0.0
6871,41,6,7,0.0,0.0
6872,41,6,8,0.0,0.0
6873,41,6,9,0.0,0.0
6874,41,6,10,0.0,0.0
6875,41,6,11,0.0,0.0
6876,41,6,12,0.0,0.0
6877,41,6,13,0.0,0.0
6878,41,6,14,0.0,0.0
6879,41,6,15,0.0,0.0
6880,41,6,16,0.0,0.0
6881,41,6,17,0.0,0.0
6882,41,6,18,0.0,0.0
6883,41,6,19,0.0,0.0
6884,41,6,20,0.0,0.0
6885,41,6,21,0.0,0.0
6886,41,6,22,0.122304,0.0
6887,41,6,23,0.366636,0.0
6888,42,0,0,0.718328,0.0
6889,42,0,1,0.636064,0.0
6890,42,0,2,0.679016,0.0
6891,42,0,3,0.558168,0.0
6892,42,0,4,0.317532,0.0
6893,42,0,5,0.19398,0.0
6894,42,0,6,0.17022,0.0
6895,42,0,7,0.0,0.0
6896,42,0,8,0.0,0.0
6897,42,0,9,0.0,0.0
6898,42,0,10,0.410384,0.0
6899,42,0,11,0.361092,0.0
6900,42,0,12,0.30882,0.0
6901,42,0,13,0.681928,0.0
6902,42,0,14,0.762008,0.0
6903,42,0,15,1.00635,0.0
6904,42,0,16,1.07145,0.0
6905,42,0,17,0.92144,0.0
6906,42,0,18,0.435136,0.0
6907,42,0,19,0.691392,0.0
6908,42,0,20,0.807872,0.0
6909,42,0,21,0.378912,0.0
6910,42,0,22,0.0,0.0
6911,42,0,23,0.0,0.0
6912,42,1,0,0.0,0.0
6913,42,1,1,0.0,0.0
6914,42,1,2,0.0,0.0
6915,42,1,3,0.116364,0.0
6916,42,1,4,0.0,0.0
6917,42,1,5,0.0,0.0
6918,42,1,6,0.0,0.0
6919,42,1,7,0.0,0.0
6920,42,1,8,0.0,0.0
6921,42,1,9,0.0,0.0
6922,42,1,10,0.0,0.0
6923,42,1,11,0.0,0.0
6924,42,1,12,0.0,0.0
6925,42,1,13,0.0,0.0
6926,42,1,14,0.0,0.0
6927,42,1,15,0.0,0.0
6928,42,1,16,0.0,0.0
6929,42,1,17,0.09696,0.0
6930,42,1,18,0.0,0.0
6931,42,1,19,0.0,0.0
6932,42,1,20,0.0,0.0
6933,42,1,21,0.0,0.0
6934,42,1,22,0.0,0.0
6935,42,1,23,0.0,0.0
6936,42,2,0,0.0,0.0
6937,42,2,1,0.0,0.0
6938,42,2,2,0.0,0.0
6939,42,2,3,0.0,0.0
6940,42,2,4,0.0,0.0
6941,42,2,5,0.0,0.0
6942,42,2,6,0.0,0.0
6943,42,2,7,0.0,0.0
6944,42,2,8,0.0,0.0
6945,42,2,9,0.0,0.0
6946,42,2,10,0.0,0.0
6947,42,2,11,0.0,0.0
6948,42,2,12,0.0,0.0
6949,42,2,13,0.0,0.0
6950,42,2,14,0.0,0.0
6951,42,2,15,0.0,0.0
6952,42,2,16,0.0,0.0
6953,42,2,17,0.0,0.0
6954,42,2,18,0.0,0.0
6955,42,2,19,0.287436,0.0
6956,42,2,20,0.230412,0.0
6957,42,2,21,0.344064,0.0
6958,42,2,22,0.482456,0.0
6959,42,2,23,0.668824,0.0
6960,42,3,0,0.570544,0.0
6961,42,3,1,0.545792,0.0
6962,42,3,2,0.515944,0.0
6963,42,3,3,0.310008,0.0
6964,42,3,4,0.161508,0.0
6965,42,3,5,0.0,0.0
6966,42,3,6,0.0,0.0
6967,42,3,7,0.0,0.0
6968,42,3,8,0.315552,0.0
6969,42,3,9,0.456976,0.0
6970,42,3,10,0.25338,0.0
6971,42,3,11,0.0,0.0
6972,42,3,12,0.0,0.0
6973,42,3,13,0.0,0.0
6974,42,3,14,0.0,0.0
6975,42,3,15,0.0,0.0
6976,42,3,16,0.256152,0.0
6977,42,3,17,0.19794,0.0
6978,42,3,18,0.286248,0.0
6979,42,3,19,0.201504,0.0
6980,42,3,20,0.23556,0.0
6981,42,3,21,0.19398,0.0
6982,42,3,22,0.133392,0.0
6983,42,3,23,0.155964,0.0
6984,42,4,0,0.19002,0.0
6985,42,4,1,0.328224,0.0
6986,42,4,2,0.29892,0.0
6987,42,4,3,0.206256,0.0
6988,42,4,4,0.230016,0.0
6989,42,4,5,0.273576,0.0
6990,42,4,6,0.228432,0.0
6991,42,4,7,0.0,0.0
6992,42,4,8,0.0,0.0
6993,42,4,9,0.0,0.0
6994,42,4,10,0.097356,0.0
6995,42,4,11,0.136956,0.0
6996,42,4,12,0.0,0.0
6997,42,4,13,0.0,0.0
6998,42,4,14,0.0,0.0
6999,42,4,15,0.0,0.0
7000,42,4,16,0.0,0.0
7001,42,4,17,0.0,0.0
7002,42,4,18,0.0,0.0
7003,42,4,19,0.0,0.0
7004,42,4,20,0.0,0.0
7005,42,4,21,0.166656,0.0
7006,42,4,22,0.191208,0.0
7007,42,4,23,0.0,0.0
7008,42,5,0,0.0,0.0
7009,42,5,1,0.0,0.0
7010,42,5,2,0.0,0.0
7011,42,5,3,0.0,0.0
7012,42,5,4,0.0,0.0
7013,42,5,5,0.0,0.0
7014,42,5,6,0.0,0.0
7015,42,5,7,0.0,0.0
7016,42,5,8,0.0,0.0
7017,42,5,9,0.0,0.0
7018,42,5,10,0.0,0.0
7019,42,5,11,0.0,0.0
7020,42,5,12,0.0,0.0
7021,42,5,13,0.109236,0.0
7022,42,5,14,0.0,0.0
7023,42,5,15,0.217344,0.0
7024,42,5,16,0.157548,0.0
7025,42,5,17,0.094584,0.0
7026,42,5,18,0.0,0.0
7027,42,5,19,0.286644,0.0
7028,42,5,20,0.346836,0.0
7029,42,5,21,0.150024,0.0
7030,42,5,22,0.357924,0.0
7031,42,5,23,0.206652,0.0
7032,42,6,0,0.0,0.0
7033,42,6,1,0.0,0.0
7034,42,6,2,0.0,0.0
7035,42,6,3,0.0,0.0
7036,42,6,4,0.0,0.0
7037,42,6,5,0.0,0.0
7038,42,6,6,0.0,0.0
7039,42,6,7,0.0,0.0
7040,42,6,8,0.0,0.0
7041,42,6,9,0.0,0.0
7042,42,6,10,0.0,0.0
7043,42,6,11,0.0,0.0
7044,42,6,12,0.0,0.0
7045,42,6,13,0.0,0.0
7046,42,6,14,0.0,0.0
7047,42,6,15,0.0,0.0
7048,42,6,16,0.0,0.0
7049,42,6,17,0.178536,0.0
7050,42,6,18,0.233184,0.0
7051,42,6,19,0.237936,0.0
7052,42,6,20,0.129828,0.0
7053,42,6,21,0.0,0.0
7054,42,6,22,0.0,0.0
7055,42,6,23,0.0,0.0
7056,43,0,0,0.0,0.0
7057,43,0,1,0.0,0.0
7058,43,0,2,0.0,0.0
7059,43,0,3,0.0,0.0
7060,43,0,4,0.0,0.0
7061,43,0,5,0.0,0.0
7062,43,0,6,0.0,0.0
7063,43,0,7,0.0,0.0
7064,43,0,8,0.0,0.0
7065,43,0,9,0.0,0.0
7066,43,0,10,0.0,0.0
7067,43,0,11,0.0,0.0
7068,43,0,12,0.0,0.0
7069,43,0,13,0.0,0.0
7070,43,0,14,0.0,0.0
7071,43,0,15,0.0,0.0
7072,43,0,16,0.0,0.0
7073,43,0,17,0.0,0.0
7074,43,0,18,0.0,0.0
7075,43,0,19,0.0,0.0
7076,43,0,20,0.0,0.0
7077,43,0,21,0.0,0.0
7078,43,0,22,0.0,0.0
7079,43,0,23,0.0,0.0
7080,43,1,0,0.414752,0.0
7081,43,1,1,0.711048,0.0
7082,43,1,2,0.71396,0.0
7083,43,1,3,0.59384,0.0
7084,43,1,4,0.245856,0.0
7085,43,1,5,0.0,0.0
7086,43,1,6,0.0,0.0
7087,43,1,7,0.0,0.0
7088,43,1,8,0.0,0.0
7089,43,1,9,0.0,0.0
7090,43,1,10,0.0,0.0
7091,43,1,11,0.222492,0.0
7092,43,1,12,0.0,0.0
7093,43,1,13,0.0,0.0
7094,43,1,14,0.0,0.0
7095,43,1,15,0.0,0.0
7096,43,1,16,0.0,0.0
7097,43,1,17,0.0,0.0
7098,43,1,18,0.0,0.0
7099,43,1,19,0.0,0.0
7100,43,1,20,0.0,0.0
7101,43,1,21,0.0,0.0
7102,43,1,22,0.0,0.0
7103,43,1,23,0.0,0.0
7104,43,2,0,0.0,0.0
7105,43,2,1,0.0,0.0
7106,43,2,2,0.0,0.0
7107,43,2,3,0.0,0.0
7108,43,2,4,0.0,0.0
7109,43,2,5,0.0,0.0
7110,43,2,6,0.0,0.0
7111,43,2,7,0.0,0.0
7112,43,2,8,0.132996,0.0
7113,43,2,9,0.17418,0.0
7114,43,2,10,0.293376,0.0
7115,43,2,11,0.383268,0.0
7116,43,2,12,0.39,0.0
7117,43,2,13,0.19002,0.0
7118,43,2,14,0.1326,0.0
7119,43,2,15,0.0,0.0
7120,43,2,16,0.0,0.0
7121,43,2,17,0.0,0.0
7122,43,2,18,0.0,0.0
7123,43,2,19,0.0,0.0
7124,43,2,20,0.0,0.0
7125,43,2,21,0.0,0.0
7126,43,2,22,0.0,0.0
7127,43,2,23,0.0,0.0
7128,43,3,0,0.0,0.0
7129,43,3,1,0.0,0.0
7130,43,3,2,0.0,0.0
7131,43,3,3,0.0,0.0
7132,43,3,4,0.0,0.0
7133,43,3,5,0.0,0.0
7134,43,3,6,0.0,0.0
7135,43,3,7,0.0,0.0
7136,43,3,8,0.0,0.0
7137,43,3,9,0.0,0.0
7138,43,3,10,0.0,0.0
7139,43,3,11,0.0,0.0
7140,43,3,12,0.0,0.0
7141,43,3,13,0.0,0.0
7142,43,3,14,0.0,0.0
7143,43,3,15,0.0,0.0
7144,43,3,16,0.0,0.0
7145,43,3,17,0.0,0.0
7146,43,3,18,0.0,0.0
7147,43,3,19,0.0,0.0
7148,43,3,20,0.0,0.0
7149,43,3,21,0.205068,0.0
7150,43,3,22,0.0,0.0
7151,43,3,23,0.0,0.0
7152,43,4,0,0.0,0.0
7153,43,4,1,0.0,0.0
7154,43,4,2,0.0,0.0
7155,43,4,3,0.0,0.0
7156,43,4,4,0.0,0.0
7157,43,4,5,0.0,0.0
7158,43,4,6,0.0,0.0
7159,43,4,7,0.0,0.0
7160,43,4,8,0.0,0.0
7161,43,4,9,0.0,0.0
7162,43,4,10,0.0,0.0
7163,43,4,11,0.0,0.0
7164,43,4,12,0.0,0.0
7165,43,4,13,0.0,0.0
7166,43,4,14,0.0,0.0
7167,43,4,15,0.0,0.0
7168,43,4,16,0.0,0.0
7169,43,4,17,0.0,0.0
7170,43,4,18,0.0,0.0
7171,43,4,19,0.0,0.0
7172,43,4,20,0.0,0.0
7173,43,4,21,0.0,0.0
7174,43,4,22,0.0,0.0
7175,43,4,23,0.0,0.0
7176,43,5,0,0.0,0.0
7177,43,5,1,0.0,0.0
7178,43,5,2,0.0,0.0
7179,43,5,3,0.0,0.0
7180,43,5,4,0.0,0.0
7181,43,5,5,0.0,0.0
7182,43,5,6,0.119928,0.0
7183,43,5,7,0.0,0.0
7184,43,5,8,0.0,0.0
7185,43,5,9,0.0,0.0
7186,43,5,10,0.0,0.0
7187,43,5,11,0.0,0.0
7188,43,5,12,0.0,0.0
7189,43,5,13,0.0,0.0
7190,43,5,14,0.0,0.0
7191,43,5,15,0.0,0.0
7192,43,5,16,0.0,0.0
7193,43,5,17,0.0,0.0
7194,43,5,18,0.182892,0.0
7195,43,5,19,0.47372,0.0
7196,43,5,20,0.559624,0.0
7197,43,5,21,0.214968,0.0
7198,43,5,22,0.0,0.0
7199,43,5,23,0.0,0.0
7200,43,6,0,0.0,0.0
7201,43,6,1,0.363072,0.0
7202,43,6,2,0.678288,0.0
7203,43,6,3,0.339708,0.0
7204,43,6,4,0.248628,0.0
7205,43,6,5,0.36822,0.0
7206,43,6,6,0.282288,0.0
7207,43,6,7,0.117156,0.0
7208,43,6,8,0.0,0.0
7209,43,6,9,0.0,0.0
7210,43,6,10,0.0,0.0
7211,43,6,11,0.132204,0.0
7212,43,6,12,0.0,0.0
7213,43,6,13,0.099336,0.0
7214,43,6,14,0.0,0.0
7215,43,6,15,0.0,0.0
7216,43,6,16,0.265656,0.0
7217,43,6,17,0.319512,0.0
7218,43,6,18,0.275952,0.0
7219,43,6,19,0.50284,0.0
7220,43,6,20,0.76492,0.0
7221,43,6,21,0.364656,0.0
7222,43,6,22,0.0,0.0
7223,43,6,23,0.0,0.0
7224,44,0,0,0.0,0.0
7225,44,0,1,0.0,0.0
7226,44,0,2,0.0,0.0
7227,44,0,3,0.0,0.0
7228,44,0,4,0.0,0.0
7229,44,0,5,0.0,0.0
7230,44,0,6,0.0,0.0
7231,44,0,7,0.0,0.0
7232,44,0,8,0.0,0.0
7233,44,0,9,0.0,0.0
7234,44,0,10,0.0,0.0
7235,44,0,11,0.0,0.0
7236,44,0,12,0.0,0.0
7237,44,0,13,0.0,0.0
7238,44,0,14,0.0,0.0
7239,44,0,15,0.0,0.0
7240,44,0,16,0.0,0.0
7241,44,0,17,0.0,0.0
7242,44,0,18,0.0,0.0
7243,44,0,19,0.0,0.0
7244,44,0,20,0.0,0.0
7245,44,0,21,0.0,0.0
7246,44,0,22,0.0,0.0
7247,44,0,23,0.0,0.0
7248,44,1,0,0.0,0.0
7249,44,1,1,0.0,0.0
7250,44,1,2,0.0,0.0
7251,44,1,3,0.0,0.0
7252,44,1,4,0.0,0.0
7253,44,1,5,0.0,0.0
7254,44,1,6,0.0,0.0
7255,44,1,7,0.0,0.0
7256,44,1,8,0.0,0.0
7257,44,1,9,0.0,0.0
7258,44,1,10,0.0,0.0
7259,44,1,11,0.0,0.0
7260,44,1,12,0.0,0.0
7261,44,1,13,0.0,0.0
7262,44,1,14,0.0,0.0
7263,44,1,15,0.0,0.0
7264,44,1,16,0.12468,0.0
7265,44,1,17,0.385248,0.0
7266,44,1,18,0.49556,0.0
7267,44,1,19,0.451152,0.0
7268,44,1,20,0.0,0.0
7269,44,1,21,0.0,0.0
7270,44,1,22,0.21774,0.0
7271,44,1,23,0.0,0.0
7272,44,2,0,0.0,0.0
7273,44,2,1,0.0,0.0
7274,44,2,2,0.0,0.0
7275,44,2,3,0.164676,0.0
7276,44,2,4,0.0,0.0
7277,44,2,5,0.400192,0.0
7278,44,2,6,0.481,0.0
7279,44,2,7,0.396552,0.0
7280,44,2,8,0.253776,0.0
7281,44,2,9,0.0,0.0
7282,44,2,10,0.217344,0.0
7283,44,2,11,0.1128,0.0
7284,44,2,12,0.0,0.0
7285,44,2,13,0.0,0.0
7286,44,2,14,0.0,0.0
7287,44,2,15,0.24744,0.0
7288,44,2,16,0.531232,0.0
7289,44,2,17,0.178536,0.0
7290,44,2,18,0.155964,0.0
7291,44,2,19,0.329808,0.0
7292,44,2,20,0.224076,0.0
7293,44,2,21,0.098544,0.0
7294,44,2,22,0.0,0.0
7295,44,2,23,0.0,0.0
7296,44,3,0,0.0,0.0
7297,44,3,1,0.0,0.0
7298,44,3,2,0.0,0.0
7299,44,3,3,0.0,0.0
7300,44,3,4,0.0,0.0
7301,44,3,5,0.0,0.0
7302,44,3,6,0.0,0.0
7303,44,3,7,0.0,0.0
7304,44,3,8,0.0,0.0
7305,44,3,9,0.0,0.0
7306,44,3,10,0.116364,0.0
7307,44,3,11,0.0,0.0
7308,44,3,12,0.0,0.0
7309,44,3,13,0.127056,0.0
7310,44,3,14,0.193188,0.0
7311,44,3,15,0.545064,0.0
7312,44,3,16,0.0,0.0
7313,44,3,17,0.851552,0.0
7314,44,3,18,0.636064,0.0
7315,44,3,19,0.587288,0.0
7316,44,3,20,0.347232,0.0
7317,44,3,21,0.09894,0.0
7318,44,3,22,0.273576,0.0
7319,44,3,23,0.272784,0.0
7320,44,4,0,0.167052,0.0
7321,44,4,1,0.228036,0.0
7322,44,4,2,0.125076,0.0
7323,44,4,3,0.0,0.0
7324,44,4,4,0.0,0.0
7325,44,4,5,0.0,0.0
7326,44,4,6,0.0,0.0
7327,44,4,7,0.0,0.0
7328,44,4,8,0.0,0.0
7329,44,4,9,0.0,0.0
7330,44,4,10,0.0,0.0
7331,44,4,11,0.0,0.0
7332,44,4,12,0.0,0.0
7333,44,4,13,0.121512,0.0
7334,44,4,14,0.176952,0.0
7335,44,4,15,0.174972,0.0
7336,44,4,16,0.0,0.0
7337,44,4,17,0.0,0.0
7338,44,4,18,0.0,0.0
7339,44,4,19,0.0,0.0
7340,44,4,20,0.0,0.0
7341,44,4,21,0.0,0.0
7342,44,4,22,0.0,0.0
7343,44,4,23,0.0,0.0
7344,44,5,0,0.0,0.0
7345,44,5,1,0.0,0.0
7346,44,5,2,0.0,0.0
7347,44,5,3,0.0,0.0
7348,44,5,4,0.146064,0.0
7349,44,5,5,0.125472,0.0
7350,44,5,6,0.0,0.0
7351,44,5,7,0.0,0.0
7352,44,5,8,0.0,0.0
7353,44,5,9,0.0,0.0
7354,44,5,10,0.0,0.0
7355,44,5,11,0.0,0.0
7356,44,5,12,0.0,0.0
7357,44,5,13,0.0,0.0
7358,44,5,14,0.252588,0.0
7359,44,5,15,0.348816,0.0
7360,44,5,16,0.174576,0.0
7361,44,5,17,0.0,0.0
7362,44,5,18,0.0,0.0
7363,44,5,19,0.0,0.0
7364,44,5,20,0.218928,0.0
7365,44,5,21,0.0,0.0
7366,44,5,22,0.0,0.0
7367,44,5,23,0.0,0.0
7368,44,6,0,0.0,0.0
7369,44,6,1,0.0,0.0
7370,44,6,2,0.0,0.0
7371,44,6,3,0.0,0.0
7372,44,6,4,0.0,0.0
7373,44,6,5,0.0,0.0
7374,44,6,6,0.0,0.0
7375,44,6,7,0.0,0.0
7376,44,6,8,0.0,0.0
7377,44,6,9,0.0,0.0
7378,44,6,10,0.0,0.0
7379,44,6,11,0.0,0.0
7380,44,6,12,0.0,0.0
7381,44,6,13,0.093,0.0
7382,44,6,14,0.174576,0.0
7383,44,6,15,0.340104,0.0
7384,44,6,16,0.3306,0.0
7385,44,6,17,0.347232,0.0
7386,44,6,18,0.189624,0.0
7387,44,6,19,0.293376,0.0
7388,44,6,20,0.0,0.0
7389,44,6,21,0.0,0.0
7390,44,6,22,0.0,0.0
7391,44,6,23,0.0,0.0
7392,45,0,0,0.0,0.0
7393,45,0,1,0.0,0.0
7394,45,0,2,0.0,0.0
7395,45,0,3,0.0,0.0
7396,45,0,4,0.0,0.0
7397,45,0,5,0.0,0.0
7398,45,0,6,0.0,0.0
7399,45,0,7,0.0,0.0
7400,45,0,8,0.0,0.0
7401,45,0,9,0.0,0.0
7402,45,0,10,0.0,0.0
7403,45,0,11,0.0,0.0
7404,45,0,12,0.0,0.0
7405,45,0,13,0.0,0.0
7406,45,0,14,0.17616,0.0
7407,45,0,15,0.329016,0.0
7408,45,0,16,0.295356,0.0
7409,45,0,17,0.190812,0.0
7410,45,0,18,0.0,0.0
7411,45,0,19,0.0,0.0
7412,45,0,20,0.0,0.0
7413,45,0,21,0.0,0.0
7414,45,0,22,0.0,0.0
7415,45,0,23,0.0,0.0
7416,45,1,0,0.0,0.0
7417,45,1,1,0.0,0.0
7418,45,1,2,0.0,0.0
7419,45,1,3,0.0,0.0
7420,45,1,4,0.0,0.0
7421,45,1,5,0.0,0.0
7422,45,1,6,0.0,0.0
7423,45,1,7,0.0,0.0
7424,45,1,8,0.0,0.0
7425,45,1,9,0.0,0.0
7426,45,1,10,0.0,0.0
7427,45,1,11,0.0,0.0
7428,45,1,12,0.0,0.0
7429,45,1,13,0.0,0.0
7430,45,1,14,0.0,0.0
7431,45,1,15,0.0,0.0
7432,45,1,16,0.0,0.0
7433,45,1,17,0.0,0.0
7434,45,1,18,0.0,0.0
7435,45,1,19,0.14844,0.0
7436,45,1,20,0.217344,0.0
7437,45,1,21,0.0,0.0
7438,45,1,22,0.0,0.0
7439,45,1,23,0.0,0.0
7440,45,2,0,0.0,0.0
7441,45,2,1,0.0,0.0
7442,45,2,2,0.0,0.0
7443,45,2,3,0.0,0.0
7444,45,2,4,0.0,0.0
7445,45,2,5,0.0,0.0
7446,45,2,6,0.0,0.0
7447,45,2,7,0.0,0.0
7448,45,2,8,0.197148,0.0
7449,45,2,9,0.298524,0.0
7450,45,2,10,0.378912,0.0
7451,45,2,11,0.268428,0.0
7452,45,2,12,0.261696,0.0
7453,45,2,13,0.23952,0.0
7454,45,2,14,0.153984,0.0
7455,45,2,15,0.170616,0.0
7456,45,2,16,0.141708,0.0
7457,45,2,17,0.146064,0.0
7458,45,2,18,0.180516,0.0
7459,45,2,19,0.0,0.0
7460,45,2,20,0.0,0.0
7461,45,2,21,0.0,0.0
7462,45,2,22,0.0,0.0
7463,45,2,23,0.0,0.0
7464,45,3,0,0.487552,0.0
7465,45,3,1,0.698672,0.0
7466,45,3,2,1.09875,0.0
7467,45,3,3,0.773656,0.0
7468,45,3,4,0.793312,0.0
7469,45,3,5,0.713232,0.0
7470,45,3,6,0.386436,0.0
7471,45,3,7,0.0,0.0
7472,45,3,8,0.14052,0.0
7473,45,3,9,0.207048,0.0
7474,45,3,10,0.0,0.0
7475,45,3,11,0.0,0.0
7476,45,3,12,0.0,0.0
7477,45,3,13,0.0,0.0
7478,45,3,14,0.09696,0.0
7479,45,3,15,0.266844,0.0
7480,45,3,16,0.34842,0.0
7481,45,3,17,0.260904,0.0
7482,45,3,18,0.351984,0.0
7483,45,3,19,0.360696,0.0
7484,45,3,20,0.51012,0.0
7485,45,3,21,0.196356,0.0
7486,45,3,22,0.150816,0.0
7487,45,3,23,0.0,0.0
7488,45,4,0,0.0,0.0
7489,45,4,1,0.0,0.0
7490,45,4,2,0.0,0.0
7491,45,4,3,0.0,0.0
7492,45,4,4,0.0,0.0
7493,45,4,5,0.0,0.0
7494,45,4,6,0.0,0.0
7495,45,4,7,0.285852,0.0
7496,45,4,8,0.365052,0.0
7497,45,4,9,0.0,0.0
7498,45,4,10,0.0,0.0
7499,45,4,11,0.0,0.0
7500,45,4,12,0.0,0.0
7501,45,4,13,0.0,0.0
7502,45,4,14,0.0,0.0
7503,45,4,15,0.0,0.0
7504,45,4,16,0.0,0.0
7505,45,4,17,0.0,0.0
7506,45,4,18,0.0,0.0
7507,45,4,19,0.0,0.0
7508,45,4,20,0.0,0.0
7509,45,4,21,0.0,0.0
7510,45,4,22,0.0,0.0
7511,45,4,23,0.0,0.0
7512,45,5,0,0.0,0.0
7513,45,5,1,0.214176,0.0
7514,45,5,2,0.0,0.0
7515,45,5,3,0.0,0.0
7516,45,5,4,0.0,0.0
7517,45,5,5,0.0,0.0
7518,45,5,6,0.0,0.0
7519,45,5,7,0.0,0.0
7520,45,5,8,0.0,0.0
7521,45,5,9,0.0,0.0
7522,45,5,10,0.119532,0.0
7523,45,5,11,0.148836,0.0
7524,45,5,12,0.100128,0.0
7525,45,5,13,0.0,0.0
7526,45,5,14,0.0,0.0
7527,45,5,15,0.0,0.0
7528,45,5,16,0.100128,0.0
7529,45,5,17,0.21576,0.0
7530,45,5,18,0.154776,0.0
7531,45,5,19,0.256152,0.0
7532,45,5,20,0.165072,0.0
7533,45,5,21,0.0,0.0
7534,45,5,22,0.0,0.0
7535,45,5,23,0.0,0.0
7536,45,6,0,0.0,0.0
7537,45,6,1,0.0,0.0
7538,45,6,2,0.0,0.0
7539,45,6,3,0.0,0.0
7540,45,6,4,0.0,0.0
7541,45,6,5,0.0,0.0
7542,45,6,6,0.0,0.0
7543,45,6,7,0.0,0.0
7544,45,6,8,0.0,0.0
7545,45,6,9,0.0,0.0
7546,45,6,10,0.0,0.0
7547,45,6,11,0.0,0.0
7548,45,6,12,0.0,0.0
7549,45,6,13,0.146064,0.0
7550,45,6,14,0.159528,0.0
7551,45,6,15,0.33456,0.0
7552,45,6,16,0.0,0.0
7553,45,6,17,0.0,0.0
7554,45,6,18,0.244272,0.0
7555,45,6,19,0.21576,0.0
7556,45,6,20,0.0,0.0
7557,45,6,21,0.0,0.0
7558,45,6,22,0.0,0.0
7559,45,6,23,0.0,0.0
7560,46,0,0,0.0,0.0
7561,46,0,1,0.122304,0.0
7562,46,0,2,0.0,0.0
7563,46,0,3,0.0,0.0
7564,46,0,4,0.0,0.0
7565,46,0,5,0.0,0.0
7566,46,0,6,0.0,0.0
7567,46,0,7,0.0,0.0
7568,46,0,8,0.0,0.0
7569,46,0,9,0.0,0.0
7570,46,0,10,0.0,0.0
7571,46,0,11,0.0,0.0
7572,46,0,12,0.0,0.0
7573,46,0,13,0.0,0.0
7574,46,0,14,0.0,0.0
7575,46,0,15,0.0,0.0
7576,46,0,16,0.1128,0.0
7577,46,0,17,0.0,0.0
7578,46,0,18,0.0,0.0
7579,46,0,19,0.133392,0.0
7580,46,0,20,0.301692,0.0
7581,46,0,21,0.123492,0.0
7582,46,0,22,0.0,0.0
7583,46,0,23,0.0,0.0
7584,46,1,0,0.0,0.0
7585,46,1,1,0.0,0.0
7586,46,1,2,0.0,0.0
7587,46,1,3,0.0,0.0
7588,46,1,4,0.0,0.0
7589,46,1,5,0.0,0.0
7590,46,1,6,0.0,0.0
7591,46,1,7,0.0,0.0
7592,46,1,8,0.0,0.0
7593,46,1,9,0.0,0.0
7594,46,1,10,0.0,0.0
7595,46,1,11,0.0,0.0
7596,46,1,12,0.0,0.0
7597,46,1,13,0.0,0.0
7598,46,1,14,0.0,0.0
7599,46,1,15,0.0,0.0
7600,46,1,16,0.0,0.0
7601,46,1,17,0.0,0.0
7602,46,1,18,0.189228,0.0
7603,46,1,19,0.261696,0.0
7604,46,1,20,0.0,0.0
7605,46,1,21,0.0,0.0
7606,46,1,22,0.0,0.0
7607,46,1,23,0.0,0.0
7608,46,2,0,0.0,0.0
7609,46,2,1,0.0,0.0
7610,46,2,2,0.0,0.0
7611,46,2,3,0.0,0.0
7612,46,2,4,0.0,0.0
7613,46,2,5,0.0,0.0
7614,46,2,6,0.0,0.0
7615,46,2,7,0.274368,0.0
7616,46,2,8,0.890864,0.0
7617,46,2,9,0.96015,0.0
7618,46,2,10,0.795496,0.116364
7619,46,2,11,0.767104,0.132996
7620,46,2,12,0.887952,0.172992
7621,46,2,13,1.12395,0.210216
7622,46,2,14,0.800592,0.252984
7623,46,2,15,0.581464,0.0
7624,46,2,16,0.740168,0.107256
7625,46,2,17,1.1565,0.0
7626,46,2,18,1.24365,0.0
7627,46,2,19,0.226056,0.0
7628,46,2,20,0.253776,0.0
7629,46,2,21,0.0,0.0
7630,46,2,22,0.0,0.0
7631,46,2,23,0.179328,0.0
7632,46,3,0,0.20586,0.0
7633,46,3,1,0.319908,0.0
7634,46,3,2,0.345252,0.0
7635,46,3,3,0.15636,0.0
7636,46,3,4,0.0,0.0
7637,46,3,5,0.0,0.0
7638,46,3,6,0.100128,0.0
7639,46,3,7,0.284664,0.0
7640,46,3,8,0.662272,0.0
7641,46,3,9,0.695032,0.0
7642,46,3,10,0.239916,0.0
7643,46,3,11,0.0,0.0
7644,46,3,12,0.0,0.0
7645,46,3,13,0.0,0.0
7646,46,3,14,0.0,0.0
7647,46,3,15,0.0,0.0
7648,46,3,16,0.22764,0.0
7649,46,3,17,0.110424,0.0
7650,46,3,18,0.0,0.0
7651,46,3,19,0.253776,0.0
7652,46,3,20,0.300504,0.0
7653,46,3,21,0.117156,0.0
7654,46,3,22,0.106464,0.0
7655,46,3,23,0.0,0.0
7656,46,4,0,0.0,0.0
7657,46,4,1,0.0,0.0
7658,46,4,2,0.0,0.0
7659,46,4,3,0.0,0.0
7660,46,4,4,0.0,0.0
7661,46,4,5,0.0,0.0
7662,46,4,6,0.0,0.0
7663,46,4,7,0.0,0.0
7664,46,4,8,0.0,0.0
7665,46,4,9,0.0,0.0
7666,46,4,10,0.0,0.0
7667,46,4,11,0.0,0.0
7668,46,4,12,0.0,0.0
7669,46,4,13,0.0,0.0
7670,46,4,14,0.0,0.0
7671,46,4,15,0.189624,0.0
7672,46,4,16,0.0,0.0
7673,46,4,17,0.0,0.0
7674,46,4,18,0.0,0.0
7675,46,4,19,0.0,0.0
7676,46,4,20,0.0,0.0
7677,46,4,21,0.0,0.0
7678,46,4,22,0.0,0.0
7679,46,4,23,0.0,0.0
7680,46,5,0,0.0,0.0
7681,46,5,1,0.0,0.0
7682,46,5,2,0.0,0.0
7683,46,5,3,0.0,0.0
7684,46,5,4,0.0,0.0
7685,46,5,5,0.0,0.0
7686,46,5,6,0.0,0.0
7687,46,5,7,0.0,0.0
7688,46,5,8,0.0,0.0
7689,46,5,9,0.0,0.0
7690,46,5,10,0.129036,0.0
7691,46,5,11,0.10488,0.0
7692,46,5,12,0.1524,0.0
7693,46,5,13,0.224472,0.0
7694,46,5,14,0.10884,0.0
7695,46,5,15,0.0,0.0
7696,46,5,16,0.0,0.0
7697,46,5,17,0.0,0.0
7698,46,5,18,0.0,0.0
7699,46,5,19,0.0,0.0
7700,46,5,20,0.0,0.0
7701,46,5,21,0.0,0.0
7702,46,5,22,0.0,0.0
7703,46,5,23,0.0,0.0
7704,46,6,0,0.19398,0.0
7705,46,6,1,0.275952,0.0
7706,46,6,2,0.4082,0.0
7707,46,6,3,0.799864,0.0
7708,46,6,4,1.07985,0.0
7709,46,6,5,0.916344,0.0
7710,46,6,6,0.657904,0.0
7711,46,6,7,0.123492,0.0
7712,46,6,8,0.3009,0.0
7713,46,6,9,0.345648,0.0
7714,46,6,10,0.285456,0.0
7715,46,6,11,0.329016,0.0
7716,46,6,12,0.367032,0.0
7717,46,6,13,0.481,0.0
7718,46,6,14,0.766376,0.1821
7719,46,6,15,1.0872,0.19002
7720,46,6,16,1.39275,0.150816
7721,46,6,17,1.4421,0.112404
7722,46,6,18,1.703648,0.0
7723,46,6,19,1.83859,0.0
7724,46,6,20,2.124568,0.0
7725,46,6,21,1.649176,0.0
7726,46,6,22,0.927992,0.0
7727,46,6,23,0.370596,0.0
7728,47,0,0,0.0,0.0
7729,47,0,1,0.0,0.0
7730,47,0,2,0.0,0.0
7731,47,0,3,0.0,0.0
7732,47,0,4,0.0,0.0
7733,47,0,5,0.0,0.0
7734,47,0,6,0.0,0.0
7735,47,0,7,0.0,0.0
7736,47,0,8,0.0,0.0
7737,47,0,9,0.299712,0.0
7738,47,0,10,0.25734,0.0
7739,47,0,11,0.0,0.0
7740,47,0,12,0.0,0.0
7741,47,0,13,0.23754,0.0
7742,47,0,14,0.522496,0.0
7743,47,0,15,0.9738,0.0
7744,47,0,16,0.788944,0.0
7745,47,0,17,0.663,0.0
7746,47,0,18,1.0368,0.0
7747,47,0,19,0.818064,0.0
7748,47,0,20,1.51671,0.0
7749,47,0,21,0.89232,0.0
7750,47,0,22,0.858104,0.0
7751,47,0,23,0.0,0.0
7752,47,1,0,0.0,0.0
7753,47,1,1,0.0,0.0
7754,47,1,2,0.0,0.0
7755,47,1,3,0.0,0.0
7756,47,1,4,0.0,0.0
7757,47,1,5,0.0,0.0
7758,47,1,6,0.0,0.0
7759,47,1,7,0.0,0.0
7760,47,1,8,0.0,0.0
7761,47,1,9,0.0,0.0
7762,47,1,10,0.0,0.0
7763,47,1,11,0.0,0.0
7764,47,1,12,0.0,0.0
7765,47,1,13,0.0,0.0
7766,47,1,14,0.0,0.0
7767,47,1,15,0.0,0.0
7768,47,1,16,0.0,0.0
7769,47,1,17,0.0,0.0
7770,47,1,18,0.16626,0.0
7771,47,1,19,0.13656,0.0
7772,47,1,20,0.26922,0.0
7773,47,1,21,0.262884,0.0
7774,47,1,22,0.406744,0.0
7775,47,1,23,0.262488,0.0
7776,47,2,0,0.0,0.0
7777,47,2,1,0.0,0.0
7778,47,2,2,0.155964,0.0
7779,47,2,3,0.329808,0.0
7780,47,2,4,0.664456,0.0
7781,47,2,5,0.622232,0.0
7782,47,2,6,0.598208,0.0
7783,47,2,7,0.794768,0.0
7784,47,2,8,0.709592,0.0
7785,47,2,9,0.775112,0.0
7786,47,2,10,0.565448,0.0
7787,47,2,11,0.0,0.0
7788,47,2,12,0.0,0.0
7789,47,2,13,0.0,0.0
7790,47,2,14,0.0,0.0
7791,47,2,15,0.10686,0.0
7792,47,2,16,0.243084,0.0
7793,47,2,17,0.18408,0.0
7794,47,2,18,0.312384,0.0
7795,47,2,19,0.81588,0.0
7796,47,2,20,0.838448,0.0
7797,47,2,21,1.23315,0.0
7798,47,2,22,1.713552,0.0
7799,47,2,23,0.861016,0.0
7800,47,3,0,0.330996,0.0
7801,47,3,1,0.421304,0.0
7802,47,3,2,0.27714,0.0
7803,47,3,3,0.0,0.0
7804,47,3,4,0.0,0.0
7805,47,3,5,0.0,0.0
7806,47,3,6,0.136164,0.0
7807,47,3,7,0.0,0.0
7808,47,3,8,0.0,0.0
7809,47,3,9,0.0,0.0
7810,47,3,10,0.0,0.0
7811,47,3,11,0.0,0.0
7812,47,3,12,0.0,0.0
7813,47,3,13,0.0,0.0
7814,47,3,14,0.0,0.0
7815,47,3,15,0.138936,0.0
7816,47,3,16,0.0,0.0
7817,47,3,17,0.0,0.0
7818,47,3,18,0.0,0.0
7819,47,3,19,0.0,0.0
7820,47,3,20,0.255756,0.0
7821,47,3,21,0.167844,0.0
7822,47,3,22,0.747448,0.0
7823,47,3,23,0.9969,0.0
7824,47,4,0,0.43368,0.0
7825,47,4,1,0.337332,0.0
7826,47,4,2,0.094584,0.0
7827,47,4,3,0.0,0.0
7828,47,4,4,0.0,0.0
7829,47,4,5,0.0,0.0
7830,47,4,6,0.0,0.0
7831,47,4,7,0.0,0.0
7832,47,4,8,0.0,0.0
7833,47,4,9,0.243084,0.0
7834,47,4,10,0.19002,0.0
7835,47,4,11,0.156756,0.0
7836,47,4,12,0.15438,0.131808
7837,47,4,13,0.577824,0.254964
7838,47,4,14,0.612768,0.363864
7839,47,4,15,1.27515,0.32466
7840,47,4,16,1.831162,0.18804
7841,47,4,17,1.564992,0.0
7842,47,4,18,1.3182,0.0
7843,47,4,19,1.954962,0.0
7844,47,4,20,2.218656,0.0
7845,47,4,21,1.598418,0.0
7846,47,4,22,0.487552,0.0
7847,47,4,23,0.095376,0.0
7848,47,5,0,0.0,0.0
7849,47,5,1,0.317532,0.0
7850,47,5,2,1.12185,0.0
7851,47,5,3,0.826072,0.0
7852,47,5,4,0.388416,0.0
7853,47,5,5,1.10505,0.0
7854,47,5,6,0.24546,0.0
7855,47,5,7,0.0,0.0
7856,47,5,8,0.0,0.0
7857,47,5,9,0.0,0.0
7858,47,5,10,0.0,0.0
7859,47,5,11,0.0,0.0
7860,47,5,12,0.0,0.0
7861,47,5,13,0.0,0.0
7862,47,5,14,0.217344,0.0
7863,47,5,15,0.363864,0.0
7864,47,5,16,0.572728,0.0
7865,47,5,17,0.68484,0.0
7866,47,5,18,1.10715,0.0
7867,47,5,19,1.17015,0.0
7868,47,5,20,2.597484,0.0
7869,47,5,21,2.269414,0.0
7870,47,5,22,1.800212,0.0
7871,47,5,23,1.10715,0.0
7872,47,6,0,0.39728,0.0
7873,47,6,1,0.3108,0.0
7874,47,6,2,0.0,0.0
7875,47,6,3,0.0,0.0
7876,47,6,4,0.0,0.0
7877,47,6,5,0.0,0.0
7878,47,6,6,0.0,0.0
7879,47,6,7,0.0,0.0
7880,47,6,8,0.0,0.0
7881,47,6,9,0.0,0.0
7882,47,6,10,0.118344,0.0
7883,47,6,11,0.0,0.0
7884,47,6,12,0.0,0.0
7885,47,6,13,0.0,0.0
7886,47,6,14,0.0,0.0
7887,47,6,15,0.0,0.0
7888,47,6,16,0.329412,0.0
7889,47,6,17,0.774384,0.0
7890,47,6,18,0.654264,0.0
7891,47,6,19,0.424216,0.0
7892,47,6,20,1.1733,0.0
7893,47,6,21,0.753272,0.0
7894,47,6,22,0.299316,0.0
7895,47,6,23,0.147648,0.0
7896,48,0,0,0.137748,0.0
7897,48,0,1,0.0,0.0
7898,48,0,2,0.0,0.0
7899,48,0,3,0.0,0.0
7900,48,0,4,0.0,0.0
7901,48,0,5,0.0,0.0
7902,48,0,6,0.0,0.0
7903,48,0,7,0.0,0.0
7904,48,0,8,0.0,0.0
7905,48,0,9,0.0,0.0
7906,48,0,10,0.0,0.0
7907,48,0,11,0.0,0.0
7908,48,0,12,0.0,0.0
7909,48,0,13,0.0,0.0
7910,48,0,14,0.0,0.0
7911,48,0,15,0.0,0.0
7912,48,0,16,0.0,0.0
7913,48,0,17,0.0,0.0
7914,48,0,18,0.0,0.0
7915,48,0,19,0.0,0.0
7916,48,0,20,0.0,0.0
7917,48,0,21,0.0,0.0
7918,48,0,22,0.0,0.0
7919,48,0,23,0.197148,0.0
7920,48,1,0,0.392912,0.0
7921,48,1,1,0.322284,0.0
7922,48,1,2,0.214572,0.0
7923,48,1,3,0.23952,0.0
7924,48,1,4,0.132204,0.0
7925,48,1,5,0.0,0.0
7926,48,1,6,0.102504,0.0
7927,48,1,7,0.0,0.0
7928,48,1,8,0.0,0.0
7929,48,1,9,0.287436,0.0
7930,48,1,10,0.403832,0.0
7931,48,1,11,0.407472,0.0
7932,48,1,12,0.674648,0.0
7933,48,1,13,0.135768,0.0
7934,48,1,14,0.0,0.0
7935,48,1,15,0.0,0.0
7936,48,1,16,0.0,0.0
7937,48,1,17,0.311988,0.0
7938,48,1,18,0.14052,0.0
7939,48,1,19,0.311988,0.0
7940,48,1,20,0.687752,0.0
7941,48,1,21,0.847912,0.0
7942,48,1,22,0.820976,0.0
7943,48,1,23,1.540232,0.0
7944,48,2,0,1.655366,0.0
7945,48,2,1,1.14705,0.0
7946,48,2,2,1.27515,0.0
7947,48,2,3,1.3119,0.0
7948,48,2,4,0.831168,0.0
7949,48,2,5,0.347232,0.0
7950,48,2,6,0.0,0.0
7951,48,2,7,0.0,0.0
7952,48,2,8,0.0,0.0
7953,48,2,9,0.0,0.0
7954,48,2,10,0.0,0.0
7955,48,2,11,0.0,0.0
7956,48,2,12,0.0,0.0
7957,48,2,13,0.135372,0.0
7958,48,2,14,0.280704,0.0
7959,48,2,15,0.598208,0.0
7960,48,2,16,0.737984,0.0
7961,48,2,17,0.57564,0.0
7962,48,2,18,0.51376,0.0
7963,48,2,19,0.129432,0.0
7964,48,2,20,0.105672,0.0
7965,48,2,21,0.24744,0.0
7966,48,2,22,0.26526,0.0
7967,48,2,23,0.0,0.0
7968,48,3,0,0.0,0.0
7969,48,3,1,0.0,0.0
7970,48,3,2,0.0,0.0
7971,48,3,3,0.0,0.0
7972,48,3,4,0.0,0.0
7973,48,3,5,0.0,0.0
7974,48,3,6,0.0,0.0
7975,48,3,7,0.0,0.0
7976,48,3,8,0.0,0.0
7977,48,3,9,0.0,0.0
7978,48,3,10,0.0,0.0
7979,48,3,11,0.0,0.0
7980,48,3,12,0.0,0.0
7981,48,3,13,0.0,0.0
7982,48,3,14,0.0,0.0
7983,48,3,15,0.0,0.0
7984,48,3,16,0.0,0.0
7985,48,3,17,0.0,0.0
7986,48,3,18,0.197148,0.0
7987,48,3,19,0.0,0.0
7988,48,3,20,0.0,0.0
7989,48,3,21,0.0,0.0
7990,48,3,22,0.0,0.0
7991,48,3,23,0.0,0.0
7992,48,4,0,0.25734,0.0
7993,48,4,1,0.0,0.0
7994,48,4,2,0.0,0.0
7995,48,4,3,0.0,0.0
7996,48,4,4,0.167052,0.0
7997,48,4,5,0.160716,0.0
7998,48,4,6,0.0,0.0
7999,48,4,7,0.0,0.0
8000,48,4,8,0.0,0.0
8001,48,4,9,0.0,0.0
8002,48,4,10,0.0,0.0
8003,48,4,11,0.0,0.0
8004,48,4,12,0.0,0.0
8005,48,4,13,0.0,0.0
8006,48,4,14,0.0,0.0
8007,48,4,15,0.0,0.0
8008,48,4,16,0.0,0.0
8009,48,4,17,0.0,0.0
8010,48,4,18,0.0,0.0
8011,48,4,19,0.0,0.0
8012,48,4,20,0.0,0.0
8013,48,4,21,0.0,0.0
8014,48,4,22,0.0,0.0
8015,48,4,23,0.0,0.0
8016,48,5,0,0.0,0.0
8017,48,5,1,0.16824,0.0
8018,48,5,2,0.0,0.0
8019,48,5,3,0.0,0.0
8020,48,5,4,0.0,0.0
8021,48,5,5,0.0,0.0
8022,48,5,6,0.0,0.0
8023,48,5,7,0.0,0.0
8024,48,5,8,0.0,0.0
8025,48,5,9,0.0,0.0
8026,48,5,10,0.0,0.0
8027,48,5,11,0.0,0.0
8028,48,5,12,0.0,0.0
8029,48,5,13,0.0,0.0
8030,48,5,14,0.0,0.0
8031,48,5,15,0.0,0.0
8032,48,5,16,0.0,0.0
8033,48,5,17,0.0,0.0
8034,48,5,18,0.254172,0.0
8035,48,5,19,0.24546,0.0
8036,48,5,20,0.31872,0.0
8037,48,5,21,0.291,0.0
8038,48,5,22,0.317136,0.0
8039,48,5,23,0.348816,0.0
8040,48,6,0,0.212592,0.0
8041,48,6,1,0.0,0.0
8042,48,6,2,0.35436,0.0
8043,48,6,3,0.514488,0.0
8044,48,6,4,1.0557,0.0
8045,48,6,5,1.3203,0.0
8046,48,6,6,0.432952,0.0
8047,48,6,7,0.0,0.0
8048,48,6,8,0.0,0.0
8049,48,6,9,0.0,0.0
8050,48,6,10,0.507936,0.0
8051,48,6,11,0.422032,0.0
8052,48,6,12,0.244668,0.0
8053,48,6,13,0.183288,0.0
8054,48,6,14,0.486824,0.0
8055,48,6,15,0.442416,0.0
8056,48,6,16,0.498472,0.0
8057,48,6,17,0.762736,0.0
8058,48,6,18,0.370992,0.0
8059,48,6,19,0.10092,0.0
8060,48,6,20,0.208632,0.0
8061,48,6,21,0.245856,0.0
8062,48,6,22,0.0,0.0
8063,48,6,23,0.0,0.0
8064,49,0,0,0.0,0.0
8065,49,0,1,0.0,0.0
8066,49,0,2,0.287436,0.0
8067,49,0,3,0.239916,0.0
8068,49,0,4,0.159132,0.0
8069,49,0,5,0.277536,0.0
8070,49,0,6,0.292584,0.0
8071,49,0,7,0.216156,0.0
8072,49,0,8,0.355944,0.0
8073,49,0,9,0.253776,0.0
8074,49,0,10,0.0,0.0
8075,49,0,11,0.0,0.0
8076,49,0,12,0.0,0.0
8077,49,0,13,0.0,0.0
8078,49,0,14,0.11874,0.0
8079,49,0,15,0.341688,0.0
8080,49,0,16,0.585104,0.0
8081,49,0,17,0.785304,0.0
8082,49,0,18,0.751816,0.0
8083,49,0,19,0.672464,0.0
8084,49,0,20,0.536328,0.0
8085,49,0,21,0.72124,0.0
8086,49,0,22,0.277536,0.0
8087,49,0,23,0.256152,0.0
8088,49,1,0,0.150024,0.0
8089,49,1,1,0.0,0.0
8090,49,1,2,0.0,0.0
8091,49,1,3,0.0,0.0
8092,49,1,4,0.0,0.0
8093,49,1,5,0.0,0.0
8094,49,1,6,0.0,0.0
8095,49,1,7,0.0,0.0
8096,49,1,8,0.0,0.0
8097,49,1,9,0.0,0.0
8098,49,1,10,0.0,0.0
8099,49,1,11,0.147648,0.0
8100,49,1,12,0.0,0.0
8101,49,1,13,0.0,0.0
8102,49,1,14,0.0,0.0
8103,49,1,15,0.0,0.0
8104,49,1,16,0.0,0.0
8105,49,1,17,0.0,0.0
8106,49,1,18,0.0,0.0
8107,49,1,19,0.0,0.0
8108,49,1,20,0.0,0.0
8109,49,1,21,0.202692,0.0
8110,49,1,22,0.0,0.0
8111,49,1,23,0.10686,0.0
8112,49,2,0,0.0,0.0
8113,49,2,1,0.0,0.0
8114,49,2,2,0.0,0.0
8115,49,2,3,0.0,0.0
8116,49,2,4,0.0,0.0
8117,49,2,5,0.0,0.0
8118,49,2,6,0.0,0.0
8119,49,2,7,0.0,0.0
8120,49,2,8,0.0,0.0
8121,49,2,9,0.0,0.0
8122,49,2,10,0.0,0.0
8123,49,2,11,0.0,0.0
8124,49,2,12,0.0,0.0
8125,49,2,13,0.0,0.0
8126,49,2,14,0.117156,0.0
8127,49,2,15,0.0,0.0
8128,49,2,16,0.0,0.0
8129,49,2,17,0.0,0.0
8130,49,2,18,0.0,0.0
8131,49,2,19,0.0,0.0
8132,49,2,20,0.0,0.0
8133,49,2,21,0.0,0.0
8134,49,2,22,0.0,0.0
8135,49,2,23,0.0,0.0
8136,49,3,0,0.0,0.0
8137,49,3,1,0.0,0.0
8138,49,3,2,0.0,0.0
8139,49,3,3,0.0,0.0
8140,49,3,4,0.245064,0.0
8141,49,3,5,0.125472,0.0
8142,49,3,6,0.0,0.0
8143,49,3,7,0.0,0.0
8144,49,3,8,0.0,0.0
8145,49,3,9,0.0,0.0
8146,49,3,10,0.0,0.0
8147,49,3,11,0.0,0.0
8148,49,3,12,0.0,0.0
8149,49,3,13,0.0,0.0
8150,49,3,14,0.0,0.0
8151,49,3,15,0.0,0.0
8152,49,3,16,0.304068,0.0
8153,49,3,17,0.432952,0.0
8154,49,3,18,0.267636,0.0
8155,49,3,19,0.200316,0.0
8156,49,3,20,0.25932,0.0
8157,49,3,21,0.151608,0.0
8158,49,3,22,0.21576,0.0
8159,49,3,23,0.0,0.0
8160,49,4,0,0.0,0.0
8161,49,4,1,0.0,0.0
8162,49,4,2,0.0,0.0
8163,49,4,3,0.14448,0.0
8164,49,4,4,0.430768,0.0
8165,49,4,5,0.316344,0.0
8166,49,4,6,0.222888,0.0
8167,49,4,7,0.0,0.0
8168,49,4,8,0.0,0.0
8169,49,4,9,0.0,0.0
8170,49,4,10,0.119928,0.0
8171,49,4,11,0.0,0.0
8172,49,4,12,0.0,0.0
8173,49,4,13,0.0,0.0
8174,49,4,14,0.0,0.0
8175,49,4,15,0.172992,0.0
8176,49,4,16,0.346044,0.0
8177,49,4,17,0.76128,0.0
8178,49,4,18,0.326244,0.0
8179,49,4,19,0.0,0.0
8180,49,4,20,0.0,0.0
8181,49,4,21,0.096564,0.0
8182,49,4,22,0.221304,0.0
8183,49,4,23,0.24744,0.0
8184,49,5,0,0.0,0.0
8185,49,5,1,0.0,0.0
8186,49,5,2,0.0,0.0
8187,49,5,3,0.0,0.0
8188,49,5,4,0.0,0.0
8189,49,5,5,0.0,0.0
8190,49,5,6,0.0,0.0
8191,49,5,7,0.0,0.0
8192,49,5,8,0.0,0.0
8193,49,5,9,0.0,0.0
8194,49,5,10,0.29298,0.12468
8195,49,5,11,0.349608,0.256944
8196,49,5,12,0.845,0.28902
8197,49,5,13,1.30875,0.406016
8198,49,5,14,1.63432,0.309216
8199,49,5,15,1.691268,0.319512
8200,49,5,16,1.685078,0.228432
8201,49,5,17,1.964866,0.175368
8202,49,5,18,1.688792,0.0
8203,49,5,19,1.3035,0.0
8204,49,5,20,1.15755,0.0
8205,49,5,21,1.23525,0.0
8206,49,5,22,0.9381,0.0
8207,49,5,23,0.796224,0.0
8208,49,6,0,0.927264,0.0
8209,49,6,1,0.350796,0.0
8210,49,6,2,0.534872,0.0
8211,49,6,3,0.236352,0.0
8212,49,6,4,0.0,0.0
8213,49,6,5,0.0,0.0
8214,49,6,6,0.0,0.0
8215,49,6,7,0.157548,0.0
8216,49,6,8,0.216948,0.0
8217,49,6,9,0.18804,0.0
8218,49,6,10,0.186852,0.0
8219,49,6,11,0.532688,0.0
8220,49,6,12,0.47736,0.0
8221,49,6,13,0.403104,0.0
8222,49,6,14,0.241104,0.0
8223,49,6,15,0.0,0.0
8224,49,6,16,0.0,0.0
8225,49,6,17,0.0,0.0
8226,49,6,18,0.0,0.0
8227,49,6,19,0.0,0.0
8228,49,6,20,0.0,0.0
8229,49,6,21,0.0,0.0
8230,49,6,22,0.0,0.0
8231,49,6,23,0.0,0.0
8232,50,0,0,0.0,0.0
8233,50,0,1,0.0,0.0
8234,50,0,2,0.093792,0.0
8235,50,0,3,0.0,0.0
8236,50,0,4,0.305652,0.0
8237,50,0,5,0.35832,0.0
8238,50,0,6,0.240312,0.0
8239,50,0,7,0.146856,0.0
8240,50,0,8,0.0,0.0
8241,50,0,9,0.0,0.0
8242,50,0,10,0.0,0.0
8243,50,0,11,0.0,0.0
8244,50,0,12,0.0,0.0
8245,50,0,13,0.0,0.0
8246,50,0,14,0.0,0.0
8247,50,0,15,0.0,0.0
8248,50,0,16,0.0,0.0
8249,50,0,17,0.0,0.0
8250,50,0,18,0.0,0.0
8251,50,0,19,0.0,0.0
8252,50,0,20,0.0,0.0
8253,50,0,21,0.0,0.0
8254,50,0,22,0.0,0.0
8255,50,0,23,0.0,0.0
8256,50,1,0,0.0,0.0
8257,50,1,1,0.0,0.0
8258,50,1,2,0.0,0.0
8259,50,1,3,0.0,0.0
8260,50,1,4,0.0,0.0
8261,50,1,5,0.0,0.0
8262,50,1,6,0.0,0.0
8263,50,1,7,0.103296,0.0
8264,50,1,8,0.0,0.0
8265,50,1,9,0.0,0.0
8266,50,1,10,0.0,0.0
8267,50,1,11,0.0,0.0
8268,50,1,12,0.0,0.0
8269,50,1,13,0.0,0.0
8270,50,1,14,0.0,0.0
8271,50,1,15,0.0,0.0
8272,50,1,16,0.0,0.0
8273,50,1,17,0.0,0.0
8274,50,1,18,0.0,0.0
8275,50,1,19,0.0,0.0
8276,50,1,20,0.0,0.0
8277,50,1,21,0.0,0.0
8278,50,1,22,0.0,0.0
8279,50,1,23,0.0,0.0
8280,50,2,0,0.0,0.0
8281,50,2,1,0.335748,0.0
8282,50,2,2,0.299316,0.0
8283,50,2,3,0.293772,0.0
8284,50,2,4,0.315156,0.0
8285,50,2,5,0.221304,0.0
8286,50,2,6,0.0,0.0
8287,50,2,7,0.0,0.0
8288,50,2,8,0.0,0.0
8289,50,2,9,0.0,0.0
8290,50,2,10,0.0,0.0
8291,50,2,11,0.0,0.0
8292,50,2,12,0.0,0.0
8293,50,2,13,0.0,0.0
8294,50,2,14,0.0,0.0
8295,50,2,15,0.0,0.0
8296,50,2,16,0.0,0.0
8297,50,2,17,0.0,0.0
8298,50,2,18,0.0,0.0
8299,50,2,19,0.0,0.0
8300,50,2,20,0.0,0.0
8301,50,2,21,0.252588,0.0
8302,50,2,22,0.3009,0.0
8303,50,2,23,0.26526,0.0
8304,50,3,0,0.0,0.0
8305,50,3,1,0.0,0.0
8306,50,3,2,0.0,0.0
8307,50,3,3,0.0,0.0
8308,50,3,4,0.0,0.0
8309,50,3,5,0.0,0.0
8310,50,3,6,0.0,0.0
8311,50,3,7,0.0,0.0
8312,50,3,8,0.0,0.0
8313,50,3,9,0.0,0.0
8314,50,3,10,0.0,0.0
8315,50,3,11,0.0,0.0
8316,50,3,12,0.0,0.0
8317,50,3,13,0.0,0.0
8318,50,3,14,0.0,0.0
8319,50,3,15,0.0,0.0
8320,50,3,16,0.236748,0.0
8321,50,3,17,0.343272,0.0
8322,50,3,18,0.12864,0.0
8323,50,3,19,0.0,0.0
8324,50,3,20,0.145668,0.0
8325,50,3,21,0.679744,0.0
8326,50,3,22,0.831896,0.0
8327,50,3,23,0.835536,0.0
8328,50,4,0,0.325848,0.0
8329,50,4,1,0.0,0.0
8330,50,4,2,0.097356,0.0
8331,50,4,3,0.0,0.0
8332,50,4,4,0.095376,0.0
8333,50,4,5,0.109632,0.0
8334,50,4,6,0.176556,0.0
8335,50,4,7,0.0,0.0
8336,50,4,8,0.093792,0.0
8337,50,4,9,0.19596,0.0
8338,50,4,10,0.14844,0.0
8339,50,4,11,0.0,0.0
8340,50,4,12,0.0,0.0
8341,50,4,13,0.125076,0.0
8342,50,4,14,0.3603,0.133788
8343,50,4,15,1.04415,0.155172
8344,50,4,16,1.37595,0.0
8345,50,4,17,1.4589,0.0
8346,50,4,18,0.63752,0.0
8347,50,4,19,0.341292,0.0
8348,50,4,20,0.64116,0.0
8349,50,4,21,0.95595,0.0
8350,50,4,22,1.38855,0.0
8351,50,4,23,1.16385,0.0
8352,50,5,0,0.778752,0.0
8353,50,5,1,0.262092,0.0
8354,50,5,2,0.344064,0.0
8355,50,5,3,0.287832,0.0
8356,50,5,4,0.35832,0.0
8357,50,5,5,0.399464,0.0
8358,50,5,6,0.258132,0.0
8359,50,5,7,0.0,0.0
8360,50,5,8,0.0,0.0
8361,50,5,9,0.0,0.0
8362,50,5,10,0.0,0.0
8363,50,5,11,0.0,0.0
8364,50,5,12,0.0,0.0
8365,50,5,13,0.0,0.0
8366,50,5,14,0.0,0.0
8367,50,5,15,0.165468,0.0
8368,50,5,16,0.585832,0.0
8369,50,5,17,1.0095,0.0
8370,50,5,18,1.17645,0.0
8371,50,5,19,1.19955,0.0
8372,50,5,20,0.0,0.0
8373,50,5,21,0.0,0.0
8374,50,5,22,0.0,0.0
8375,50,5,23,0.98535,0.0
8376,50,6,0,0.862472,0.0
8377,50,6,1,0.697216,0.0
8378,50,6,2,1.2825,0.0
8379,50,6,3,1.74574,0.0
8380,50,6,4,1.841066,0.0
8381,50,6,5,1.730884,0.0
8382,50,6,6,1.65908,0.0
8383,50,6,7,1.2552,0.0
8384,50,6,8,0.704496,0.0
8385,50,6,9,0.332184,0.0
8386,50,6,10,0.249024,0.0
8387,50,6,11,0.0,0.0
8388,50,6,12,0.0,0.0
8389,50,6,13,0.0,0.0
8390,50,6,14,0.0,0.0
8391,50,6,15,0.0,0.0
8392,50,6,16,0.177348,0.0
8393,50,6,17,0.260904,0.0
8394,50,6,18,0.136956,0.0
8395,50,6,19,0.0,0.0
8396,50,6,20,0.0,0.0
8397,50,6,21,0.0,0.0
8398,50,6,22,0.0,0.0
8399,50,6,23,0.0,0.0
8400,51,0,0,0.0,0.0
8401,51,0,1,0.0,0.0
8402,51,0,2,0.0,0.0
8403,51,0,3,0.0,0.0
8404,51,0,4,0.0,0.0
8405,51,0,5,0.0,0.0
8406,51,0,6,0.0,0.0
8407,51,0,7,0.0,0.0
8408,51,0,8,0.0,0.0
8409,51,0,9,0.0,0.0
8410,51,0,10,0.0,0.0
8411,51,0,11,0.0,0.0
8412,51,0,12,0.0,0.0
8413,51,0,13,0.0,0.0
8414,51,0,14,0.0,0.0
8415,51,0,15,0.0,0.0
8416,51,0,16,0.0,0.0
8417,51,0,17,0.0,0.0
8418,51,0,18,0.0,0.0
8419,51,0,19,0.0,0.0
8420,51,0,20,0.0,0.0
8421,51,0,21,0.0,0.0
8422,51,0,22,0.0,0.0
8423,51,0,23,0.0,0.0
8424,51,1,0,0.0,0.0
8425,51,1,1,0.265656,0.0
8426,51,1,2,0.0,0.0
8427,51,1,3,0.149232,0.0
8428,51,1,4,0.503568,0.0
8429,51,1,5,0.383664,0.0
8430,51,1,6,0.0,0.0
8431,51,1,7,0.0,0.0
8432,51,1,8,0.0,0.0
8433,51,1,9,0.256944,0.0
8434,51,1,10,0.261696,0.0
8435,51,1,11,0.581464,0.0
8436,51,1,12,0.408928,0.0
8437,51,1,13,0.146856,0.0
8438,51,1,14,0.0,0.0
8439,51,1,15,0.0,0.0
8440,51,1,16,0.116364,0.0
8441,51,1,17,0.363864,0.0
8442,51,1,18,0.296148,0.0
8443,51,1,19,0.107256,0.0
8444,51,1,20,0.0,0.0
8445,51,1,21,0.0,0.0
8446,51,1,22,0.0,0.0
8447,51,1,23,0.0,0.0
8448,51,2,0,0.0,0.0
8449,51,2,1,0.0,0.0
8450,51,2,2,0.0,0.0
8451,51,2,3,0.0,0.0
8452,51,2,4,0.0,0.0
8453,51,2,5,0.0,0.0
8454,51,2,6,0.0,0.0
8455,51,2,7,0.0,0.0
8456,51,2,8,0.135372,0.0
8457,51,2,9,0.48464,0.0
8458,51,2,10,0.578552,0.0
8459,51,2,11,0.799136,0.0
8460,51,2,12,0.99375,0.0
8461,51,2,13,0.649896,0.0
8462,51,2,14,0.467168,0.0
8463,51,2,15,0.516672,0.0
8464,51,2,16,0.414752,0.0
8465,51,2,17,0.2811,0.0
8466,51,2,18,0.502112,0.0
8467,51,2,19,0.788944,0.0
8468,51,2,20,1.833638,0.0
8469,51,2,21,2.724998,0.0
8470,51,2,22,2.347408,0.0
8471,51,2,23,2.082476,0.0
8472,51,3,0,1.98715,0.0
8473,51,3,1,1.97477,0.0
8474,51,3,2,1.40535,0.0
8475,51,3,3,0.893048,0.0
8476,51,3,4,0.54652,0.0
8477,51,3,5,0.282288,0.0
8478,51,3,6,0.0,0.0
8479,51,3,7,0.0,0.0
8480,51,3,8,0.0,0.0
8481,51,3,9,0.0,0.0
8482,51,3,10,0.0,0.0
8483,51,3,11,0.0,0.0
8484,51,3,12,0.0,0.0
8485,51,3,13,0.105672,0.0
8486,51,3,14,0.262092,0.0
8487,51,3,15,0.250212,0.0
8488,51,3,16,0.28902,0.0
8489,51,3,17,0.400192,0.0
8490,51,3,18,0.266844,0.0
8491,51,3,19,0.13458,0.0
8492,51,3,20,0.395096,0.0
8493,51,3,21,0.481,0.0
8494,51,3,22,0.3108,0.0
8495,51,3,23,0.389604,0.0
8496,51,4,0,0.151212,0.0
8497,51,4,1,0.138144,0.0
8498,51,4,2,0.0,0.0
8499,51,4,3,0.148836,0.0
8500,51,4,4,0.0,0.0
8501,51,4,5,0.0,0.0
8502,51,4,6,0.0,0.0
8503,51,4,7,0.0,0.0
8504,51,4,8,0.0,0.0
8505,51,4,9,0.0,0.0
8506,51,4,10,0.097356,0.0
8507,51,4,11,0.0,0.0
8508,51,4,12,0.0,0.0
8509,51,4,13,0.0,0.0
8510,51,4,14,0.0,0.0
8511,51,4,15,0.0,0.0
8512,51,4,16,0.0,0.0
8513,51,4,17,0.0,0.0
8514,51,4,18,0.2118,0.0
8515,51,4,19,0.23754,0.0
8516,51,4,20,0.0,0.0
8517,51,4,21,0.0,0.0
8518,51,4,22,0.174972,0.0
8519,51,4,23,0.0,0.0
8520,51,5,0,0.446056,0.0
8521,51,5,1,0.113196,0.0
8522,51,5,2,0.0,0.0
8523,51,5,3,0.0,0.0
8524,51,5,4,0.0,0.0
8525,51,5,5,0.0,0.0
8526,51,5,6,0.0,0.0
8527,51,5,7,0.0,0.0
8528,51,5,8,0.0,0.0
8529,51,5,9,0.115176,0.0
8530,51,5,10,0.0,0.0
8531,51,5,11,0.0,0.0
8532,51,5,12,0.0,0.0
8533,51,5,13,0.0,0.0
8534,51,5,14,0.0,0.0
8535,51,5,15,0.0,0.0
8536,51,5,16,0.0,0.0
8537,51,5,17,0.0,0.0
8538,51,5,18,0.0,0.0
8539,51,5,19,0.0,0.0
8540,51,5,20,0.0,0.0
8541,51,5,21,0.109632,0.0
8542,51,5,22,0.167448,0.0
8543,51,5,23,0.0,0.0
8544,51,6,0,0.0,0.0
8545,51,6,1,0.27516,0.0
8546,51,6,2,0.11082,0.0
8547,51,6,3,0.0,0.0
8548,51,6,4,0.153588,0.0
8549,51,6,5,0.0,0.0
8550,51,6,6,0.0,0.0
8551,51,6,7,0.0,0.0
8552,51,6,8,0.0,0.0
8553,51,6,9,0.0,0.0
8554,51,6,10,0.0,0.0
8555,51,6,11,0.0,0.0
8556,51,6,12,0.0,0.0
8557,51,6,13,0.0,0.0
8558,51,6,14,0.0,0.0
8559,51,6,15,0.0,0.0
8560,51,6,16,0.0,0.0
8561,51,6,17,0.0,0.0
8562,51,6,18,0.0,0.0
8563,51,6,19,0.0,0.0
8564,51,6,20,0.169824,0.0
8565,51,6,21,0.0,0.0
8566,51,6,22,0.0,0.0
8567,51,6,23,0.0,0.0
8568,52,0,0,0.0,0.0
8569,52,0,1,0.0,0.0
8570,52,0,2,0.0,0.0
8571,52,0,3,0.0,0.0
8572,52,0,4,0.0,0.0
8573,52,0,5,0.0,0.0
8574,52,0,6,0.0,0.0
8575,52,0,7,0.0,0.0
8576,52,0,8,0.0,0.0
8577,52,0,9,0.0,0.0
8578,52,0,10,0.0,0.0
8579,52,0,11,0.0,0.0
8580,52,0,12,0.0,0.0
8581,52,0,13,0.0,0.0
8582,52,0,14,0.0,0.0
8583,52,0,15,0.0,0.0
8584,52,0,16,0.0,0.0
8585,52,0,17,0.202296,0.0
8586,52,0,18,0.118344,0.0
8587,52,0,19,0.0,0.0
8588,52,0,20,0.0,0.0
8589,52,0,21,0.0,0.0
8590,52,0,22,0.121908,0.0
8591,52,0,23,0.187248,0.0
8592,52,1,0,0.154776,0.0
8593,52,1,1,0.150816,0.0
8594,52,1,2,0.0,0.0
8595,52,1,3,0.0,0.0
8596,52,1,4,0.0,0.0
8597,52,1,5,0.0,0.0
8598,52,1,6,0.0,0.0
8599,52,1,7,0.0,0.0
8600,52,1,8,0.0,0.0
8601,52,1,9,0.0,0.0
8602,52,1,10,0.0,0.0
8603,52,1,11,0.0,0.0
8604,52,1,12,0.0,0.0
8605,52,1,13,0.0,0.0
8606,52,1,14,0.0,0.0
8607,52,1,15,0.0,0.0
8608,52,1,16,0.0,0.0
8609,52,1,17,0.0,0.0
8610,52,1,18,0.0,0.0
8611,52,1,19,0.0,0.0
8612,52,1,20,0.0,0.0
8613,52,1,21,0.0,0.0
8614,52,1,22,0.0,0.0
8615,52,1,23,0.0,0.0
8616,52,2,0,0.102504,0.0
8617,52,2,1,0.133392,0.0
8618,52,2,2,0.113988,0.0
8619,52,2,3,0.0,0.0
8620,52,2,4,0.0,0.0
8621,52,2,5,0.0,0.0
8622,52,2,6,0.0,0.0
8623,52,2,7,0.0,0.0
8624,52,2,8,0.0,0.0
8625,52,2,9,0.0,0.0
8626,52,2,10,0.0,0.0
8627,52,2,11,0.0,0.0
8628,52,2,12,0.0,0.0
8629,52,2,13,0.0,0.0
8630,52,2,14,0.0,0.0
8631,52,2,15,0.0,0.0
8632,52,2,16,0.0,0.0
8633,52,2,17,0.0,0.0
8634,52,2,18,0.0,0.0
8635,52,2,19,0.0,0.0
8636,52,2,20,0.20586,0.0
8637,52,2,21,0.0,0.0
8638,52,2,22,0.0,0.0
8639,52,2,23,0.0,0.0
8640,52,3,0,0.0,0.0
8641,52,3,1,0.0,0.0
8642,52,3,2,0.0,0.0
8643,52,3,3,0.0,0.0
8644,52,3,4,0.0,0.0
8645,52,3,5,0.0,0.0
8646,52,3,6,0.0,0.0
8647,52,3,7,0.0,0.0
8648,52,3,8,0.137352,0.0
8649,52,3,9,0.132204,0.0
8650,52,3,10,0.0,0.0
8651,52,3,11,0.0,0.0
8652,52,3,12,0.0,0.0
8653,52,3,13,0.0,0.0
8654,52,3,14,0.0,0.0
8655,52,3,15,0.0,0.0
8656,52,3,16,0.0,0.0
8657,52,3,17,0.0,0.0
8658,52,3,18,0.0,0.0
8659,52,3,19,0.0,0.0
8660,52,3,20,0.0,0.0
8661,52,3,21,0.0,0.0
8662,52,3,22,0.0,0.0
8663,52,3,23,0.0,0.0
8664,52,4,0,0.0,0.0
8665,52,4,1,0.0,0.0
8666,52,4,2,0.0,0.0
8667,52,4,3,0.0,0.0
8668,52,4,4,0.184872,0.0
8669,52,4,5,0.107652,0.0
8670,52,4,6,0.0,0.0
8671,52,4,7,0.0,0.0
8672,52,4,8,0.2118,0.0
8673,52,4,9,0.435136,0.0
8674,52,4,10,0.51012,0.0
8675,52,4,11,0.48464,0.0
8676,52,4,12,0.5538,0.0
8677,52,4,13,0.745992,0.0
8678,52,4,14,0.87412,0.155964
8679,52,4,15,1.4232,0.163884
8680,52,4,16,0.697216,0.0
8681,52,4,17,0.713232,0.0
8682,52,4,18,0.394368,0.0
8683,52,4,19,0.1821,0.0
8684,52,4,20,0.722696,0.0
8685,52,4,21,0.474448,0.0
8686,52,4,22,0.427856,0.0
8687,52,4,23,0.205068,0.0
8688,52,5,0,0.0,0.0
8689,52,5,1,0.0,0.0
8690,52,5,2,0.0,0.0
8691,52,5,3,0.0,0.0
8692,52,5,4,0.0,0.0
8693,52,5,5,0.0,0.0
8694,52,5,6,0.0,0.0
8695,52,5,7,0.0,0.0
8696,52,5,8,0.0,0.0
8697,52,5,9,0.0,0.0
8698,52,5,10,0.0,0.0
8699,52,5,11,0.0,0.0
8700,52,5,12,0.0,0.0
8701,52,5,13,0.0,0.0
8702,52,5,14,0.0,0.0
8703,52,5,15,0.0,0.0
8704,52,5,16,0.0,0.0
8705,52,5,17,0.0,0.0
8706,52,5,18,0.0,0.0
8707,52,5,19,0.0,0.0
8708,52,5,20,0.0,0.0
8709,52,5,21,0.0,0.0
8710,52,5,22,0.0,0.0
8711,52,5,23,0.0,0.0
8712,52,6,0,0.0,0.0
8713,52,6,1,0.156756,0.0
8714,52,6,2,0.112008,0.0
8715,52,6,3,0.0,0.0
8716,52,6,4,0.291396,0.0
8717,52,6,5,0.25932,0.0
8718,52,6,6,0.188832,0.0
8719,52,6,7,0.093,0.0
8720,52,6,8,0.0,0.0
8721,52,6,9,0.0,0.0
8722,52,6,10,0.0,0.0
8723,52,6,11,0.0,0.0
8724,52,6,12,0.0,0.0
8725,52,6,13,0.0,0.0
8726,52,6,14,0.100128,0.0
8727,52,6,15,0.0,0.0
8728,52,6,16,0.0,0.0
8729,52,6,17,0.119532,0.0
8730,52,6,18,0.280704,0.0
8731,52,6,19,0.204276,0.0
8732,52,6,20,0.230016,0.0
8733,52,6,21,0.305256,0.0
8734,52,6,22,0.23952,0.0
8735,52,6,23,0.179328,0.0
