horizon_hour,week,weekday,hour,wind_ab_mw,wind_ka_mw
0,1,0,0,3.5,1.4463
1,1,0,1,3.5,1.23525
2,1,0,2,3.5,1.13655
3,1,0,3,3.5,1.09035
4,1,0,4,3.5,2.088666
5,1,0,5,3.5,2.201324
6,1,0,6,3.5,2.391976
7,1,0,7,3.5,2.242178
8,1,0,8,3.5,2.861178
9,1,0,9,3.5,3.02088
10,1,0,10,3.5,3.186772
11,1,0,11,3.5,3.363806
12,1,0,12,3.5,3.00231
13,1,0,13,3.5,3.445514
14,1,0,14,3.5,3.387328
15,1,0,15,3.5,3.487606
16,1,0,16,3.5,3.5
17,1,0,17,3.5,3.03945
18,1,0,18,3.5,2.64329
19,1,0,19,3.5,2.18523
20,1,0,20,3.5,1.860874
21,1,0,21,3.5,1.546422
22,1,0,22,3.5,1.3014
23,1,0,23,3.5,1.0326
24,1,1,0,3.5,0.815152
25,1,1,1,3.5,0.871208
26,1,1,2,3.5,0.87412
27,1,1,3,3.5,1.02945
28,1,1,4,3.5,1.04205
29,1,1,5,3.5,1.10085
30,1,1,6,3.5,1.3875
31,1,1,7,3.5,1.93144
32,1,1,8,3.5,2.404356
33,1,1,9,3.5,2.687858
34,1,1,10,3.5,3.11373
35,1,1,11,3.5,3.357616
36,1,1,12,3.5,3.05802
37,1,1,13,3.5,3.5
38,1,1,14,3.5,3.098874
39,1,1,15,3.5,3.015928
40,1,1,16,3.5,2.926792
41,1,1,17,3.5,2.257034
42,1,1,18,3.5,1.969818
43,1,1,19,3.5,1.37805
44,1,1,20,3.5,1.17435
45,1,1,21,3.5,1.1901
46,1,1,22,3.5,1.0263
47,1,1,23,3.5,1.0221
48,1,2,0,3.5,0.784576
49,1,2,1,3.5,0.806416
50,1,2,2,3.5,0.829712
51,1,2,3,3.5,0.85592
52,1,2,4,3.5,1.2195
53,1,2,5,3.5,1.2909
54,1,2,6,3.5,1.834876
55,1,2,7,3.5,2.509586
56,1,2,8,3.5,2.561582
57,1,2,9,3.5,2.772042
58,1,2,10,3.5,2.69281
59,1,2,11,3.5,2.893366
60,1,2,12,3.5,2.659384
61,1,2,13,3.5,2.926792
62,1,2,14,3.5,2.49473
63,1,2,15,3.5,2.331314
64,1,2,16,3.5,2.162946
65,1,2,17,3.5,1.651652
66,1,2,18,3.5,1.38855
67,1,2,19,3.5,0.9948
68,1,2,20,3.5,0.9738
69,1,2,21,3.5,0.933088
70,1,2,22,3.5,1.04205
71,1,2,23,3.5,0.878488
72,1,3,0,3.5,0.93915
73,1,3,1,3.5,0.871208
74,1,3,2,3.5,1.04205
75,1,3,3,3.5,0.911248
76,1,3,4,3.5,1.356
77,1,3,5,3.5,1.2636
78,1,3,6,3.5,1.3707
79,1,3,7,3.5,1.3056
80,1,3,8,3.5,1.660318
81,1,3,9,3.5,1.83859
82,1,3,10,3.5,2.09238
83,1,3,11,3.5,2.399404
84,1,3,12,3.5,2.560344
85,1,3,13,3.5,2.894604
86,1,3,14,3.5,2.780708
87,1,3,15,3.5,2.75471
88,1,3,16,3.5,2.843846
89,1,3,17,3.5,2.29046
90,1,3,18,3.5,2.149328
91,1,3,19,3.5,1.42215
92,1,3,20,3.5,0.936
93,1,3,21,3.5,0.9843
94,1,3,22,3.5,1.1397
95,1,3,23,3.5,1.0914
96,1,4,0,3.5,1.09455
97,1,4,1,3.5,0.911248
98,1,4,2,3.5,0.87412
99,1,4,3,3.5,0.895232
100,1,4,4,3.5,0.872664
101,1,4,5,3.5,0.880672
102,1,4,6,3.5,1.09875
103,1,4,7,3.5,1.4421
104,1,4,8,3.5,1.777928
105,1,4,9,3.5,2.193896
106,1,4,10,3.5,2.34617
107,1,4,11,3.5,2.67424
108,1,4,12,3.5,2.689096
109,1,4,13,3.5,2.812896
110,1,4,14,3.5,2.924316
111,1,4,15,3.5,2.812896
112,1,4,16,3.5,2.46378
113,1,4,17,3.5,1.843542
114,1,4,18,3.5,1.34655
115,1,4,19,3.5,1.00845
116,1,4,20,3.5,0.839904
117,1,4,21,3.5,0.839904
118,1,4,22,3.5,0.94125
119,1,4,23,3.5,0.86684
120,1,5,0,3.5,0.890136
121,1,5,1,3.5,0.92872
122,1,5,2,3.5,0.9801
123,1,5,3,3.5,0.851552
124,1,5,4,3.5,1.0284
125,1,5,5,3.5,1.00425
126,1,5,6,3.5,1.1712
127,1,5,7,3.5,1.582324
128,1,5,8,3.5,2.114664
129,1,5,9,3.5,2.535584
130,1,5,10,3.5,2.988692
131,1,5,11,3.5,3.300668
132,1,5,12,3.5,3.202866
133,1,5,13,3.5,3.21277
134,1,5,14,3.5,3.258576
135,1,5,15,3.5,3.098874
136,1,5,16,3.5,2.984978
137,1,5,17,3.5,2.560344
138,1,5,18,3.5,2.046574
139,1,5,19,3.5,1.4526
140,1,5,20,3.5,1.623178
141,1,5,21,3.5,1.472142
142,1,5,22,3.5,1.40535
143,1,5,23,3.5,1.3959
144,1,6,0,3.5,1.532804
145,1,6,1,3.5,1.33605
146,1,6,2,3.5,1.3077
147,1,6,3,3.5,1.0326
148,1,6,4,3.5,1.0431
149,1,6,5,3.5,0.903968
150,1,6,6,3.5,1.0368
151,1,6,7,3.5,1.1313
152,1,6,8,3.5,1.822496
153,1,6,9,3.5,2.363502
154,1,6,10,3.5,3.02707
155,1,6,11,3.5,3.246196
156,1,6,12,3.5,3.186772
157,1,6,13,3.5,3.165726
158,1,6,14,3.5,3.270956
159,1,6,15,3.5,3.01469
160,1,6,16,3.5,2.966408
161,1,6,17,3.5,2.372168
162,1,6,18,3.5,1.957438
163,1,6,19,3.5,1.33185
164,1,6,20,3.5,1.16805
165,1,6,21,3.5,0.923624
166,1,6,22,3.5,0.8086
167,1,6,23,3.5,0.854464
168,2,0,0,3.5,0.894504
169,2,0,1,3.5,0.9633
170,2,0,2,3.5,1.0221
171,2,0,3,3.5,0.871208
172,2,0,4,3.5,1.04205
173,2,0,5,3.5,1.06305
174,2,0,6,3.5,1.08405
175,2,0,7,3.5,1.31085
176,2,0,8,3.5,1.940106
177,2,0,9,3.5,2.128282
178,2,0,10,3.5,2.46997
179,2,0,11,3.5,2.658146
180,2,0,12,3.5,2.665574
181,2,0,13,3.5,3.061734
182,2,0,14,3.5,2.842608
183,2,0,15,3.5,2.845084
184,2,0,16,3.5,2.967646
185,2,0,17,3.5,2.294174
186,2,0,18,3.5,1.936392
187,2,0,19,3.5,1.484522
188,2,0,20,3.5,1.636796
189,2,0,21,3.5,1.461
190,2,0,22,3.5,1.489474
191,2,0,23,3.5,1.45995
192,2,1,0,3.5,1.469666
193,2,1,1,3.5,1.4085
194,2,1,2,3.5,1.38435
195,2,1,3,3.5,1.598418
196,2,1,4,3.5,1.651652
197,2,1,5,3.5,1.574896
198,2,1,6,3.5,1.44315
199,2,1,7,3.5,1.774214
200,2,1,8,3.5,2.226084
201,2,1,9,3.5,2.660622
202,2,1,10,3.5,3.043164
203,2,1,11,3.5,3.414564
204,2,1,12,3.5,3.184296
205,2,1,13,3.5,3.381138
206,2,1,14,3.5,3.387328
207,2,1,15,3.5,3.090208
208,2,1,16,3.5,3.043164
209,2,1,17,3.5,2.481112
210,2,1,18,3.5,2.20999
211,2,1,19,3.5,1.753168
212,2,1,20,3.5,1.582324
213,2,1,21,3.5,1.31505
214,2,1,22,3.5,1.37175
215,2,1,23,3.5,1.512996
216,2,2,0,3.5,1.44735
217,2,2,1,3.5,1.27095
218,2,2,2,3.5,1.00845
219,2,2,3,3.5,0.94545
220,2,2,4,3.5,0.835536
221,2,2,5,3.5,0.878488
222,2,2,6,3.5,0.9654
223,2,2,7,3.5,1.4295
224,2,2,8,3.5,1.749454
225,2,2,9,3.5,2.312744
226,2,2,10,3.5,2.77328
227,2,2,11,3.5,2.920602
228,2,2,12,3.5,2.967646
229,2,2,13,3.5,3.190486
230,2,2,14,3.5,3.112492
231,2,2,15,3.5,2.999834
232,2,2,16,3.5,2.98993
233,2,2,17,3.5,2.25951
234,2,2,18,3.5,1.769262
235,2,2,19,3.5,1.1565
236,2,2,20,3.5,1.0704
237,2,2,21,3.5,0.916344
238,2,2,22,3.5,0.906152
239,2,2,23,3.5,0.8996
240,2,3,0,3.5,0.794768
241,2,3,1,3.5,0.748176
242,2,3,2,3.5,0.868296
243,2,3,3,3.5,0.514488
244,2,3,4,3.5,0.718328
245,2,3,5,3.5,0.8086
246,2,3,6,3.5,0.9528
247,2,3,7,3.5,1.2384
248,2,3,8,3.5,1.45785
249,2,3,9,3.5,1.990864
250,2,3,10,3.5,2.442734
251,2,3,11,3.5,2.790612
252,2,3,12,3.5,2.887176
253,2,3,13,3.5,3.116206
254,2,3,14,3.5,2.892128
255,2,3,15,3.5,2.994882
256,2,3,16,3.5,2.951552
257,2,3,17,3.5,2.373406
258,2,3,18,3.5,2.167898
259,2,3,19,3.5,1.4463
260,2,3,20,3.5,1.678888
261,2,3,21,3.5,1.724694
262,2,3,22,3.5,1.619464
263,2,3,23,3.5,1.509282
264,2,4,0,3.5,1.4442
265,2,4,1,3.5,1.42635
266,2,4,2,3.5,1.3707
267,2,4,3,3.5,1.562516
268,2,4,4,3.5,1.550136
269,2,4,5,3.5,1.3812
270,2,4,6,3.5,1.3875
271,2,4,7,3.5,1.989626
272,2,4,8,3.5,2.56282
273,2,4,9,3.5,2.80423
274,2,4,10,3.5,3.11373
275,2,4,11,3.5,3.5
276,2,4,12,3.5,3.300668
277,2,4,13,3.5,3.357616
278,2,4,14,3.5,3.36752
279,2,4,15,3.5,3.29943
280,2,4,16,3.5,3.341522
281,2,4,17,3.5,2.654432
282,2,4,18,3.5,2.171612
283,2,4,19,3.5,1.489474
284,2,4,20,3.5,0.925808
285,2,4,21,3.5,0.738712
286,2,4,22,3.5,0.754
287,2,4,23,3.5,0.657176
288,2,5,0,3.5,0.425672
289,2,5,1,3.5,0.485368
290,2,5,2,3.5,0.645528
291,2,5,3,3.5,0.81588
292,2,5,4,3.5,0.930904
293,2,5,5,3.5,0.898144
294,2,5,6,3.5,0.9969
295,2,5,7,3.5,1.19745
296,2,5,8,3.5,1.647938
297,2,5,9,3.5,2.039146
298,2,5,10,3.5,2.306554
299,2,5,11,3.5,2.411784
300,2,5,12,3.5,2.43283
301,2,5,13,3.5,2.601198
302,2,5,14,3.5,2.62472
303,2,5,15,3.5,2.567772
304,2,5,16,3.5,2.388262
305,2,5,17,3.5,1.734598
306,2,5,18,3.5,1.56623
307,2,5,19,3.5,1.2636
308,2,5,20,3.5,0.96645
309,2,5,21,3.5,0.9381
310,2,5,22,3.5,0.785304
311,2,5,23,3.5,0.911248
312,2,6,0,3.5,1.16805
313,2,6,1,3.5,1.4463
314,2,6,2,3.5,1.672698
315,2,6,3,3.5,1.3287
316,2,6,4,3.5,1.860874
317,2,6,5,3.5,1.805164
318,2,6,6,3.5,2.231036
319,2,6,7,3.5,2.367216
320,2,6,8,3.5,3.246196
321,2,6,9,3.5,3.5
322,2,6,10,3.5,3.5
323,2,6,11,3.5,3.5
324,2,6,12,3.5,3.5
325,2,6,13,3.5,3.5
326,2,6,14,3.5,3.5
327,2,6,15,3.5,3.480178
328,2,6,16,3.5,3.202866
329,2,6,17,3.5,2.673002
330,2,6,18,3.5,2.139424
331,2,6,19,3.5,1.672698
332,2,6,20,3.5,1.24365
333,2,6,21,3.5,1.2993
334,2,6,22,3.5,1.2951
335,2,6,23,3.5,0.9843
336,3,0,0,3.5,0.826072
337,3,0,1,3.5,0.788944
338,3,0,2,3.5,0.842088
339,3,0,3,3.5,0.913432
340,3,0,4,3.5,0.9423
341,3,0,5,3.5,1.12605
342,3,0,6,3.5,1.10505
343,3,0,7,3.5,1.3812
344,3,0,8,3.5,1.95001
345,3,0,9,3.5,2.354836
346,3,0,10,3.5,2.993644
347,3,0,11,3.5,3.309334
348,3,0,12,3.5,3.190486
349,3,0,13,3.5,3.11992
350,3,0,14,3.5,3.414564
351,3,0,15,3.5,3.184296
352,3,0,16,3.5,3.061734
353,3,0,17,3.5,2.56282
354,3,0,18,3.5,2.731188
355,3,0,19,3.5,2.410546
356,3,0,20,3.5,2.291698
357,3,0,21,3.5,2.266938
358,3,0,22,3.5,2.462542
359,3,0,23,3.5,2.002006
360,3,1,0,3.5,1.794022
361,3,1,1,3.5,1.489474
362,3,1,2,3.5,1.31295
363,3,1,3,3.5,1.31925
364,3,1,4,3.5,1.2321
365,3,1,5,3.5,1.21845
366,3,1,6,3.5,1.17645
367,3,1,7,3.5,1.508044
368,3,1,8,3.5,2.151804
369,3,1,9,3.5,2.592532
370,3,1,10,3.5,2.858702
371,3,1,11,3.5,3.20039
372,3,1,12,3.5,3.202866
373,3,1,13,3.5,3.446752
374,3,1,14,3.5,3.29943
375,3,1,15,3.5,3.34895
376,3,1,16,3.5,3.21896
377,3,1,17,3.5,2.585104
378,3,1,18,3.5,2.112188
379,3,1,19,3.5,1.41585
380,3,1,20,3.5,1.06095
381,3,1,21,3.5,1.0284
382,3,1,22,3.5,1.0851
383,3,1,23,3.5,1.08825
384,3,2,0,3.5,0.99165
385,3,2,1,3.5,0.98115
386,3,2,2,3.5,0.97065
387,3,2,3,3.5,1.13235
388,3,2,4,3.5,1.3014
389,3,2,5,3.5,1.2048
390,3,2,6,3.5,0.82316
391,3,2,7,3.5,1.2909
392,3,2,8,3.5,2.130758
393,3,2,9,3.5,2.503396
394,3,2,10,3.5,2.836418
395,3,2,11,3.5,3.022118
396,3,2,12,3.5,2.966408
397,3,2,13,3.5,2.986216
398,3,2,14,3.5,2.908222
399,3,2,15,3.5,2.942886
400,3,2,16,3.5,2.908222
401,3,2,17,3.5,2.380834
402,3,2,18,3.5,2.219894
403,3,2,19,3.5,1.631844
404,3,2,20,3.5,1.525376
405,3,2,21,3.5,1.2678
406,3,2,22,3.5,1.125
407,3,2,23,3.5,1.0641
408,3,3,0,3.5,0.93915
409,3,3,1,3.5,0.875576
410,3,3,2,3.5,0.72488
411,3,3,3,3.5,0.775112
412,3,3,4,3.5,0.743808
413,3,3,5,3.5,0.691392
414,3,3,6,3.5,0.791856
415,3,3,7,3.5,1.18065
416,3,3,8,3.5,1.699934
417,3,3,9,3.5,2.275604
418,3,3,10,3.5,2.49473
419,3,3,11,3.5,2.71138
420,3,3,12,3.5,2.684144
421,3,3,13,3.5,2.576438
422,3,3,14,3.5,2.831466
423,3,3,15,3.5,3.0704
424,3,3,16,3.5,2.713856
425,3,3,17,3.5,2.227322
426,3,3,18,3.5,1.891824
427,3,3,19,3.5,1.42635
428,3,3,20,3.5,1.21215
429,3,3,21,3.5,0.93915
430,3,3,22,3.5,0.9738
431,3,3,23,3.5,0.861744
432,3,4,0,3.5,0.851552
433,3,4,1,3.5,0.936
434,3,4,2,3.5,1.0914
435,3,4,3,3.5,1.2594
436,3,4,4,3.5,1.472142
437,3,4,5,3.5,1.33605
438,3,4,6,3.5,1.1565
439,3,4,7,3.5,1.14915
440,3,4,8,3.5,1.786594
441,3,4,9,3.5,2.013148
442,3,4,10,3.5,2.182754
443,3,4,11,3.5,2.468732
444,3,4,12,3.5,2.863654
445,3,4,13,3.5,3.065448
446,3,4,14,3.5,3.29324
447,3,4,15,3.5,3.5
448,3,4,16,3.5,3.5
449,3,4,17,3.5,3.131062
450,3,4,18,3.5,2.648242
451,3,4,19,3.5,1.605846
452,3,4,20,3.5,1.834876
453,3,4,21,3.5,1.90049
454,3,4,22,3.5,2.212466
455,3,4,23,3.5,1.619464
456,3,5,0,3.5,1.3707
457,3,5,1,3.5,1.14915
458,3,5,2,3.5,1.083
459,3,5,3,3.5,0.799136
460,3,5,4,3.5,0.553072
461,3,5,5,3.5,0.537784
462,3,5,6,3.5,0.620048
463,3,5,7,3.5,0.92872
464,3,5,8,3.5,1.4547
465,3,5,9,3.5,1.985912
466,3,5,10,3.5,2.486064
467,3,5,11,3.5,2.796802
468,3,5,12,3.5,2.559106
469,3,5,13,3.5,3.251148
470,3,5,14,3.5,2.583866
471,3,5,15,3.5,2.344932
472,3,5,16,3.5,2.266938
473,3,5,17,3.5,1.952486
474,3,5,18,3.5,1.831162
475,3,5,19,3.5,1.72098
476,3,5,20,3.5,1.667746
477,3,5,21,3.5,1.635558
478,3,5,22,3.5,1.484522
479,3,5,23,3.5,1.598418
480,3,6,0,3.5,1.482046
481,3,6,1,3.5,1.3434
482,3,6,2,3.5,1.47338
483,3,6,3,3.5,1.1796
484,3,6,4,3.5,1.2153
485,3,6,5,3.5,1.0011
486,3,6,6,3.5,1.10505
487,3,6,7,3.5,1.501854
488,3,6,8,3.5,1.95001
489,3,6,9,3.5,2.328838
490,3,6,10,3.5,2.877272
491,3,6,11,3.5,3.159536
492,3,6,12,3.5,3.251148
493,3,6,13,3.5,3.170678
494,3,6,14,3.5,3.254862
495,3,6,15,3.5,2.994882
496,3,6,16,3.5,2.919364
497,3,6,17,3.5,2.208752
498,3,6,18,3.5,1.642986
499,3,6,19,3.5,1.1838
500,3,6,20,3.5,1.3056
501,3,6,21,3.5,1.36335
502,3,6,22,3.5,1.31085
503,3,6,23,3.5,1.1313
504,4,0,0,3.5,0.9738
505,4,0,1,3.5,0.853736
506,4,0,2,3.5,0.791856
507,4,0,3,3.5,0.827528
508,4,0,4,3.5,0.818064
509,4,0,5,3.5,0.749632
510,4,0,6,3.5,0.770744
511,4,0,7,3.5,0.890864
512,4,0,8,3.5,1.874492
513,4,0,9,3.5,2.089904
514,4,0,10,3.5,2.47616
515,4,0,11,3.5,2.560344
516,4,0,12,3.5,2.437782
517,4,0,13,3.5,2.64948
518,4,0,14,3.5,2.535584
519,4,0,15,3.5,2.670526
520,4,0,16,3.5,2.495968
521,4,0,17,3.5,2.031718
522,4,0,18,3.5,1.50433
523,4,0,19,3.5,0.96015
524,4,0,20,3.5,1.50433
525,4,0,21,3.5,1.761834
526,4,0,22,3.5,2.072572
527,4,0,23,3.5,2.344932
528,4,1,0,3.5,2.378358
529,4,1,1,3.5,2.218656
530,4,1,2,3.5,2.127044
531,4,1,3,3.5,1.0809
532,4,1,4,3.5,0.818064
533,4,1,5,3.5,0.689208
534,4,1,6,3.5,0.887952
535,4,1,7,3.5,1.0872
536,4,1,8,3.5,1.43055
537,4,1,9,3.5,1.876968
538,4,1,10,3.5,2.448924
539,4,1,11,3.5,2.462542
540,4,1,12,3.5,2.793088
541,4,1,13,3.5,3.025832
542,4,1,14,3.5,3.487606
543,4,1,15,3.5,3.5
544,4,1,16,3.5,3.5
545,4,1,17,3.5,2.811658
546,4,1,18,3.5,2.16047
547,4,1,19,3.5,1.4085
548,4,1,20,3.5,0.99795
549,4,1,21,3.5,0.791128
550,4,1,22,3.5,0.856648
551,4,1,23,3.5,0.68484
552,4,2,0,3.5,0.722696
553,4,2,1,3.5,0.689208
554,4,2,2,3.5,0.92144
555,4,2,3,3.5,0.825344
556,4,2,4,3.5,1.1124
557,4,2,5,3.5,0.84864
558,4,2,6,3.5,0.866112
559,4,2,7,3.5,1.23945
560,4,2,8,3.5,1.989626
561,4,2,9,3.5,2.458828
562,4,2,10,3.5,2.79804
563,4,2,11,3.5,2.93422
564,4,2,12,3.5,2.883462
565,4,2,13,3.5,2.83518
566,4,2,14,3.5,2.879748
567,4,2,15,3.5,2.780708
568,4,2,16,3.5,2.43902
569,4,2,17,3.5,1.94382
570,4,2,18,3.5,1.599656
571,4,2,19,3.5,1.2195
572,4,2,20,3.5,1.22895
573,4,2,21,3.5,1.20795
574,4,2,22,3.5,1.3707
575,4,2,23,3.5,1.4526
576,4,3,0,3.5,1.398
577,4,3,1,3.5,1.27305
578,4,3,2,3.5,1.36335
579,4,3,3,3.5,1.20795
580,4,3,4,3.5,1.44
581,4,3,5,3.5,1.19115
582,4,3,6,3.5,1.06725
583,4,3,7,3.5,1.1775
584,4,3,8,3.5,1.904204
585,4,3,9,3.5,2.280556
586,4,3,10,3.5,2.609864
587,4,3,11,3.5,3.040688
588,4,3,12,3.5,2.951552
589,4,3,13,3.5,2.753472
590,4,3,14,3.5,3.056782
591,4,3,15,3.5,2.932982
592,4,3,16,3.5,2.809182
593,4,3,17,3.5,2.212466
594,4,3,18,3.5,1.681364
595,4,3,19,3.5,1.2048
596,4,3,20,3.5,0.94545
597,4,3,21,3.5,0.818064
598,4,3,22,3.5,0.798408
599,4,3,23,3.5,0.74672
600,4,4,0,3.5,0.740896
601,4,4,1,3.5,0.634608
602,4,4,2,3.5,0.686296
603,4,4,3,3.5,0.585832
604,4,4,4,3.5,0.719784
605,4,4,5,3.5,0.770744
606,4,4,6,3.5,0.99165
607,4,4,7,3.5,1.377
608,4,4,8,3.5,2.193896
609,4,4,9,3.5,2.372168
610,4,4,10,3.5,2.681668
611,4,4,11,3.5,2.74233
612,4,4,12,3.5,2.634624
613,4,4,13,3.5,2.776994
614,4,4,14,3.5,2.988692
615,4,4,15,3.5,3.067924
616,4,4,16,3.5,3.072876
617,4,4,17,3.5,2.435306
618,4,4,18,3.5,2.075048
619,4,4,19,3.5,1.66527
620,4,4,20,3.5,1.599656
621,4,4,21,3.5,1.618226
622,4,4,22,3.5,1.66527
623,4,4,23,3.5,1.477094
624,4,5,0,3.5,1.26045
625,4,5,1,3.5,1.04835
626,4,5,2,3.5,1.0179
627,4,5,3,3.5,0.936
628,4,5,4,3.5,0.925808
629,4,5,5,3.5,0.780208
630,4,5,6,3.5,1.00845
631,4,5,7,3.5,1.0494
632,4,5,8,3.5,1.756882
633,4,5,9,3.5,1.69622
634,4,5,10,3.5,2.096094
635,4,5,11,3.5,2.192658
636,4,5,12,3.5,2.632148
637,4,5,13,3.5,2.375882
638,4,5,14,3.5,2.722522
639,4,5,15,3.5,2.758424
640,4,5,16,3.5,2.663098
641,4,5,17,3.5,2.144376
642,4,5,18,3.5,1.798974
643,4,5,19,3.5,1.90049
644,4,5,20,3.5,1.781642
645,4,5,21,3.5,1.716028
646,4,5,22,3.5,1.712314
647,4,5,23,3.5,1.52909
648,4,6,0,3.5,1.619464
649,4,6,1,3.5,1.52909
650,4,6,2,3.5,1.31295
651,4,6,3,3.5,1.45365
652,4,6,4,3.5,1.42635
653,4,6,5,3.5,1.20165
654,4,6,6,3.5,1.2867
655,4,6,7,3.5,1.815068
656,4,6,8,3.5,2.67424
657,4,6,9,3.5,2.954028
658,4,6,10,3.5,3.358854
659,4,6,11,3.5,3.5
660,4,6,12,3.5,3.5
661,4,6,13,3.5,3.44799
662,4,6,14,3.5,3.5
663,4,6,15,3.5,3.18182
664,4,6,16,3.5,2.809182
665,4,6,17,3.5,2.195134
666,4,6,18,3.5,1.521662
667,4,6,19,3.5,1.1292
668,4,6,20,3.5,0.9633
669,4,6,21,3.5,0.89232
670,4,6,22,3.5,0.887952
671,4,6,23,3.5,0.95175
672,5,0,0,3.5,1.01055
673,5,0,1,3.5,1.03995
674,5,0,2,3.5,0.95595
675,5,0,3,3.5,0.861016
676,5,0,4,3.5,0.729976
677,5,0,5,3.5,0.722696
678,5,0,6,3.5,0.760552
679,5,0,7,3.5,1.2279
680,5,0,8,3.5,2.211228
681,5,0,9,3.5,2.601198
682,5,0,10,3.5,2.968884
683,5,0,11,3.5,3.196676
684,5,0,12,3.5,3.096398
685,5,0,13,3.5,3.316762
686,5,0,14,3.5,2.72995
687,5,0,15,3.5,2.687858
688,5,0,16,3.5,2.566534
689,5,0,17,3.5,1.748216
690,5,0,18,3.5,1.31925
691,5,0,19,3.5,1.03575
692,5,0,20,3.5,0.9654
693,5,0,21,3.5,0.9528
694,5,0,22,3.5,1.0725
695,5,0,23,3.5,1.16385
696,5,1,0,3.5,1.24365
697,5,1,1,3.5,1.0599
698,5,1,2,3.5,0.889408
699,5,1,3,3.5,0.76856
700,5,1,4,3.5,1.0116
701,5,1,5,3.5,1.1502
702,5,1,6,3.5,1.15965
703,5,1,7,3.5,1.508044
704,5,1,8,3.5,1.936392
705,5,1,9,3.5,2.33998
706,5,1,10,3.5,2.660622
707,5,1,11,3.5,2.988692
708,5,1,12,3.5,3.184296
709,5,1,13,3.5,2.975074
710,5,1,14,3.5,3.050592
711,5,1,15,3.5,2.916888
712,5,1,16,3.5,2.68043
713,5,1,17,3.5,2.057716
714,5,1,18,3.5,1.848494
715,5,1,19,3.5,1.2804
716,5,1,20,3.5,1.0494
717,5,1,21,3.5,0.936
718,5,1,22,3.5,0.882128
719,5,1,23,3.5,0.827528
720,5,2,0,3.5,0.725608
721,5,2,1,3.5,0.559624
722,5,2,2,3.5,0.857376
723,5,2,3,3.5,0.873392
724,5,2,4,3.5,0.799136
725,5,2,5,3.5,0.668096
726,5,2,6,3.5,0.700856
727,5,2,7,3.5,0.926536
728,5,2,8,3.5,1.377
729,5,2,9,3.5,1.766786
730,5,2,10,3.5,2.2657
731,5,2,11,3.5,2.731188
732,5,2,12,3.5,2.764614
733,5,2,13,3.5,2.975074
734,5,2,14,3.5,2.986216
735,5,2,15,3.5,3.05183
736,5,2,16,3.5,2.861178
737,5,2,17,3.5,2.287984
738,5,2,18,3.5,1.772976
739,5,2,19,3.5,1.36755
740,5,2,20,3.5,1.356
741,5,2,21,3.5,1.38015
742,5,2,22,3.5,1.2258
743,5,2,23,3.5,1.3644
744,5,3,0,3.5,1.29405
745,5,3,1,3.5,1.27095
746,5,3,2,3.5,1.42635
747,5,3,3,3.5,1.2321
748,5,3,4,3.5,1.855922
749,5,3,5,3.5,1.32345
750,5,3,6,3.5,1.19535
751,5,3,7,3.5,1.42845
752,5,3,8,3.5,2.44521
753,5,3,9,3.5,2.957742
754,5,3,10,3.5,3.184296
755,5,3,11,3.5,3.39847
756,5,3,12,3.5,3.139728
757,5,3,13,3.5,3.054306
758,5,3,14,3.5,2.919364
759,5,3,15,3.5,2.836418
760,5,3,16,3.5,2.499682
761,5,3,17,3.5,2.378358
762,5,3,18,3.5,1.688792
763,5,3,19,3.5,1.2636
764,5,3,20,3.5,1.31085
765,5,3,21,3.5,1.3329
766,5,3,22,3.5,1.45995
767,5,3,23,3.5,1.34655
768,5,4,0,3.5,1.34655
769,5,4,1,3.5,1.3707
770,5,4,2,3.5,1.33185
771,5,4,3,3.5,1.07985
772,5,4,4,3.5,1.14915
773,5,4,5,3.5,1.04835
774,5,4,6,3.5,1.0977
775,5,4,7,3.5,1.3875
776,5,4,8,3.5,2.196372
777,5,4,9,3.5,2.72995
778,5,4,10,3.5,3.164488
779,5,4,11,3.5,3.32419
780,5,4,12,3.5,3.374948
781,5,4,13,3.5,2.879748
782,5,4,14,3.5,2.772042
783,5,4,15,3.5,2.56901
784,5,4,16,3.5,2.325124
785,5,4,17,3.5,1.977246
786,5,4,18,3.5,1.2993
787,5,4,19,3.5,1.3917
788,5,4,20,3.5,1.26255
789,5,4,21,3.5,1.09035
790,5,4,22,3.5,0.81588
791,5,4,23,3.5,1.0326
792,5,5,0,3.5,0.772928
793,5,5,1,3.5,0.638248
794,5,5,2,3.5,0.573456
795,5,5,3,3.5,0.529048
796,5,5,4,3.5,0.708136
797,5,5,5,3.5,0.834808
798,5,5,6,3.5,1.0179
799,5,5,7,3.5,1.2993
800,5,5,8,3.5,1.774214
801,5,5,9,3.5,2.182754
802,5,5,10,3.5,2.404356
803,5,5,11,3.5,2.673002
804,5,5,12,3.5,2.77328
805,5,5,13,3.5,2.975074
806,5,5,14,3.5,2.918126
807,5,5,15,3.5,2.869844
808,5,5,16,3.5,2.796802
809,5,5,17,3.5,2.169136
810,5,5,18,3.5,1.701172
811,5,5,19,3.5,1.05675
812,5,5,20,3.5,0.85228
813,5,5,21,3.5,0.763464
814,5,5,22,3.5,0.84864
815,5,5,23,3.5,0.842816
816,5,6,0,3.5,0.815152
817,5,6,1,3.5,0.925808
818,5,6,2,3.5,0.911248
819,5,6,3,3.5,1.00215
820,5,6,4,3.5,0.900328
821,5,6,5,3.5,0.930904
822,5,6,6,3.5,0.88504
823,5,6,7,3.5,1.18485
824,5,6,8,3.5,1.680126
825,5,6,9,3.5,2.176564
826,5,6,10,3.5,2.461304
827,5,6,11,3.5,2.613578
828,5,6,12,3.5,2.639576
829,5,6,13,3.5,2.676716
830,5,6,14,3.5,2.85375
831,5,6,15,3.5,2.504634
832,5,6,16,3.5,2.391976
833,5,6,17,3.5,1.817544
834,5,6,18,3.5,1.52909
835,5,6,19,3.5,1.3371
836,5,6,20,3.5,1.496902
837,5,6,21,3.5,1.41585
838,5,6,22,3.5,1.2153
839,5,6,23,3.5,1.1922
840,6,0,0,3.5,1.3224
841,6,0,1,3.5,1.27725
842,6,0,2,3.5,1.3938
843,6,0,3,3.5,1.16385
844,6,0,4,3.5,1.3476
845,6,0,5,3.5,1.20375
846,6,0,6,3.5,1.20585
847,6,0,7,3.5,1.3749
848,6,0,8,3.5,2.338742
849,6,0,9,3.5,2.608626
850,6,0,10,3.5,2.790612
851,6,0,11,3.5,3.108778
852,6,0,12,3.5,3.290764
853,6,0,13,3.5,2.728712
854,6,0,14,3.5,2.966408
855,6,0,15,3.5,3.148394
856,6,0,16,3.5,2.95279
857,6,0,17,3.5,2.73614
858,6,0,18,3.5,2.318934
859,6,0,19,3.5,2.026766
860,6,0,20,3.5,1.26465
861,6,0,21,3.5,1.03995
862,6,0,22,3.5,1.05045
863,6,0,23,3.5,1.083
864,6,1,0,3.5,1.125
865,6,1,1,3.5,1.0599
866,6,1,2,3.5,1.29195
867,6,1,3,3.5,1.964866
868,6,1,4,3.5,1.04835
869,6,1,5,3.5,1.11135
870,6,1,6,3.5,1.4463
871,6,1,7,3.5,1.607084
872,6,1,8,3.5,2.609864
873,6,1,9,3.5,2.919364
874,6,1,10,3.5,3.366282
875,6,1,11,3.5,3.5
876,6,1,12,3.5,3.5
877,6,1,13,3.5,3.477702
878,6,1,14,3.5,3.5
879,6,1,15,3.5,3.5
880,6,1,16,3.5,3.5
881,6,1,17,3.5,2.894604
882,6,1,18,3.5,2.503396
883,6,1,19,3.5,2.169136
884,6,1,20,3.5,2.002006
885,6,1,21,3.5,2.050288
886,6,1,22,3.5,2.274366
887,6,1,23,3.5,1.859636
888,6,2,0,3.5,1.74574
889,6,2,1,3.5,1.582324
890,6,2,2,3.5,1.477094
891,6,2,3,3.5,1.3938
892,6,2,4,3.5,1.42215
893,6,2,5,3.5,1.24995
894,6,2,6,3.5,1.3707
895,6,2,7,3.5,1.626892
896,6,2,8,3.5,2.161708
897,6,2,9,3.5,2.549202
898,6,2,10,3.5,3.081542
899,6,2,11,3.5,3.356378
900,6,2,12,3.5,3.481416
901,6,2,13,3.5,3.20039
902,6,2,14,3.5,3.001072
903,6,2,15,3.5,2.851274
904,6,2,16,3.5,2.566534
905,6,2,17,3.5,1.86335
906,6,2,18,3.5,1.2804
907,6,2,19,3.5,1.13235
908,6,2,20,3.5,0.907608
909,6,2,21,3.5,0.890136
910,6,2,22,3.5,0.98745
911,6,2,23,3.5,0.820976
912,6,3,0,3.5,0.931632
913,6,3,1,3.5,0.9528
914,6,3,2,3.5,0.94965
915,6,3,3,3.5,0.82316
916,6,3,4,3.5,0.787488
917,6,3,5,3.5,0.638248
918,6,3,6,3.5,0.765648
919,6,3,7,3.5,0.889408
920,6,3,8,3.5,1.4085
921,6,3,9,3.5,1.717266
922,6,3,10,3.5,2.153042
923,6,3,11,3.5,2.258272
924,6,3,12,3.5,2.192658
925,6,3,13,3.5,2.396928
926,6,3,14,3.5,2.396928
927,6,3,15,3.5,2.755948
928,6,3,16,3.5,2.975074
929,6,3,17,3.5,2.586342
930,6,3,18,3.5,1.872016
931,6,3,19,3.5,1.484522
932,6,3,20,3.5,1.574896
933,6,3,21,3.5,1.810116
934,6,3,22,3.5,1.815068
935,6,3,23,3.5,1.989626
936,6,4,0,3.5,1.80145
937,6,4,1,3.5,1.55385
938,6,4,2,3.5,1.3812
939,6,4,3,3.5,1.35705
940,6,4,4,3.5,1.34655
941,6,4,5,3.5,1.24995
942,6,4,6,3.5,1.23945
943,6,4,7,3.5,1.43895
944,6,4,8,3.5,2.113426
945,6,4,9,3.5,2.443972
946,6,4,10,3.5,2.633386
947,6,4,11,3.5,2.854988
948,6,4,12,3.5,2.82899
949,6,4,13,3.5,2.801754
950,6,4,14,3.5,2.763376
951,6,4,15,3.5,2.502158
952,6,4,16,3.5,2.330076
953,6,4,17,3.5,1.86335
954,6,4,18,3.5,1.692506
955,6,4,19,3.5,1.639272
956,6,4,20,3.5,1.879444
957,6,4,21,3.5,1.713552
958,6,4,22,3.5,1.867064
959,6,4,23,3.5,1.732122
960,6,5,0,3.5,1.66527
961,6,5,1,3.5,1.33605
962,6,5,2,3.5,1.21845
963,6,5,3,3.5,1.07985
964,6,5,4,3.5,0.871208
965,6,5,5,3.5,0.813696
966,6,5,6,3.5,0.978
967,6,5,7,3.5,1.2258
968,6,5,8,3.5,1.896776
969,6,5,9,3.5,2.38331
970,6,5,10,3.5,2.576438
971,6,5,11,3.5,2.852512
972,6,5,12,3.5,2.722522
973,6,5,13,3.5,3.105064
974,6,5,14,3.5,2.916888
975,6,5,15,3.5,2.676716
976,6,5,16,3.5,2.780708
977,6,5,17,3.5,2.112188
978,6,5,18,3.5,1.932678
979,6,5,19,3.5,1.846018
980,6,5,20,3.5,1.97477
981,6,5,21,3.5,1.959914
982,6,5,22,3.5,1.989626
983,6,5,23,3.5,1.651652
984,6,6,0,3.5,1.3854
985,6,6,1,3.5,1.0809
986,6,6,2,3.5,0.9528
987,6,6,3,3.5,0.834808
988,6,6,4,3.5,0.791856
989,6,6,5,3.5,0.70304
990,6,6,6,3.5,0.890136
991,6,6,7,3.5,0.897416
992,6,6,8,3.5,1.562516
993,6,6,9,3.5,1.99334
994,6,6,10,3.5,2.23475
995,6,6,11,3.5,2.472446
996,6,6,12,3.5,2.332552
997,6,6,13,3.5,2.483588
998,6,6,14,3.5,2.382072
999,6,6,15,3.5,1.977246
1000,6,6,16,3.5,2.057716
1001,6,6,17,3.5,1.582324
1002,6,6,18,3.5,1.2363
1003,6,6,19,3.5,1.15545
1004,6,6,20,3.5,1.4085
1005,6,6,21,3.5,1.1817
1006,6,6,22,3.5,1.19115
1007,6,6,23,3.5,1.146
1008,7,0,0,3.5,1.12185
1009,7,0,1,3.5,1.0599
1010,7,0,2,3.5,1.0977
1011,7,0,3,3.5,0.825344
1012,7,0,4,3.5,0.9801
1013,7,0,5,3.5,1.17015
1014,7,0,6,3.5,0.936
1015,7,0,7,3.5,1.0011
1016,7,0,8,3.5,1.4463
1017,7,0,9,3.5,1.872016
1018,7,0,10,3.5,2.34617
1019,7,0,11,3.5,2.590056
1020,7,0,12,3.5,2.778232
1021,7,0,13,3.5,2.923078
1022,7,0,14,3.5,3.159536
1023,7,0,15,3.5,2.794326
1024,7,0,16,3.5,2.573962
1025,7,0,17,3.5,1.753168
1026,7,0,18,3.5,1.3539
1027,7,0,19,3.5,1.02105
1028,7,0,20,3.5,0.94125
1029,7,0,21,3.5,1.0599
1030,7,0,22,3.5,1.17435
1031,7,0,23,3.5,0.869024
1032,7,1,0,3.5,1.1523
1033,7,1,1,3.5,1.10925
1034,7,1,2,3.5,1.31085
1035,7,1,3,3.5,1.17645
1036,7,1,4,3.5,1.16385
1037,7,1,5,3.5,0.687024
1038,7,1,6,3.5,0.748904
1039,7,1,7,3.5,0.854464
1040,7,1,8,3.5,1.3077
1041,7,1,9,3.5,1.750692
1042,7,1,10,3.5,1.982198
1043,7,1,11,3.5,2.258272
1044,7,1,12,3.5,2.436544
1045,7,1,13,3.5,2.772042
1046,7,1,14,3.5,2.601198
1047,7,1,15,3.5,2.573962
1048,7,1,16,3.5,2.561582
1049,7,1,17,3.5,1.704886
1050,7,1,18,3.5,1.1901
1051,7,1,19,3.5,0.818064
1052,7,1,20,3.5,0.665184
1053,7,1,21,3.5,0.537784
1054,7,1,22,3.5,0.461344
1055,7,1,23,3.5,0.38208
1056,7,2,0,3.5,0.45916
1057,7,2,1,3.5,0.526136
1058,7,2,2,3.5,0.514488
1059,7,2,3,3.5,0.52104
1060,7,2,4,3.5,0.469352
1061,7,2,5,3.5,0.341688
1062,7,2,6,3.5,0.380496
1063,7,2,7,3.5,0.708136
1064,7,2,8,3.5,0.97275
1065,7,2,9,3.5,1.495664
1066,7,2,10,3.5,1.948772
1067,7,2,11,3.5,2.19142
1068,7,2,12,3.5,2.18523
1069,7,2,13,3.5,2.467494
1070,7,2,14,3.5,2.226084
1071,7,2,15,3.5,2.096094
1072,7,2,16,3.5,1.941344
1073,7,2,17,3.5,1.0851
1074,7,2,18,3.5,1.19745
1075,7,2,19,3.5,1.31925
1076,7,2,20,3.5,1.3392
1077,7,2,21,3.5,0.927992
1078,7,2,22,3.5,0.727064
1079,7,2,23,3.5,0.671736
1080,7,3,0,3.5,0.598208
1081,7,3,1,3.5,0.531232
1082,7,3,2,3.5,0.545064
1083,7,3,3,3.5,0.643344
1084,7,3,4,3.5,0.689208
1085,7,3,5,3.5,0.713232
1086,7,3,6,3.5,0.584376
1087,7,3,7,3.5,0.890864
1088,7,3,8,3.5,1.40535
1089,7,3,9,3.5,1.93144
1090,7,3,10,3.5,2.424164
1091,7,3,11,3.5,2.814134
1092,7,3,12,3.5,2.827752
1093,7,3,13,3.5,3.111254
1094,7,3,14,3.5,2.85375
1095,7,3,15,3.5,2.5133
1096,7,3,16,3.5,2.552916
1097,7,3,17,3.5,1.928964
1098,7,3,18,3.5,1.2573
1099,7,3,19,3.5,0.9759
1100,7,3,20,3.5,0.585832
1101,7,3,21,3.5,0.61204
1102,7,3,22,3.5,1.0242
1103,7,3,23,3.5,1.0221
1104,7,4,0,3.5,1.39485
1105,7,4,1,3.5,1.3539
1106,7,4,2,3.5,1.37385
1107,7,4,3,3.5,1.2594
1108,7,4,4,3.5,1.0914
1109,7,4,5,3.5,0.775112
1110,7,4,6,3.5,0.820976
1111,7,4,7,3.5,0.913432
1112,7,4,8,3.5,1.781642
1113,7,4,9,3.5,2.33379
1114,7,4,10,3.5,2.71138
1115,7,4,11,3.5,2.869844
1116,7,4,12,3.5,2.852512
1117,7,4,13,3.5,3.5
1118,7,4,14,3.5,2.98993
1119,7,4,15,3.5,3.010976
1120,7,4,16,3.5,2.999834
1121,7,4,17,3.5,2.561582
1122,7,4,18,3.5,1.97477
1123,7,4,19,3.5,1.569944
1124,7,4,20,3.5,1.664032
1125,7,4,21,3.5,1.2993
1126,7,4,22,3.5,1.28775
1127,7,4,23,3.5,1.2531
1128,7,5,0,3.5,1.38435
1129,7,5,1,3.5,1.3224
1130,7,5,2,3.5,1.18485
1131,7,5,3,3.5,0.756184
1132,7,5,4,3.5,0.81588
1133,7,5,5,3.5,0.76856
1134,7,5,6,3.5,0.904696
1135,7,5,7,3.5,1.00005
1136,7,5,8,3.5,1.6467
1137,7,5,9,3.5,1.916584
1138,7,5,10,3.5,2.435306
1139,7,5,11,3.5,2.363502
1140,7,5,12,3.5,2.292936
1141,7,5,13,3.5,2.291698
1142,7,5,14,3.5,2.208752
1143,7,5,15,3.5,1.994578
1144,7,5,16,3.5,1.933916
1145,7,5,17,3.5,1.3854
1146,7,5,18,3.5,0.9423
1147,7,5,19,3.5,0.849368
1148,7,5,20,3.5,0.98325
1149,7,5,21,3.5,0.896688
1150,7,5,22,3.5,0.82316
1151,7,5,23,3.5,0.602576
1152,7,6,0,3.5,0.605488
1153,7,6,1,3.5,0.663
1154,7,6,2,3.5,0.721968
1155,7,6,3,3.5,0.690664
1156,7,6,4,3.5,0.645528
1157,7,6,5,3.5,0.605488
1158,7,6,6,3.5,0.650624
1159,7,6,7,3.5,0.897416
1160,7,6,8,3.5,1.41165
1161,7,6,9,3.5,1.889348
1162,7,6,10,3.5,2.18523
1163,7,6,11,3.5,2.356074
1164,7,6,12,3.5,2.139424
1165,7,6,13,3.5,2.54425
1166,7,6,14,3.5,2.65567
1167,7,6,15,3.5,2.51949
1168,7,6,16,3.5,2.153042
1169,7,6,17,3.5,1.44315
1170,7,6,18,3.5,1.1397
1171,7,6,19,3.5,0.9423
1172,7,6,20,3.5,0.803504
1173,7,6,21,3.5,1.0494
1174,7,6,22,3.5,1.06725
1175,7,6,23,3.5,1.1565
1176,8,0,0,3.5,0.889408
1177,8,0,1,3.5,0.6812
1178,8,0,2,3.5,0.456976
1179,8,0,3,3.5,0.32862
1180,8,0,4,3.5,0.346836
1181,8,0,5,3.5,0.315156
1182,8,0,6,3.5,0.43732
1183,8,0,7,3.5,0.798408
1184,8,0,8,3.5,1.37385
1185,8,0,9,3.5,2.034194
1186,8,0,10,3.5,2.452638
1187,8,0,11,3.5,2.809182
1188,8,0,12,3.5,2.623482
1189,8,0,13,3.5,2.830228
1190,8,0,14,3.5,2.55044
1191,8,0,15,3.5,2.503396
1192,8,0,16,3.5,2.304078
1193,8,0,17,3.5,1.785356
1194,8,0,18,3.5,1.21635
1195,8,0,19,3.5,0.95175
1196,8,0,20,3.5,0.895232
1197,8,0,21,3.5,0.827528
1198,8,0,22,3.5,1.23945
1199,8,0,23,3.5,1.43055
1200,8,1,0,3.5,1.75812
1201,8,1,1,3.5,1.680126
1202,8,1,2,3.5,1.904204
1203,8,1,3,3.5,0.99795
1204,8,1,4,3.5,1.16595
1205,8,1,5,3.5,0.931632
1206,8,1,6,3.5,0.94125
1207,8,1,7,3.5,0.914888
1208,8,1,8,3.5,1.3749
1209,8,1,9,3.5,1.693744
1210,8,1,10,3.5,2.227322
1211,8,1,11,3.5,2.46997
1212,8,1,12,3.5,2.54425
1213,8,1,13,3.5,2.633386
1214,8,1,14,3.5,2.945362
1215,8,1,15,3.5,2.700238
1216,8,1,16,3.5,2.40188
1217,8,1,17,3.5,1.769262
1218,8,1,18,3.5,1.1565
1219,8,1,19,3.5,0.9948
1220,8,1,20,3.5,0.693576
1221,8,1,21,3.5,0.735072
1222,8,1,22,3.5,0.732888
1223,8,1,23,3.5,0.63388
1224,8,2,0,3.5,0.623688
1225,8,2,1,3.5,0.725608
1226,8,2,2,3.5,0.616408
1227,8,2,3,3.5,0.907608
1228,8,2,4,3.5,0.600392
1229,8,2,5,3.5,0.749632
1230,8,2,6,3.5,0.602576
1231,8,2,7,3.5,0.799136
1232,8,2,8,3.5,1.25625
1233,8,2,9,3.5,2.510824
1234,8,2,10,3.5,3.334094
1235,8,2,11,3.5,3.5
1236,8,2,12,3.5,3.5
1237,8,2,13,3.5,3.496272
1238,8,2,14,3.5,2.923078
1239,8,2,15,3.5,2.648242
1240,8,2,16,3.5,2.609864
1241,8,2,17,3.5,1.744502
1242,8,2,18,3.5,1.39485
1243,8,2,19,3.5,1.0284
1244,8,2,20,3.5,0.88504
1245,8,2,21,3.5,0.758368
1246,8,2,22,3.5,0.763464
1247,8,2,23,3.5,0.890136
1248,8,3,0,3.5,0.9654
1249,8,3,1,3.5,0.82316
1250,8,3,2,3.5,0.762736
1251,8,3,3,3.5,0.909064
1252,8,3,4,3.5,0.878488
1253,8,3,5,3.5,0.79404
1254,8,3,6,3.5,1.06095
1255,8,3,7,3.5,1.28775
1256,8,3,8,3.5,2.03048
1257,8,3,9,3.5,2.411784
1258,8,3,10,3.5,3.105064
1259,8,3,11,3.5,3.259814
1260,8,3,12,3.5,3.5
1261,8,3,13,3.5,3.457894
1262,8,3,14,3.5,3.134776
1263,8,3,15,3.5,2.98374
1264,8,3,16,3.5,2.622244
1265,8,3,17,3.5,2.18523
1266,8,3,18,3.5,1.484522
1267,8,3,19,3.5,1.56623
1268,8,3,20,3.5,1.42635
1269,8,3,21,3.5,1.32975
1270,8,3,22,3.5,1.25625
1271,8,3,23,3.5,1.23315
1272,8,4,0,3.5,1.0431
1273,8,4,1,3.5,0.882856
1274,8,4,2,3.5,0.791856
1275,8,4,3,3.5,0.662272
1276,8,4,4,3.5,0.70304
1277,8,4,5,3.5,0.614952
1278,8,4,6,3.5,0.715416
1279,8,4,7,3.5,0.9696
1280,8,4,8,3.5,1.99334
1281,8,4,9,3.5,2.633386
1282,8,4,10,3.5,3.010976
1283,8,4,11,3.5,3.27467
1284,8,4,12,3.5,3.143442
1285,8,4,13,3.5,3.295716
1286,8,4,14,3.5,3.368758
1287,8,4,15,3.5,3.046878
1288,8,4,16,3.5,2.941648
1289,8,4,17,3.5,2.054002
1290,8,4,18,3.5,1.4295
1291,8,4,19,3.5,1.07355
1292,8,4,20,3.5,1.1775
1293,8,4,21,3.5,1.00845
1294,8,4,22,3.5,1.09455
1295,8,4,23,3.5,1.30875
1296,8,5,0,3.5,1.484522
1297,8,5,1,3.5,1.836114
1298,8,5,2,3.5,2.087428
1299,8,5,3,3.5,1.86335
1300,8,5,4,3.5,2.18523
1301,8,5,5,3.5,2.310268
1302,8,5,6,3.5,2.338742
1303,8,5,7,3.5,2.453876
1304,8,5,8,3.5,3.350188
1305,8,5,9,3.5,3.5
1306,8,5,10,3.5,3.5
1307,8,5,11,3.5,3.5
1308,8,5,12,3.5,3.5
1309,8,5,13,3.5,3.5
1310,8,5,14,3.5,3.5
1311,8,5,15,3.5,3.5
1312,8,5,16,3.5,3.03326
1313,8,5,17,3.5,2.535584
1314,8,5,18,3.5,2.161708
1315,8,5,19,3.5,1.73336
1316,8,5,20,3.5,1.4358
1317,8,5,21,3.5,0.925808
1318,8,5,22,3.5,0.89232
1319,8,5,23,3.5,1.0158
1320,8,6,0,3.5,0.857376
1321,8,6,1,3.5,0.846456
1322,8,6,2,3.5,0.745992
1323,8,6,3,3.5,0.471536
1324,8,6,4,3.5,0.555256
1325,8,6,5,3.5,0.521768
1326,8,6,6,3.5,0.665184
1327,8,6,7,3.5,0.80132
1328,8,6,8,3.5,1.2846
1329,8,6,9,3.5,1.760596
1330,8,6,10,3.5,1.96239
1331,8,6,11,3.5,2.348646
1332,8,6,12,3.5,2.249606
1333,8,6,13,3.5,2.658146
1334,8,6,14,3.5,2.540536
1335,8,6,15,3.5,2.429116
1336,8,6,16,3.5,2.33998
1337,8,6,17,3.5,1.82621
1338,8,6,18,3.5,1.34655
1339,8,6,19,3.5,1.31925
1340,8,6,20,3.5,1.24575
1341,8,6,21,3.5,1.04205
1342,8,6,22,3.5,0.94125
1343,8,6,23,3.5,0.875576
1344,9,0,0,3.5,0.849368
1345,9,0,1,3.5,0.798408
1346,9,0,2,3.5,0.748904
1347,9,0,3,3.5,0.791128
1348,9,0,4,3.5,0.839176
1349,9,0,5,3.5,0.70304
1350,9,0,6,3.5,0.736528
1351,9,0,7,3.5,0.911976
1352,9,0,8,3.5,1.4043
1353,9,0,9,3.5,2.014386
1354,9,0,10,3.5,2.4514
1355,9,0,11,3.5,2.737378
1356,9,0,12,3.5,2.950314
1357,9,0,13,3.5,2.772042
1358,9,0,14,3.5,2.721284
1359,9,0,15,3.5,2.53806
1360,9,0,16,3.5,2.571486
1361,9,0,17,3.5,1.953724
1362,9,0,18,3.5,1.4358
1363,9,0,19,3.5,1.05255
1364,9,0,20,3.5,0.80132
1365,9,0,21,3.5,0.41184
1366,9,0,22,3.5,0.319512
1367,9,0,23,3.5,0.2712
1368,9,1,0,3.5,0.325848
1369,9,1,1,3.5,0.50284
1370,9,1,2,3.5,0.68848
1371,9,1,3,3.5,0.51012
1372,9,1,4,3.5,0.526864
1373,9,1,5,3.5,0.623688
1374,9,1,6,3.5,0.813696
1375,9,1,7,3.5,1.0074
1376,9,1,8,3.5,1.68384
1377,9,1,9,3.5,2.076286
1378,9,1,10,3.5,2.382072
1379,9,1,11,3.5,2.275604
1380,9,1,12,3.5,2.62472
1381,9,1,13,3.5,2.573962
1382,9,1,14,3.5,2.975074
1383,9,1,15,3.5,2.80423
1384,9,1,16,3.5,2.77328
1385,9,1,17,3.5,2.206276
1386,9,1,18,3.5,1.81383
1387,9,1,19,3.5,1.589752
1388,9,1,20,3.5,1.26255
1389,9,1,21,3.5,1.14285
1390,9,1,22,3.5,1.05255
1391,9,1,23,3.5,1.38015
1392,9,2,0,3.5,1.45995
1393,9,2,1,3.5,1.737074
1394,9,2,2,3.5,1.31085
1395,9,2,3,3.5,0.816608
1396,9,2,4,3.5,0.909064
1397,9,2,5,3.5,0.9381
1398,9,2,6,3.5,1.00845
1399,9,2,7,3.5,1.21425
1400,9,2,8,3.5,1.725932
1401,9,2,9,3.5,2.1419
1402,9,2,10,3.5,2.347408
1403,9,2,11,3.5,2.526918
1404,9,2,12,3.5,2.551678
1405,9,2,13,3.5,2.515776
1406,9,2,14,3.5,2.424164
1407,9,2,15,3.5,2.58758
1408,9,2,16,3.5,2.375882
1409,9,2,17,3.5,1.647938
1410,9,2,18,3.5,1.1355
1411,9,2,19,3.5,0.880672
1412,9,2,20,3.5,0.645528
1413,9,2,21,3.5,0.584376
1414,9,2,22,3.5,0.789672
1415,9,2,23,3.5,1.21215
1416,9,3,0,3.5,0.815152
1417,9,3,1,3.5,0.553072
1418,9,3,2,3.5,0.502112
1419,9,3,3,3.5,0.521768
1420,9,3,4,3.5,0.569088
1421,9,3,5,3.5,0.856648
1422,9,3,6,3.5,1.1985
1423,9,3,7,3.5,1.3539
1424,9,3,8,3.5,1.932678
1425,9,3,9,3.5,1.985912
1426,9,3,10,3.5,2.112188
1427,9,3,11,3.5,2.323886
1428,9,3,12,3.5,3.032022
1429,9,3,13,3.5,2.942886
1430,9,3,14,3.5,2.489778
1431,9,3,15,3.5,2.483588
1432,9,3,16,3.5,2.801754
1433,9,3,17,3.5,2.322648
1434,9,3,18,3.5,2.101046
1435,9,3,19,3.5,1.982198
1436,9,3,20,3.5,1.712314
1437,9,3,21,3.5,1.4064
1438,9,3,22,3.5,1.12815
1439,9,3,23,3.5,0.96645
1440,9,4,0,3.5,1.07775
1441,9,4,1,3.5,0.95385
1442,9,4,2,3.5,1.31925
1443,9,4,3,3.5,1.16595
1444,9,4,4,3.5,1.557564
1445,9,4,5,3.5,1.469666
1446,9,4,6,3.5,1.47338
1447,9,4,7,3.5,1.526614
1448,9,4,8,3.5,2.258272
1449,9,4,9,3.5,2.840132
1450,9,4,10,3.5,3.023356
1451,9,4,11,3.5,2.931744
1452,9,4,12,3.5,2.991168
1453,9,4,13,3.5,3.278384
1454,9,4,14,3.5,3.5
1455,9,4,15,3.5,3.5
1456,9,4,16,3.5,3.5
1457,9,4,17,3.5,2.838894
1458,9,4,18,3.5,2.11714
1459,9,4,19,3.5,1.836114
1460,9,4,20,3.5,1.765548
1461,9,4,21,3.5,1.582324
1462,9,4,22,3.5,1.598418
1463,9,4,23,3.5,1.548898
1464,9,5,0,3.5,1.536518
1465,9,5,1,3.5,1.64051
1466,9,5,2,3.5,1.594704
1467,9,5,3,3.5,1.22895
1468,9,5,4,3.5,1.2006
1469,9,5,5,3.5,1.00845
1470,9,5,6,3.5,0.866112
1471,9,5,7,3.5,0.9864
1472,9,5,8,3.5,1.582324
1473,9,5,9,3.5,2.380834
1474,9,5,10,3.5,3.040688
1475,9,5,11,3.5,3.006024
1476,9,5,12,3.5,3.05183
1477,9,5,13,3.5,3.054306
1478,9,5,14,3.5,2.960218
1479,9,5,15,3.5,2.772042
1480,9,5,16,3.5,2.49473
1481,9,5,17,3.5,1.889348
1482,9,5,18,3.5,1.712314
1483,9,5,19,3.5,1.582324
1484,9,5,20,3.5,1.712314
1485,9,5,21,3.5,1.50433
1486,9,5,22,3.5,1.626892
1487,9,5,23,3.5,1.34235
1488,9,6,0,3.5,1.2951
1489,9,6,1,3.5,1.32555
1490,9,6,2,3.5,1.44315
1491,9,6,3,3.5,1.26675
1492,9,6,4,3.5,1.39905
1493,9,6,5,3.5,1.3224
1494,9,6,6,3.5,1.2405
1495,9,6,7,3.5,1.31085
1496,9,6,8,3.5,1.99334
1497,9,6,9,3.5,2.783184
1498,9,6,10,3.5,3.190486
1499,9,6,11,3.5,3.006024
1500,9,6,12,3.5,3.030784
1501,9,6,13,3.5,3.112492
1502,9,6,14,3.5,2.936696
1503,9,6,15,3.5,2.673002
1504,9,6,16,3.5,2.348646
1505,9,6,17,3.5,1.569944
1506,9,6,18,3.5,0.930904
1507,9,6,19,3.5,0.85956
1508,9,6,20,3.5,0.88504
1509,9,6,21,3.5,0.85228
1510,9,6,22,3.5,0.813696
1511,9,6,23,3.5,0.789672
1512,10,0,0,3.5,0.911976
1513,10,0,1,3.5,0.97695
1514,10,0,2,3.5,1.1019
1515,10,0,3,3.5,0.889408
1516,10,0,4,3.5,0.875576
1517,10,0,5,3.5,0.935272
1518,10,0,6,3.5,0.916344
1519,10,0,7,3.5,1.0326
1520,10,0,8,3.5,1.635558
1521,10,0,9,3.5,2.305316
1522,10,0,10,3.5,2.910698
1523,10,0,11,3.5,2.665574
1524,10,0,12,3.5,2.691572
1525,10,0,13,3.5,3.0085
1526,10,0,14,3.5,3.16944
1527,10,0,15,3.5,2.852512
1528,10,0,16,3.5,2.342456
1529,10,0,17,3.5,1.607084
1530,10,0,18,3.5,1.18695
1531,10,0,19,3.5,0.933088
1532,10,0,20,3.5,0.775112
1533,10,0,21,3.5,0.748176
1534,10,0,22,3.5,0.73216
1535,10,0,23,3.5,0.748904
1536,10,1,0,3.5,0.849368
1537,10,1,1,3.5,0.85956
1538,10,1,2,3.5,0.831896
1539,10,1,3,3.5,0.711048
1540,10,1,4,3.5,0.839176
1541,10,1,5,3.5,0.9486
1542,10,1,6,3.5,1.22475
1543,10,1,7,3.5,1.477094
1544,10,1,8,3.5,2.155518
1545,10,1,9,3.5,2.529394
1546,10,1,10,3.5,2.628434
1547,10,1,11,3.5,2.49473
1548,10,1,12,3.5,2.42664
1549,10,1,13,3.5,2.486064
1550,10,1,14,3.5,2.567772
1551,10,1,15,3.5,2.504634
1552,10,1,16,3.5,2.183992
1553,10,1,17,3.5,1.593466
1554,10,1,18,3.5,1.0389
1555,10,1,19,3.5,0.856648
1556,10,1,20,3.5,0.643344
1557,10,1,21,3.5,0.61204
1558,10,1,22,3.5,0.772928
1559,10,1,23,3.5,0.725608
1560,10,2,0,3.5,0.781664
1561,10,2,1,3.5,1.2804
1562,10,2,2,3.5,1.52909
1563,10,2,3,3.5,1.31505
1564,10,2,4,3.5,1.32345
1565,10,2,5,3.5,1.1712
1566,10,2,6,3.5,1.44
1567,10,2,7,3.5,1.24995
1568,10,2,8,3.5,2.047812
1569,10,2,9,3.5,2.421688
1570,10,2,10,3.5,2.783184
1571,10,2,11,3.5,2.980026
1572,10,2,12,3.5,3.16325
1573,10,2,13,3.5,2.84756
1574,10,2,14,3.5,3.145918
1575,10,2,15,3.5,3.21277
1576,10,2,16,3.5,3.024594
1577,10,2,17,3.5,2.227322
1578,10,2,18,3.5,1.38435
1579,10,2,19,3.5,1.30875
1580,10,2,20,3.5,1.750692
1581,10,2,21,3.5,1.3812
1582,10,2,22,3.5,1.509282
1583,10,2,23,3.5,0.91416
1584,10,3,0,3.5,0.96015
1585,10,3,1,3.5,1.2636
1586,10,3,2,3.5,1.3707
1587,10,3,3,3.5,1.16385
1588,10,3,4,3.5,1.30455
1589,10,3,5,3.5,1.2573
1590,10,3,6,3.5,1.49195
1591,10,3,7,3.5,1.558802
1592,10,3,8,3.5,2.193896
1593,10,3,9,3.5,2.715094
1594,10,3,10,3.5,3.168202
1595,10,3,11,3.5,3.5
1596,10,3,12,3.5,3.5
1597,10,3,13,3.5,3.5
1598,10,3,14,3.5,3.5
1599,10,3,15,3.5,3.195438
1600,10,3,16,3.5,2.991168
1601,10,3,17,3.5,2.041622
1602,10,3,18,3.5,1.47957
1603,10,3,19,3.5,1.496902
1604,10,3,20,3.5,1.489474
1605,10,3,21,3.5,1.586038
1606,10,3,22,3.5,1.781642
1607,10,3,23,3.5,1.806402
1608,10,4,0,3.5,1.797736
1609,10,4,1,3.5,1.891824
1610,10,4,2,3.5,2.0181
1611,10,4,3,3.5,1.62194
1612,10,4,4,3.5,1.537756
1613,10,4,5,3.5,1.23525
1614,10,4,6,3.5,1.14705
1615,10,4,7,3.5,1.28775
1616,10,4,8,3.5,1.860874
1617,10,4,9,3.5,2.21618
1618,10,4,10,3.5,2.763376
1619,10,4,11,3.5,2.893366
1620,10,4,12,3.5,3.077828
1621,10,4,13,3.5,2.980026
1622,10,4,14,3.5,2.685382
1623,10,4,15,3.5,2.489778
1624,10,4,16,3.5,2.64948
1625,10,4,17,3.5,1.790308
1626,10,4,18,3.5,1.464714
1627,10,4,19,3.5,1.461
1628,10,4,20,3.5,1.85097
1629,10,4,21,3.5,1.650414
1630,10,4,22,3.5,2.331314
1631,10,4,23,3.5,2.21618
1632,10,5,0,3.5,1.972294
1633,10,5,1,3.5,2.218656
1634,10,5,2,3.5,2.46997
1635,10,5,3,3.5,1.927726
1636,10,5,4,3.5,1.83859
1637,10,5,5,3.5,1.62194
1638,10,5,6,3.5,1.667746
1639,10,5,7,3.5,1.766786
1640,10,5,8,3.5,2.297888
1641,10,5,9,3.5,2.486064
1642,10,5,10,3.5,2.738616
1643,10,5,11,3.5,2.676716
1644,10,5,12,3.5,2.58758
1645,10,5,13,3.5,2.554154
1646,10,5,14,3.5,2.560344
1647,10,5,15,3.5,2.529394
1648,10,5,16,3.5,2.231036
1649,10,5,17,3.5,1.36335
1650,10,5,18,3.5,0.81588
1651,10,5,19,3.5,0.402376
1652,10,5,20,3.5,0.298524
1653,10,5,21,3.5,0.379308
1654,10,5,22,3.5,0.355944
1655,10,5,23,3.5,0.376536
1656,10,6,0,3.5,0.406744
1657,10,6,1,3.5,0.427856
1658,10,6,2,3.5,0.381684
1659,10,6,3,3.5,0.421304
1660,10,6,4,3.5,0.569088
1661,10,6,5,3.5,0.847184
1662,10,6,6,3.5,0.831896
1663,10,6,7,3.5,0.94545
1664,10,6,8,3.5,0.749632
1665,10,6,9,3.5,0.933816
1666,10,6,10,3.5,1.33605
1667,10,6,11,3.5,1.688792
1668,10,6,12,3.5,1.916584
1669,10,6,13,3.5,2.119616
1670,10,6,14,3.5,2.289222
1671,10,6,15,3.5,2.380834
1672,10,6,16,3.5,2.576438
1673,10,6,17,3.5,2.361026
1674,10,6,18,3.5,1.839828
1675,10,6,19,3.5,1.681364
1676,10,6,20,3.5,1.4442
1677,10,6,21,3.5,1.3707
1678,10,6,22,3.5,1.583562
1679,10,6,23,3.5,1.651652
1680,11,0,0,3.5,1.811354
1681,11,0,1,3.5,2.06762
1682,11,0,2,3.5,2.285508
1683,11,0,3,3.5,2.010672
1684,11,0,4,3.5,1.973532
1685,11,0,5,3.5,1.744502
1686,11,0,6,3.5,1.907918
1687,11,0,7,3.5,2.031718
1688,11,0,8,3.5,2.786898
1689,11,0,9,3.5,3.066686
1690,11,0,10,3.5,3.5
1691,11,0,11,3.5,3.5
1692,11,0,12,3.5,3.5
1693,11,0,13,3.5,3.5
1694,11,0,14,3.5,3.5
1695,11,0,15,3.5,3.477702
1696,11,0,16,3.5,3.168202
1697,11,0,17,3.5,2.249606
1698,11,0,18,3.5,1.43895
1699,11,0,19,3.5,1.167
1700,11,0,20,3.5,0.770744
1701,11,0,21,3.5,0.537784
1702,11,0,22,3.5,0.571272
1703,11,0,23,3.5,0.493376
1704,11,1,0,3.5,0.583648
1705,11,1,1,3.5,0.721968
1706,11,1,2,3.5,0.863928
1707,11,1,3,3.5,0.741624
1708,11,1,4,3.5,0.73216
1709,11,1,5,3.5,0.676832
1710,11,1,6,3.5,0.684112
1711,11,1,7,3.5,1.2153
1712,11,1,8,3.5,2.075048
1713,11,1,9,3.5,2.551678
1714,11,1,10,3.5,3.0704
1715,11,1,11,3.5,3.384852
1716,11,1,12,3.5,3.449228
1717,11,1,13,3.5,3.5
1718,11,1,14,3.5,3.5
1719,11,1,15,3.5,3.5
1720,11,1,16,3.5,3.16944
1721,11,1,17,3.5,2.274366
1722,11,1,18,3.5,1.2258
1723,11,1,19,3.5,0.854464
1724,11,1,20,3.5,0.71032
1725,11,1,21,3.5,0.890136
1726,11,1,22,3.5,0.789672
1727,11,1,23,3.5,0.788944
1728,11,2,0,3.5,0.742352
1729,11,2,1,3.5,0.80132
1730,11,2,2,3.5,0.8086
1731,11,2,3,3.5,0.641888
1732,11,2,4,3.5,0.645528
1733,11,2,5,3.5,0.86684
1734,11,2,6,3.5,0.99165
1735,11,2,7,3.5,1.02945
1736,11,2,8,3.5,1.489474
1737,11,2,9,3.5,2.23475
1738,11,2,10,3.5,2.55044
1739,11,2,11,3.5,2.902032
1740,11,2,12,3.5,3.105064
1741,11,2,13,3.5,3.13849
1742,11,2,14,3.5,3.090208
1743,11,2,15,3.5,3.062972
1744,11,2,16,3.5,2.64948
1745,11,2,17,3.5,1.737074
1746,11,2,18,3.5,1.542708
1747,11,2,19,3.5,1.647938
1748,11,2,20,3.5,1.740788
1749,11,2,21,3.5,1.4463
1750,11,2,22,3.5,1.619464
1751,11,2,23,3.5,1.22475
1752,11,3,0,3.5,1.26675
1753,11,3,1,3.5,1.32555
1754,11,3,2,3.5,1.2846
1755,11,3,3,3.5,0.89232
1756,11,3,4,3.5,0.804232
1757,11,3,5,3.5,0.741624
1758,11,3,6,3.5,0.763464
1759,11,3,7,3.5,0.849368
1760,11,3,8,3.5,1.4085
1761,11,3,9,3.5,1.872016
1762,11,3,10,3.5,2.223608
1763,11,3,11,3.5,2.164184
1764,11,3,12,3.5,2.380834
1765,11,3,13,3.5,3.278384
1766,11,3,14,3.5,3.5
1767,11,3,15,3.5,3.5
1768,11,3,16,3.5,3.023356
1769,11,3,17,3.5,2.109712
1770,11,3,18,3.5,1.815068
1771,11,3,19,3.5,1.781642
1772,11,3,20,3.5,1.794022
1773,11,3,21,3.5,1.4505
1774,11,3,22,3.5,1.4358
1775,11,3,23,3.5,1.09455
1776,11,4,0,3.5,1.1208
1777,11,4,1,3.5,1.482046
1778,11,4,2,3.5,1.7705
1779,11,4,3,3.5,1.623178
1780,11,4,4,3.5,1.895538
1781,11,4,5,3.5,1.977246
1782,11,4,6,3.5,1.83859
1783,11,4,7,3.5,1.805164
1784,11,4,8,3.5,2.039146
1785,11,4,9,3.5,2.663098
1786,11,4,10,3.5,3.47894
1787,11,4,11,3.5,3.5
1788,11,4,12,3.5,3.5
1789,11,4,13,3.5,3.5
1790,11,4,14,3.5,3.5
1791,11,4,15,3.5,3.365044
1792,11,4,16,3.5,2.713856
1793,11,4,17,3.5,1.884396
1794,11,4,18,3.5,1.60337
1795,11,4,19,3.5,1.74574
1796,11,4,20,3.5,1.542708
1797,11,4,21,3.5,1.1145
1798,11,4,22,3.5,1.0284
1799,11,4,23,3.5,1.1712
1800,11,5,0,3.5,1.15755
1801,11,5,1,3.5,1.34235
1802,11,5,2,3.5,1.972294
1803,11,5,3,3.5,1.891824
1804,11,5,4,3.5,1.870778
1805,11,5,5,3.5,1.964866
1806,11,5,6,3.5,1.902966
1807,11,5,7,3.5,1.761834
1808,11,5,8,3.5,2.812896
1809,11,5,9,3.5,3.140966
1810,11,5,10,3.5,3.382376
1811,11,5,11,3.5,3.5
1812,11,5,12,3.5,3.455418
1813,11,5,13,3.5,3.266004
1814,11,5,14,3.5,3.334094
1815,11,5,15,3.5,3.16944
1816,11,5,16,3.5,2.764614
1817,11,5,17,3.5,1.99334
1818,11,5,18,3.5,1.63432
1819,11,5,19,3.5,1.651652
1820,11,5,20,3.5,1.44735
1821,11,5,21,3.5,1.3959
1822,11,5,22,3.5,1.569944
1823,11,5,23,3.5,1.4568
1824,11,6,0,3.5,1.43265
1825,11,6,1,3.5,1.512996
1826,11,6,2,3.5,1.52909
1827,11,6,3,3.5,1.13865
1828,11,6,4,3.5,1.1187
1829,11,6,5,3.5,0.90688
1830,11,6,6,3.5,1.1187
1831,11,6,7,3.5,1.26045
1832,11,6,8,3.5,2.1419
1833,11,6,9,3.5,2.64948
1834,11,6,10,3.5,2.980026
1835,11,6,11,3.5,3.097636
1836,11,6,12,3.5,3.1323
1837,11,6,13,3.5,3.263528
1838,11,6,14,3.5,3.277146
1839,11,6,15,3.5,3.112492
1840,11,6,16,3.5,2.699
1841,11,6,17,3.5,1.907918
1842,11,6,18,3.5,1.464714
1843,11,6,19,3.5,1.3602
1844,11,6,20,3.5,1.3182
1845,11,6,21,3.5,1.104
1846,11,6,22,3.5,1.2258
1847,11,6,23,3.5,1.25625
1848,12,0,0,3.5,1.1796
1849,12,0,1,3.5,1.23
1850,12,0,2,3.5,1.3476
1851,12,0,3,3.5,1.18695
1852,12,0,4,3.5,1.3959
1853,12,0,5,3.5,1.514234
1854,12,0,6,3.5,1.681364
1855,12,0,7,3.5,1.774214
1856,12,0,8,3.5,2.24094
1857,12,0,9,3.5,2.877272
1858,12,0,10,3.5,3.283336
1859,12,0,11,3.5,3.210294
1860,12,0,12,3.5,3.282098
1861,12,0,13,3.5,3.26229
1862,12,0,14,3.5,2.994882
1863,12,0,15,3.5,2.49473
1864,12,0,16,3.5,1.978484
1865,12,0,17,3.5,1.125
1866,12,0,18,3.5,0.772928
1867,12,0,19,3.5,0.543608
1868,12,0,20,3.5,0.643344
1869,12,0,21,3.5,0.566904
1870,12,0,22,3.5,0.539968
1871,12,0,23,3.5,0.458432
1872,12,1,0,3.5,0.578552
1873,12,1,1,3.5,0.675376
1874,12,1,2,3.5,0.749632
1875,12,1,3,3.5,0.690664
1876,12,1,4,3.5,0.775112
1877,12,1,5,3.5,0.856648
1878,12,1,6,3.5,1.01895
1879,12,1,7,3.5,1.0158
1880,12,1,8,3.5,1.22895
1881,12,1,9,3.5,1.532804
1882,12,1,10,3.5,1.65908
1883,12,1,11,3.5,1.724694
1884,12,1,12,3.5,1.623178
1885,12,1,13,3.5,2.52568
1886,12,1,14,3.5,2.941648
1887,12,1,15,3.5,2.323886
1888,12,1,16,3.5,2.19142
1889,12,1,17,3.5,1.488236
1890,12,1,18,3.5,1.18485
1891,12,1,19,3.5,1.1439
1892,12,1,20,3.5,0.97065
1893,12,1,21,3.5,0.809328
1894,12,1,22,3.5,0.99795
1895,12,1,23,3.5,0.882856
1896,12,2,0,3.5,0.936
1897,12,2,1,3.5,1.3854
1898,12,2,2,3.5,1.593466
1899,12,2,3,3.5,1.1208
1900,12,2,4,3.5,1.0431
1901,12,2,5,3.5,0.882128
1902,12,2,6,3.5,1.1712
1903,12,2,7,3.5,0.9801
1904,12,2,8,3.5,1.48576
1905,12,2,9,3.5,2.08619
1906,12,2,10,3.5,2.526918
1907,12,2,11,3.5,2.460066
1908,12,2,12,3.5,2.328838
1909,12,2,13,3.5,2.437782
1910,12,2,14,3.5,2.551678
1911,12,2,15,3.5,2.413022
1912,12,2,16,3.5,1.90049
1913,12,2,17,3.5,1.0599
1914,12,2,18,3.5,0.774384
1915,12,2,19,3.5,0.623688
1916,12,2,20,3.5,0.612768
1917,12,2,21,3.5,0.399464
1918,12,2,22,3.5,0.36624
1919,12,2,23,3.5,0.672464
1920,12,3,0,3.5,0.813696
1921,12,3,1,3.5,0.85228
1922,12,3,2,3.5,0.758368
1923,12,3,3,3.5,0.6812
1924,12,3,4,3.5,0.629512
1925,12,3,5,3.5,0.624416
1926,12,3,6,3.5,0.636792
1927,12,3,7,3.5,0.775112
1928,12,3,8,3.5,0.98325
1929,12,3,9,3.5,1.3875
1930,12,3,10,3.5,2.04286
1931,12,3,11,3.5,2.437782
1932,12,3,12,3.5,2.478636
1933,12,3,13,3.5,2.413022
1934,12,3,14,3.5,2.25951
1935,12,3,15,3.5,1.91287
1936,12,3,16,3.5,1.493188
1937,12,3,17,3.5,1.0221
1938,12,3,18,3.5,0.725608
1939,12,3,19,3.5,0.515944
1940,12,3,20,3.5,0.729248
1941,12,3,21,3.5,0.590928
1942,12,3,22,3.5,1.15755
1943,12,3,23,3.5,0.92144
1944,12,4,0,3.5,0.813696
1945,12,4,1,3.5,0.73216
1946,12,4,2,3.5,0.851552
1947,12,4,3,3.5,0.644072
1948,12,4,4,3.5,0.665184
1949,12,4,5,3.5,0.721968
1950,12,4,6,3.5,0.818064
1951,12,4,7,3.5,0.935272
1952,12,4,8,3.5,1.2678
1953,12,4,9,3.5,1.7705
1954,12,4,10,3.5,2.576438
1955,12,4,11,3.5,2.821562
1956,12,4,12,3.5,3.090208
1957,12,4,13,3.5,3.05183
1958,12,4,14,3.5,3.171916
1959,12,4,15,3.5,2.999834
1960,12,4,16,3.5,2.838894
1961,12,4,17,3.5,2.153042
1962,12,4,18,3.5,1.713552
1963,12,4,19,3.5,1.664032
1964,12,4,20,3.5,1.2153
1965,12,4,21,3.5,1.18065
1966,12,4,22,3.5,1.0704
1967,12,4,23,3.5,1.17645
1968,12,5,0,3.5,1.19535
1969,12,5,1,3.5,1.4421
1970,12,5,2,3.5,1.651652
1971,12,5,3,3.5,1.2888
1972,12,5,4,3.5,1.3959
1973,12,5,5,3.5,1.4022
1974,12,5,6,3.5,1.3434
1975,12,5,7,3.5,1.3287
1976,12,5,8,3.5,1.66527
1977,12,5,9,3.5,2.224846
1978,12,5,10,3.5,2.502158
1979,12,5,11,3.5,2.53806
1980,12,5,12,3.5,2.687858
1981,12,5,13,3.5,3.038212
1982,12,5,14,3.5,3.071638
1983,12,5,15,3.5,2.774518
1984,12,5,16,3.5,2.510824
1985,12,5,17,3.5,1.899252
1986,12,5,18,3.5,1.477094
1987,12,5,19,3.5,1.23945
1988,12,5,20,3.5,1.3833
1989,12,5,21,3.5,1.18065
1990,12,5,22,3.5,1.500616
1991,12,5,23,3.5,1.4358
1992,12,6,0,3.5,1.39905
1993,12,6,1,3.5,1.36755
1994,12,6,2,3.5,1.41165
1995,12,6,3,3.5,0.935272
1996,12,6,4,3.5,0.857376
1997,12,6,5,3.5,0.774384
1998,12,6,6,3.5,0.77584
1999,12,6,7,3.5,0.816608
2000,12,6,8,3.5,1.26045
2001,12,6,9,3.5,1.75812
2002,12,6,10,3.5,2.207514
2003,12,6,11,3.5,2.478636
2004,12,6,12,3.5,2.493492
2005,12,6,13,3.5,2.567772
2006,12,6,14,3.5,2.712618
2007,12,6,15,3.5,2.565296
2008,12,6,16,3.5,2.035432
2009,12,6,17,3.5,1.2888
2010,12,6,18,3.5,0.872664
2011,12,6,19,3.5,0.628784
2012,12,6,20,3.5,0.5356
2013,12,6,21,3.5,0.590928
2014,12,6,22,3.5,0.562536
2015,12,6,23,3.5,0.909792
2016,13,0,0,3.5,0.89232
2017,13,0,1,3.5,0.923624
2018,13,0,2,3.5,0.882856
2019,13,0,3,3.5,0.595296
2020,13,0,4,3.5,0.571272
2021,13,0,5,3.5,0.516672
2022,13,0,6,3.5,0.63388
2023,13,0,7,3.5,0.595296
2024,13,0,8,3.5,0.9633
2025,13,0,9,3.5,1.579848
2026,13,0,10,3.5,2.11095
2027,13,0,11,3.5,2.49473
2028,13,0,12,3.5,2.546726
2029,13,0,13,3.5,2.633386
2030,13,0,14,3.5,2.706428
2031,13,0,15,3.5,2.515776
2032,13,0,16,3.5,2.096094
2033,13,0,17,3.5,1.30455
2034,13,0,18,3.5,0.893048
2035,13,0,19,3.5,0.911248
2036,13,0,20,3.5,1.09035
2037,13,0,21,3.5,0.8086
2038,13,0,22,3.5,0.763464
2039,13,0,23,3.5,0.772928
2040,13,1,0,3.5,0.9696
2041,13,1,1,3.5,1.15335
2042,13,1,2,3.5,1.125
2043,13,1,3,3.5,0.9696
2044,13,1,4,3.5,1.15545
2045,13,1,5,3.5,0.90688
2046,13,1,6,3.5,0.753272
2047,13,1,7,3.5,0.736528
2048,13,1,8,3.5,1.12815
2049,13,1,9,3.5,1.525376
2050,13,1,10,3.5,2.143138
2051,13,1,11,3.5,2.633386
2052,13,1,12,3.5,2.78566
2053,13,1,13,3.5,3.01469
2054,13,1,14,3.5,3.007262
2055,13,1,15,3.5,2.535584
2056,13,1,16,3.5,2.250844
2057,13,1,17,3.5,1.4085
2058,13,1,18,3.5,0.9801
2059,13,1,19,3.5,0.930176
2060,13,1,20,3.5,1.2426
2061,13,1,21,3.5,1.13655
2062,13,1,22,3.5,1.3602
2063,13,1,23,3.5,1.2846
2064,13,2,0,3.5,1.14915
2065,13,2,1,3.5,1.15335
2066,13,2,2,3.5,1.12185
2067,13,2,3,3.5,0.9528
2068,13,2,4,3.5,1.04625
2069,13,2,5,3.5,0.930176
2070,13,2,6,3.5,0.9423
2071,13,2,7,3.5,1.1124
2072,13,2,8,3.5,1.512996
2073,13,2,9,3.5,1.984674
2074,13,2,10,3.5,2.54425
2075,13,2,11,3.5,2.738616
2076,13,2,12,3.5,3.087732
2077,13,2,13,3.5,2.926792
2078,13,2,14,3.5,2.73614
2079,13,2,15,3.5,2.338742
2080,13,2,16,3.5,2.136948
2081,13,2,17,3.5,2.134472
2082,13,2,18,3.5,1.982198
2083,13,2,19,3.5,2.143138
2084,13,2,20,3.5,1.973532
2085,13,2,21,3.5,1.681364
2086,13,2,22,3.5,2.202562
2087,13,2,23,3.5,2.461304
2088,13,3,0,3.5,2.050288
2089,13,3,1,3.5,1.932678
2090,13,3,2,3.5,1.75812
2091,13,3,3,3.5,1.1901
2092,13,3,4,3.5,1.125
2093,13,3,5,3.5,1.14915
2094,13,3,6,3.5,1.24575
2095,13,3,7,3.5,1.30875
2096,13,3,8,3.5,1.74574
2097,13,3,9,3.5,2.026766
2098,13,3,10,3.5,2.598722
2099,13,3,11,3.5,2.69281
2100,13,3,12,3.5,2.82899
2101,13,3,13,3.5,2.902032
2102,13,3,14,3.5,2.883462
2103,13,3,15,3.5,2.85994
2104,13,3,16,3.5,2.533108
2105,13,3,17,3.5,1.953724
2106,13,3,18,3.5,1.724694
2107,13,3,19,3.5,1.688792
2108,13,3,20,3.5,1.676412
2109,13,3,21,3.5,1.39485
2110,13,3,22,3.5,1.3749
2111,13,3,23,3.5,1.4463
2112,13,4,0,3.5,1.3182
2113,13,4,1,3.5,1.2636
2114,13,4,2,3.5,1.188
2115,13,4,3,3.5,0.96645
2116,13,4,4,3.5,0.86684
2117,13,4,5,3.5,0.686296
2118,13,4,6,3.5,0.689208
2119,13,4,7,3.5,0.863928
2120,13,4,8,3.5,1.37805
2121,13,4,9,3.5,1.902966
2122,13,4,10,3.5,2.285508
2123,13,4,11,3.5,2.273128
2124,13,4,12,3.5,2.294174
2125,13,4,13,3.5,2.367216
2126,13,4,14,3.5,2.31522
2127,13,4,15,3.5,2.000768
2128,13,4,16,3.5,1.66527
2129,13,4,17,3.5,1.22895
2130,13,4,18,3.5,0.909064
2131,13,4,19,3.5,0.715416
2132,13,4,20,3.5,0.657176
2133,13,4,21,3.5,0.58656
2134,13,4,22,3.5,0.627328
2135,13,4,23,3.5,0.612768
2136,13,5,0,3.5,0.636792
2137,13,5,1,3.5,0.75764
2138,13,5,2,3.5,0.834808
2139,13,5,3,3.5,0.724152
2140,13,5,4,3.5,0.729976
2141,13,5,5,3.5,0.663
2142,13,5,6,3.5,0.7176
2143,13,5,7,3.5,0.839904
2144,13,5,8,3.5,1.17015
2145,13,5,9,3.5,1.51671
2146,13,5,10,3.5,2.037908
2147,13,5,11,3.5,2.193896
2148,13,5,12,3.5,2.628434
2149,13,5,13,3.5,2.744806
2150,13,5,14,3.5,2.738616
2151,13,5,15,3.5,2.739854
2152,13,5,16,3.5,2.280556
2153,13,5,17,3.5,1.811354
2154,13,5,18,3.5,1.3497
2155,13,5,19,3.5,1.12605
2156,13,5,20,3.5,1.0914
2157,13,5,21,3.5,1.26675
2158,13,5,22,3.5,1.17435
2159,13,5,23,3.5,1.209
2160,13,6,0,3.5,1.0452
2161,13,6,1,3.5,1.2489
2162,13,6,2,3.5,1.468428
2163,13,6,3,3.5,1.14915
2164,13,6,4,3.5,1.3056
2165,13,6,5,3.5,1.42635
2166,13,6,6,3.5,1.635558
2167,13,6,7,3.5,1.27095
2168,13,6,8,3.5,1.712314
2169,13,6,9,3.5,2.087428
2170,13,6,10,3.5,2.453876
2171,13,6,11,3.5,2.763376
2172,13,6,12,3.5,2.944124
2173,13,6,13,3.5,2.98374
2174,13,6,14,3.5,2.936696
2175,13,6,15,3.5,2.795564
2176,13,6,16,3.5,2.521966
2177,13,6,17,3.5,2.097332
2178,13,6,18,3.5,1.763072
2179,13,6,19,3.5,1.501854
2180,13,6,20,3.5,1.28775
2181,13,6,21,3.5,1.26255
2182,13,6,22,3.5,1.19535
2183,13,6,23,3.5,1.209
2184,14,0,0,3.5,1.2636
2185,14,0,1,3.5,1.461
2186,14,0,2,3.5,1.61575
2187,14,0,3,3.5,1.42215
2188,14,0,4,3.5,1.630606
2189,14,0,5,3.5,1.794022
2190,14,0,6,3.5,1.848494
2191,14,0,7,3.5,1.982198
2192,14,0,8,3.5,2.518252
2193,14,0,9,3.5,3.040688
2194,14,0,10,3.5,3.37371
2195,14,0,11,3.5,3.5
2196,14,0,12,3.5,3.5
2197,14,0,13,3.5,3.5
2198,14,0,14,3.5,3.49751
2199,14,0,15,3.5,3.001072
2200,14,0,16,3.5,2.941648
2201,14,0,17,3.5,2.405594
2202,14,0,18,3.5,2.269414
2203,14,0,19,3.5,2.242178
2204,14,0,20,3.5,2.28427
2205,14,0,21,3.5,1.927726
2206,14,0,22,3.5,2.223608
2207,14,0,23,3.5,1.829924
2208,14,1,0,3.5,1.680126
2209,14,1,1,3.5,1.51671
2210,14,1,2,3.5,1.630606
2211,14,1,3,3.5,1.3539
2212,14,1,4,3.5,1.2804
2213,14,1,5,3.5,1.1208
2214,14,1,6,3.5,0.923624
2215,14,1,7,3.5,1.0326
2216,14,1,8,3.5,1.42845
2217,14,1,9,3.5,1.941344
2218,14,1,10,3.5,2.337504
2219,14,1,11,3.5,2.46378
2220,14,1,12,3.5,2.446448
2221,14,1,13,3.5,2.690334
2222,14,1,14,3.5,2.59377
2223,14,1,15,3.5,2.682906
2224,14,1,16,3.5,2.567772
2225,14,1,17,3.5,2.16047
2226,14,1,18,3.5,1.82002
2227,14,1,19,3.5,1.60337
2228,14,1,20,3.5,1.4568
2229,14,1,21,3.5,1.19115
2230,14,1,22,3.5,1.0179
2231,14,1,23,3.5,0.9948
2232,14,2,0,3.5,0.9633
2233,14,2,1,3.5,1.1628
2234,14,2,2,3.5,1.1985
2235,14,2,3,3.5,1.05045
2236,14,2,4,3.5,1.1901
2237,14,2,5,3.5,1.24575
2238,14,2,6,3.5,1.2867
2239,14,2,7,3.5,1.34655
2240,14,2,8,3.5,1.662794
2241,14,2,9,3.5,1.928964
2242,14,2,10,3.5,2.535584
2243,14,2,11,3.5,2.973836
2244,14,2,12,3.5,3.29324
2245,14,2,13,3.5,3.5
2246,14,2,14,3.5,3.5
2247,14,2,15,3.5,3.035736
2248,14,2,16,3.5,2.780708
2249,14,2,17,3.5,2.484826
2250,14,2,18,3.5,2.304078
2251,14,2,19,3.5,2.21618
2252,14,2,20,3.5,1.946296
2253,14,2,21,3.5,1.655366
2254,14,2,22,3.5,1.43895
2255,14,2,23,3.5,0.9381
2256,14,3,0,3.5,0.803504
2257,14,3,1,3.5,0.818792
2258,14,3,2,3.5,0.831896
2259,14,3,3,3.5,0.778024
2260,14,3,4,3.5,0.957
2261,14,3,5,3.5,1.167
2262,14,3,6,3.5,1.2405
2263,14,3,7,3.5,1.28775
2264,14,3,8,3.5,1.681364
2265,14,3,9,3.5,2.155518
2266,14,3,10,3.5,2.561582
2267,14,3,11,3.5,2.821562
2268,14,3,12,3.5,3.024594
2269,14,3,13,3.5,3.495034
2270,14,3,14,3.5,3.319238
2271,14,3,15,3.5,2.802992
2272,14,3,16,3.5,2.465018
2273,14,3,17,3.5,1.916584
2274,14,3,18,3.5,1.34235
2275,14,3,19,3.5,1.32345
2276,14,3,20,3.5,1.36335
2277,14,3,21,3.5,1.1817
2278,14,3,22,3.5,1.35915
2279,14,3,23,3.5,1.0179
2280,14,4,0,3.5,1.0011
2281,14,4,1,3.5,0.919256
2282,14,4,2,3.5,0.909064
2283,14,4,3,3.5,0.94125
2284,14,4,4,3.5,1.2405
2285,14,4,5,3.5,1.2405
2286,14,4,6,3.5,1.65908
2287,14,4,7,3.5,1.716028
2288,14,4,8,3.5,2.217418
2289,14,4,9,3.5,2.510824
2290,14,4,10,3.5,2.747282
2291,14,4,11,3.5,2.223608
2292,14,4,12,3.5,2.242178
2293,14,4,13,3.5,2.413022
2294,14,4,14,3.5,2.486064
2295,14,4,15,3.5,2.546726
2296,14,4,16,3.5,2.268176
2297,14,4,17,3.5,1.959914
2298,14,4,18,3.5,1.631844
2299,14,4,19,3.5,1.55385
2300,14,4,20,3.5,1.3014
2301,14,4,21,3.5,1.20165
2302,14,4,22,3.5,1.04625
2303,14,4,23,3.5,1.12185
2304,14,5,0,3.5,1.2321
2305,14,5,1,3.5,1.37805
2306,14,5,2,3.5,1.548898
2307,14,5,3,3.5,1.36755
2308,14,5,4,3.5,1.40535
2309,14,5,5,3.5,1.3917
2310,14,5,6,3.5,1.27095
2311,14,5,7,3.5,1.0977
2312,14,5,8,3.5,1.2951
2313,14,5,9,3.5,1.822496
2314,14,5,10,3.5,1.899252
2315,14,5,11,3.5,2.244654
2316,14,5,12,3.5,2.960218
2317,14,5,13,3.5,3.277146
2318,14,5,14,3.5,3.054306
2319,14,5,15,3.5,2.640814
2320,14,5,16,3.5,2.378358
2321,14,5,17,3.5,2.029242
2322,14,5,18,3.5,1.779166
2323,14,5,19,3.5,1.872016
2324,14,5,20,3.5,1.872016
2325,14,5,21,3.5,1.667746
2326,14,5,22,3.5,2.009434
2327,14,5,23,3.5,2.103522
2328,14,6,0,3.5,2.019338
2329,14,6,1,3.5,2.416736
2330,14,6,2,3.5,2.670526
2331,14,6,3,3.5,2.202562
2332,14,6,4,3.5,1.928964
2333,14,6,5,3.5,1.493188
2334,14,6,6,3.5,1.10715
2335,14,6,7,3.5,0.878488
2336,14,6,8,3.5,1.2048
2337,14,6,9,3.5,1.59099
2338,14,6,10,3.5,2.063906
2339,14,6,11,3.5,2.632148
2340,14,6,12,3.5,2.783184
2341,14,6,13,3.5,2.74852
2342,14,6,14,3.5,2.95898
2343,14,6,15,3.5,2.757186
2344,14,6,16,3.5,1.798974
2345,14,6,17,3.5,1.0914
2346,14,6,18,3.5,0.861744
2347,14,6,19,3.5,0.753272
2348,14,6,20,3.5,0.799864
2349,14,6,21,3.5,0.872664
2350,14,6,22,3.5,1.24995
2351,14,6,23,3.5,1.23
2352,15,0,0,3.5,1.14285
2353,15,0,1,3.5,1.15965
2354,15,0,2,3.5,1.1565
2355,15,0,3,3.5,0.77948
2356,15,0,4,3.5,0.686296
2357,15,0,5,3.5,0.543608
2358,15,0,6,3.5,0.446784
2359,15,0,7,3.5,0.470808
2360,15,0,8,3.5,0.85592
2361,15,0,9,3.5,1.790308
2362,15,0,10,3.5,1.790308
2363,15,0,11,3.5,1.827448
2364,15,0,12,3.5,2.274366
2365,15,0,13,3.5,2.462542
2366,15,0,14,3.5,2.242178
2367,15,0,15,3.5,1.953724
2368,15,0,16,3.5,1.3077
2369,15,0,17,3.5,0.788944
2370,15,0,18,3.5,0.72488
2371,15,0,19,3.5,0.94545
2372,15,0,20,3.5,0.923624
2373,15,0,21,3.5,0.804232
2374,15,0,22,3.5,0.780208
2375,15,0,23,3.5,0.91416
2376,15,1,0,3.5,0.916344
2377,15,1,1,3.5,0.926536
2378,15,1,2,3.5,1.1082
2379,15,1,3,3.5,1.1439
2380,15,1,4,3.5,1.1733
2381,15,1,5,3.5,0.9906
2382,15,1,6,3.5,0.9843
2383,15,1,7,3.5,0.9591
2384,15,1,8,3.5,1.06725
2385,15,1,9,3.5,1.38015
2386,15,1,10,3.5,1.790308
2387,15,1,11,3.5,1.78288
2388,15,1,12,3.5,2.046574
2389,15,1,13,3.5,2.138186
2390,15,1,14,3.5,2.177802
2391,15,1,15,3.5,1.998292
2392,15,1,16,3.5,1.88811
2393,15,1,17,3.5,1.607084
2394,15,1,18,3.5,1.4337
2395,15,1,19,3.5,1.1523
2396,15,1,20,3.5,0.745992
2397,15,1,21,3.5,0.734344
2398,15,1,22,3.5,0.931632
2399,15,1,23,3.5,1.11765
2400,15,2,0,3.5,0.9696
2401,15,2,1,3.5,1.0977
2402,15,2,2,3.5,1.27095
2403,15,2,3,3.5,1.0494
2404,15,2,4,3.5,0.98745
2405,15,2,5,3.5,0.918528
2406,15,2,6,3.5,0.911248
2407,15,2,7,3.5,0.898144
2408,15,2,8,3.5,1.104
2409,15,2,9,3.5,1.38435
2410,15,2,10,3.5,1.973532
2411,15,2,11,3.5,2.443972
2412,15,2,12,3.5,2.601198
2413,15,2,13,3.5,2.80423
2414,15,2,14,3.5,2.74233
2415,15,2,15,3.5,2.598722
2416,15,2,16,3.5,2.169136
2417,15,2,17,3.5,1.791546
2418,15,2,18,3.5,1.586038
2419,15,2,19,3.5,1.40535
2420,15,2,20,3.5,1.1922
2421,15,2,21,3.5,0.805688
2422,15,2,22,3.5,0.72488
2423,15,2,23,3.5,0.73216
2424,15,3,0,3.5,0.73216
2425,15,3,1,3.5,0.749632
2426,15,3,2,3.5,0.850096
2427,15,3,3,3.5,0.775112
2428,15,3,4,3.5,0.97065
2429,15,3,5,3.5,0.9486
2430,15,3,6,3.5,0.98325
2431,15,3,7,3.5,1.04625
2432,15,3,8,3.5,1.31295
2433,15,3,9,3.5,1.59099
2434,15,3,10,3.5,2.13571
2435,15,3,11,3.5,2.508348
2436,15,3,12,3.5,2.77328
2437,15,3,13,3.5,3.032022
2438,15,3,14,3.5,2.902032
2439,15,3,15,3.5,2.536822
2440,15,3,16,3.5,2.249606
2441,15,3,17,3.5,1.858398
2442,15,3,18,3.5,1.12185
2443,15,3,19,3.5,1.0368
2444,15,3,20,3.5,1.0704
2445,15,3,21,3.5,1.16385
2446,15,3,22,3.5,1.2699
2447,15,3,23,3.5,1.44315
2448,15,4,0,3.5,1.44
2449,15,4,1,3.5,1.573658
2450,15,4,2,3.5,1.526614
2451,15,4,3,3.5,1.0809
2452,15,4,4,3.5,0.922896
2453,15,4,5,3.5,0.834808
2454,15,4,6,3.5,0.804232
2455,15,4,7,3.5,1.26465
2456,15,4,8,3.5,1.4526
2457,15,4,9,3.5,1.2048
2458,15,4,10,3.5,1.586038
2459,15,4,11,3.5,2.551678
2460,15,4,12,3.5,3.05183
2461,15,4,13,3.5,2.963932
2462,15,4,14,3.5,2.82899
2463,15,4,15,3.5,2.763376
2464,15,4,16,3.5,2.413022
2465,15,4,17,3.5,1.786594
2466,15,4,18,3.5,1.30455
2467,15,4,19,3.5,1.0662
2468,15,4,20,3.5,0.897416
2469,15,4,21,3.5,0.849368
2470,15,4,22,3.5,0.880672
2471,15,4,23,3.5,0.833352
2472,15,5,0,3.5,0.796224
2473,15,5,1,3.5,0.82316
2474,15,5,2,3.5,0.772928
2475,15,5,3,3.5,0.671736
2476,15,5,4,3.5,0.722696
2477,15,5,5,3.5,0.705224
2478,15,5,6,3.5,0.742352
2479,15,5,7,3.5,0.82316
2480,15,5,8,3.5,0.95595
2481,15,5,9,3.5,1.3287
2482,15,5,10,3.5,1.96239
2483,15,5,11,3.5,2.640814
2484,15,5,12,3.5,2.90327
2485,15,5,13,3.5,3.383614
2486,15,5,14,3.5,3.365044
2487,15,5,15,3.5,2.93422
2488,15,5,16,3.5,2.322648
2489,15,5,17,3.5,1.766786
2490,15,5,18,3.5,1.571182
2491,15,5,19,3.5,1.562516
2492,15,5,20,3.5,1.607084
2493,15,5,21,3.5,1.512996
2494,15,5,22,3.5,1.52909
2495,15,5,23,3.5,1.32555
2496,15,6,0,3.5,1.25625
2497,15,6,1,3.5,1.0977
2498,15,6,2,3.5,1.1355
2499,15,6,3,3.5,0.911248
2500,15,6,4,3.5,1.0704
2501,15,6,5,3.5,1.10505
2502,15,6,6,3.5,1.17015
2503,15,6,7,3.5,1.26045
2504,15,6,8,3.5,1.722218
2505,15,6,9,3.5,2.219894
2506,15,6,10,3.5,2.700238
2507,15,6,11,3.5,2.947838
2508,15,6,12,3.5,3.16944
2509,15,6,13,3.5,3.363806
2510,15,6,14,3.5,3.332856
2511,15,6,15,3.5,3.081542
2512,15,6,16,3.5,3.277146
2513,15,6,17,3.5,2.687858
2514,15,6,18,3.5,2.29046
2515,15,6,19,3.5,2.176564
2516,15,6,20,3.5,2.063906
2517,15,6,21,3.5,1.579848
2518,15,6,22,3.5,1.42635
2519,15,6,23,3.5,1.42215
2520,16,0,0,3.5,1.3959
2521,16,0,1,3.5,1.45785
2522,16,0,2,3.5,1.52909
2523,16,0,3,3.5,1.3014
2524,16,0,4,3.5,1.574896
2525,16,0,5,3.5,1.57861
2526,16,0,6,3.5,1.520424
2527,16,0,7,3.5,1.709838
2528,16,0,8,3.5,2.341218
2529,16,0,9,3.5,2.778232
2530,16,0,10,3.5,3.041926
2531,16,0,11,3.5,3.414564
2532,16,0,12,3.5,3.244958
2533,16,0,13,3.5,3.154584
2534,16,0,14,3.5,2.80423
2535,16,0,15,3.5,2.299126
2536,16,0,16,3.5,1.744502
2537,16,0,17,3.5,1.2846
2538,16,0,18,3.5,0.909064
2539,16,0,19,3.5,0.789672
2540,16,0,20,3.5,0.9423
2541,16,0,21,3.5,0.9906
2542,16,0,22,3.5,1.15335
2543,16,0,23,3.5,1.45995
2544,16,1,0,3.5,1.32975
2545,16,1,1,3.5,1.37385
2546,16,1,2,3.5,1.42215
2547,16,1,3,3.5,1.21635
2548,16,1,4,3.5,1.23945
2549,16,1,5,3.5,1.21635
2550,16,1,6,3.5,1.22895
2551,16,1,7,3.5,1.20795
2552,16,1,8,3.5,1.1565
2553,16,1,9,3.5,1.45785
2554,16,1,10,3.5,1.80145
2555,16,1,11,3.5,1.917822
2556,16,1,12,3.5,1.994578
2557,16,1,13,3.5,2.16047
2558,16,1,14,3.5,2.193896
2559,16,1,15,3.5,1.86335
2560,16,1,16,3.5,1.33185
2561,16,1,17,3.5,1.0935
2562,16,1,18,3.5,0.854464
2563,16,1,19,3.5,0.791128
2564,16,1,20,3.5,0.796952
2565,16,1,21,3.5,0.693576
2566,16,1,22,3.5,0.904696
2567,16,1,23,3.5,0.99375
2568,16,2,0,3.5,1.07985
2569,16,2,1,3.5,1.20795
2570,16,2,2,3.5,1.26465
2571,16,2,3,3.5,1.0494
2572,16,2,4,3.5,1.0599
2573,16,2,5,3.5,0.894504
2574,16,2,6,3.5,0.766376
2575,16,2,7,3.5,0.796952
2576,16,2,8,3.5,0.741624
2577,16,2,9,3.5,1.08405
2578,16,2,10,3.5,1.717266
2579,16,2,11,3.5,2.161708
2580,16,2,12,3.5,2.473684
2581,16,2,13,3.5,2.91565
2582,16,2,14,3.5,2.988692
2583,16,2,15,3.5,2.763376
2584,16,2,16,3.5,2.385786
2585,16,2,17,3.5,2.015624
2586,16,2,18,3.5,1.650414
2587,16,2,19,3.5,1.512996
2588,16,2,20,3.5,1.32555
2589,16,2,21,3.5,1.21215
2590,16,2,22,3.5,0.913432
2591,16,2,23,3.5,1.1439
2592,16,3,0,3.5,1.1838
2593,16,3,1,3.5,1.3644
2594,16,3,2,3.5,1.49195
2595,16,3,3,3.5,1.0935
2596,16,3,4,3.5,1.01055
2597,16,3,5,3.5,1.20585
2598,16,3,6,3.5,1.2426
2599,16,3,7,3.5,1.45785
2600,16,3,8,3.5,1.843542
2601,16,3,9,3.5,2.176564
2602,16,3,10,3.5,2.63091
2603,16,3,11,3.5,2.817848
2604,16,3,12,3.5,3.266004
2605,16,3,13,3.5,3.5
2606,16,3,14,3.5,3.449228
2607,16,3,15,3.5,2.957742
2608,16,3,16,3.5,2.89708
2609,16,3,17,3.5,2.276842
2610,16,3,18,3.5,1.80764
2611,16,3,19,3.5,1.582324
2612,16,3,20,3.5,1.4505
2613,16,3,21,3.5,1.2405
2614,16,3,22,3.5,1.2426
2615,16,3,23,3.5,1.02525
2616,16,4,0,3.5,0.99795
2617,16,4,1,3.5,1.09455
2618,16,4,2,3.5,1.1208
2619,16,4,3,3.5,0.95595
2620,16,4,4,3.5,0.86684
2621,16,4,5,3.5,0.716144
2622,16,4,6,3.5,0.720512
2623,16,4,7,3.5,0.74672
2624,16,4,8,3.5,1.06305
2625,16,4,9,3.5,1.36755
2626,16,4,10,3.5,1.766786
2627,16,4,11,3.5,2.206276
2628,16,4,12,3.5,2.323886
2629,16,4,13,3.5,2.551678
2630,16,4,14,3.5,2.540536
2631,16,4,15,3.5,2.153042
2632,16,4,16,3.5,2.112188
2633,16,4,17,3.5,1.895538
2634,16,4,18,3.5,1.737074
2635,16,4,19,3.5,1.86335
2636,16,4,20,3.5,2.107236
2637,16,4,21,3.5,1.748216
2638,16,4,22,3.5,1.87573
2639,16,4,23,3.5,1.36335
2640,16,5,0,3.5,1.32555
2641,16,5,1,3.5,1.26465
2642,16,5,2,3.5,1.3119
2643,16,5,3,3.5,0.97275
2644,16,5,4,3.5,1.10925
2645,16,5,5,3.5,0.98745
2646,16,5,6,3.5,1.20795
2647,16,5,7,3.5,1.17015
2648,16,5,8,3.5,1.534042
2649,16,5,9,3.5,1.957438
2650,16,5,10,3.5,2.133234
2651,16,5,11,3.5,2.200086
2652,16,5,12,3.5,2.421688
2653,16,5,13,3.5,2.198848
2654,16,5,14,3.5,1.82621
2655,16,5,15,3.5,1.558802
2656,16,5,16,3.5,1.419
2657,16,5,17,3.5,1.29195
2658,16,5,18,3.5,1.16385
2659,16,5,19,3.5,1.08825
2660,16,5,20,3.5,1.19745
2661,16,5,21,3.5,1.1628
2662,16,5,22,3.5,1.20165
2663,16,5,23,3.5,1.4442
2664,16,6,0,3.5,1.886872
2665,16,6,1,3.5,2.540536
2666,16,6,2,3.5,2.71138
2667,16,6,3,3.5,2.268176
2668,16,6,4,3.5,2.20999
2669,16,6,5,3.5,1.99334
2670,16,6,6,3.5,1.927726
2671,16,6,7,3.5,1.512996
2672,16,6,8,3.5,1.815068
2673,16,6,9,3.5,2.000768
2674,16,6,10,3.5,2.337504
2675,16,6,11,3.5,2.49473
2676,16,6,12,3.5,2.460066
2677,16,6,13,3.5,2.297888
2678,16,6,14,3.5,1.990864
2679,16,6,15,3.5,2.200086
2680,16,6,16,3.5,2.504634
2681,16,6,17,3.5,2.233512
2682,16,6,18,3.5,2.082476
2683,16,6,19,3.5,2.379596
2684,16,6,20,3.5,2.347408
2685,16,6,21,3.5,1.895538
2686,16,6,22,3.5,2.16047
2687,16,6,23,3.5,2.071334
2688,17,0,0,3.5,2.089904
2689,17,0,1,3.5,2.305316
2690,17,0,2,3.5,2.404356
2691,17,0,3,3.5,2.089904
2692,17,0,4,3.5,1.90049
2693,17,0,5,3.5,1.3014
2694,17,0,6,3.5,1.2153
2695,17,0,7,3.5,0.868296
2696,17,0,8,3.5,0.9381
2697,17,0,9,3.5,1.23945
2698,17,0,10,3.5,1.550136
2699,17,0,11,3.5,2.021814
2700,17,0,12,3.5,2.09238
2701,17,0,13,3.5,2.162946
2702,17,0,14,3.5,2.076286
2703,17,0,15,3.5,1.92525
2704,17,0,16,3.5,1.63432
2705,17,0,17,3.5,1.64051
2706,17,0,18,3.5,1.419
2707,17,0,19,3.5,1.3959
2708,17,0,20,3.5,1.27095
2709,17,0,21,3.5,1.20585
2710,17,0,22,3.5,1.0809
2711,17,0,23,3.5,0.885768
2712,17,1,0,3.5,0.765648
2713,17,1,1,3.5,0.74672
2714,17,1,2,3.5,0.657904
2715,17,1,3,3.5,0.49192
2716,17,1,4,3.5,0.722696
2717,17,1,5,3.5,0.92872
2718,17,1,6,3.5,0.92144
2719,17,1,7,3.5,1.0746
2720,17,1,8,3.5,1.34655
2721,17,1,9,3.5,1.623178
2722,17,1,10,3.5,2.276842
2723,17,1,11,3.5,2.608626
2724,17,1,12,3.5,2.42664
2725,17,1,13,3.5,2.442734
2726,17,1,14,3.5,2.341218
2727,17,1,15,3.5,2.006958
2728,17,1,16,3.5,1.781642
2729,17,1,17,3.5,1.335
2730,17,1,18,3.5,1.24365
2731,17,1,19,3.5,1.1145
2732,17,1,20,3.5,1.05885
2733,17,1,21,3.5,0.925808
2734,17,1,22,3.5,1.1439
2735,17,1,23,3.5,1.2258
2736,17,2,0,3.5,1.32345
2737,17,2,1,3.5,1.46719
2738,17,2,2,3.5,1.608322
2739,17,2,3,3.5,1.4043
2740,17,2,4,3.5,1.36335
2741,17,2,5,3.5,1.19535
2742,17,2,6,3.5,1.02525
2743,17,2,7,3.5,1.2321
2744,17,2,8,3.5,1.37385
2745,17,2,9,3.5,1.988388
2746,17,2,10,3.5,2.396928
2747,17,2,11,3.5,2.499682
2748,17,2,12,3.5,2.63091
2749,17,2,13,3.5,2.78566
2750,17,2,14,3.5,3.017166
2751,17,2,15,3.5,2.899556
2752,17,2,16,3.5,2.497206
2753,17,2,17,3.5,2.047812
2754,17,2,18,3.5,1.676412
2755,17,2,19,3.5,1.66527
2756,17,2,20,3.5,1.83859
2757,17,2,21,3.5,1.74574
2758,17,2,22,3.5,1.618226
2759,17,2,23,3.5,1.525376
2760,17,3,0,3.5,1.37805
2761,17,3,1,3.5,1.3644
2762,17,3,2,3.5,1.34025
2763,17,3,3,3.5,1.0326
2764,17,3,4,3.5,1.01475
2765,17,3,5,3.5,1.00845
2766,17,3,6,3.5,1.3119
2767,17,3,7,3.5,1.44
2768,17,3,8,3.5,1.848494
2769,17,3,9,3.5,2.176564
2770,17,3,10,3.5,2.066382
2771,17,3,11,3.5,2.367216
2772,17,3,12,3.5,2.306554
2773,17,3,13,3.5,2.557868
2774,17,3,14,3.5,3.22515
2775,17,3,15,3.5,3.235054
2776,17,3,16,3.5,2.763376
2777,17,3,17,3.5,2.275604
2778,17,3,18,3.5,1.508044
2779,17,3,19,3.5,1.14285
2780,17,3,20,3.5,1.13235
2781,17,3,21,3.5,1.19115
2782,17,3,22,3.5,1.2321
2783,17,3,23,3.5,1.00425
2784,17,4,0,3.5,1.0221
2785,17,4,1,3.5,1.02525
2786,17,4,2,3.5,0.96225
2787,17,4,3,3.5,0.845
2788,17,4,4,3.5,0.94335
2789,17,4,5,3.5,0.92144
2790,17,4,6,3.5,1.26675
2791,17,4,7,3.5,1.209
2792,17,4,8,3.5,1.928964
2793,17,4,9,3.5,2.706428
2794,17,4,10,3.5,2.95898
2795,17,4,11,3.5,3.168202
2796,17,4,12,3.5,3.5
2797,17,4,13,3.5,3.5
2798,17,4,14,3.5,3.100112
2799,17,4,15,3.5,2.406832
2800,17,4,16,3.5,1.972294
2801,17,4,17,3.5,1.749454
2802,17,4,18,3.5,1.4442
2803,17,4,19,3.5,1.551374
2804,17,4,20,3.5,1.43265
2805,17,4,21,3.5,1.30875
2806,17,4,22,3.5,1.3161
2807,17,4,23,3.5,1.17015
2808,17,5,0,3.5,1.3497
2809,17,5,1,3.5,1.574896
2810,17,5,2,3.5,1.774214
2811,17,5,3,3.5,1.47957
2812,17,5,4,3.5,1.598418
2813,17,5,5,3.5,1.3497
2814,17,5,6,3.5,1.557564
2815,17,5,7,3.5,1.3434
2816,17,5,8,3.5,1.569944
2817,17,5,9,3.5,1.839828
2818,17,5,10,3.5,2.019338
2819,17,5,11,3.5,2.057716
2820,17,5,12,3.5,2.088666
2821,17,5,13,3.5,2.162946
2822,17,5,14,3.5,2.03048
2823,17,5,15,3.5,1.712314
2824,17,5,16,3.5,1.3707
2825,17,5,17,3.5,1.16385
2826,17,5,18,3.5,1.3014
2827,17,5,19,3.5,1.32975
2828,17,5,20,3.5,1.3077
2829,17,5,21,3.5,1.34025
2830,17,5,22,3.5,1.0368
2831,17,5,23,3.5,1.3707
2832,17,6,0,3.5,1.4568
2833,17,6,1,3.5,1.765548
2834,17,6,2,3.5,2.019338
2835,17,6,3,3.5,1.719742
2836,17,6,4,3.5,1.35285
2837,17,6,5,3.5,0.911976
2838,17,6,6,3.5,0.818064
2839,17,6,7,3.5,1.464714
2840,17,6,8,3.5,1.86335
2841,17,6,9,3.5,1.891824
2842,17,6,10,3.5,2.325124
2843,17,6,11,3.5,2.838894
2844,17,6,12,3.5,2.666812
2845,17,6,13,3.5,2.486064
2846,17,6,14,3.5,2.22856
2847,17,6,15,3.5,1.79526
2848,17,6,16,3.5,1.3392
2849,17,6,17,3.5,0.9738
2850,17,6,18,3.5,0.811512
2851,17,6,19,3.5,0.872664
2852,17,6,20,3.5,1.42215
2853,17,6,21,3.5,1.2972
2854,17,6,22,3.5,2.16047
2855,17,6,23,3.5,1.880682
2856,18,0,0,3.5,1.68384
2857,18,0,1,3.5,1.3707
2858,18,0,2,3.5,1.42635
2859,18,0,3,3.5,1.28145
2860,18,0,4,3.5,1.461
2861,18,0,5,3.5,1.520424
2862,18,0,6,3.5,1.398
2863,18,0,7,3.5,1.599656
2864,18,0,8,3.5,2.060192
2865,18,0,9,3.5,2.479874
2866,18,0,10,3.5,2.93422
2867,18,0,11,3.5,3.086494
2868,18,0,12,3.5,3.31181
2869,18,0,13,3.5,3.439324
2870,18,0,14,3.5,3.259814
2871,18,0,15,3.5,2.885938
2872,18,0,16,3.5,2.517014
2873,18,0,17,3.5,2.084952
2874,18,0,18,3.5,1.697458
2875,18,0,19,3.5,1.843542
2876,18,0,20,3.5,1.701172
2877,18,0,21,3.5,1.626892
2878,18,0,22,3.5,2.08
2879,18,0,23,3.5,1.855922
2880,18,1,0,3.5,1.4148
2881,18,1,1,3.5,1.489474
2882,18,1,2,3.5,1.639272
2883,18,1,3,3.5,1.505568
2884,18,1,4,3.5,2.051526
2885,18,1,5,3.5,2.155518
2886,18,1,6,3.5,2.050288
2887,18,1,7,3.5,1.815068
2888,18,1,8,3.5,2.316458
2889,18,1,9,3.5,2.644528
2890,18,1,10,3.5,2.619768
2891,18,1,11,3.5,2.573962
2892,18,1,12,3.5,2.755948
2893,18,1,13,3.5,2.926792
2894,18,1,14,3.5,3.029546
2895,18,1,15,3.5,3.154584
2896,18,1,16,3.5,3.08897
2897,18,1,17,3.5,2.388262
2898,18,1,18,3.5,1.90049
2899,18,1,19,3.5,1.78288
2900,18,1,20,3.5,1.701172
2901,18,1,21,3.5,1.2363
2902,18,1,22,3.5,1.3602
2903,18,1,23,3.5,1.34655
2904,18,2,0,3.5,1.21215
2905,18,2,1,3.5,1.4442
2906,18,2,2,3.5,1.579848
2907,18,2,3,3.5,1.1523
2908,18,2,4,3.5,1.2636
2909,18,2,5,3.5,1.3497
2910,18,2,6,3.5,1.66527
2911,18,2,7,3.5,1.802688
2912,18,2,8,3.5,2.34617
2913,18,2,9,3.5,2.642052
2914,18,2,10,3.5,2.90327
2915,18,2,11,3.5,3.14468
2916,18,2,12,3.5,3.475226
2917,18,2,13,3.5,3.5
2918,18,2,14,3.5,3.090208
2919,18,2,15,3.5,2.815372
2920,18,2,16,3.5,2.486064
2921,18,2,17,3.5,2.322648
2922,18,2,18,3.5,1.891824
2923,18,2,19,3.5,1.725932
2924,18,2,20,3.5,1.461
2925,18,2,21,3.5,1.7705
2926,18,2,22,3.5,2.04286
2927,18,2,23,3.5,2.014386
2928,18,3,0,3.5,2.029242
2929,18,3,1,3.5,2.00572
2930,18,3,2,3.5,2.010672
2931,18,3,3,3.5,1.815068
2932,18,3,4,3.5,2.08
2933,18,3,5,3.5,2.176564
2934,18,3,6,3.5,2.136948
2935,18,3,7,3.5,1.815068
2936,18,3,8,3.5,1.889348
2937,18,3,9,3.5,2.419212
2938,18,3,10,3.5,2.573962
2939,18,3,11,3.5,2.739854
2940,18,3,12,3.5,2.793088
2941,18,3,13,3.5,2.790612
2942,18,3,14,3.5,2.691572
2943,18,3,15,3.5,2.323886
2944,18,3,16,3.5,1.895538
2945,18,3,17,3.5,1.567468
2946,18,3,18,3.5,1.43685
2947,18,3,19,3.5,1.35915
2948,18,3,20,3.5,1.11555
2949,18,3,21,3.5,1.125
2950,18,3,22,3.5,1.00425
2951,18,3,23,3.5,1.09455
2952,18,4,0,3.5,0.9675
2953,18,4,1,3.5,1.02525
2954,18,4,2,3.5,0.97065
2955,18,4,3,3.5,0.772928
2956,18,4,4,3.5,0.672464
2957,18,4,5,3.5,0.623688
2958,18,4,6,3.5,0.504296
2959,18,4,7,3.5,0.57564
2960,18,4,8,3.5,0.734344
2961,18,4,9,3.5,1.0242
2962,18,4,10,3.5,1.496902
2963,18,4,11,3.5,2.013148
2964,18,4,12,3.5,2.430354
2965,18,4,13,3.5,2.906984
2966,18,4,14,3.5,2.84756
2967,18,4,15,3.5,2.583866
2968,18,4,16,3.5,2.446448
2969,18,4,17,3.5,2.169136
2970,18,4,18,3.5,2.062668
2971,18,4,19,3.5,2.096094
2972,18,4,20,3.5,2.174088
2973,18,4,21,3.5,1.867064
2974,18,4,22,3.5,1.990864
2975,18,4,23,3.5,1.598418
2976,18,5,0,3.5,1.52909
2977,18,5,1,3.5,1.44
2978,18,5,2,3.5,1.472142
2979,18,5,3,3.5,1.1796
2980,18,5,4,3.5,1.11765
2981,18,5,5,3.5,0.882856
2982,18,5,6,3.5,0.868296
2983,18,5,7,3.5,0.887952
2984,18,5,8,3.5,1.14285
2985,18,5,9,3.5,1.35075
2986,18,5,10,3.5,1.678888
2987,18,5,11,3.5,1.91287
2988,18,5,12,3.5,2.009434
2989,18,5,13,3.5,2.32141
2990,18,5,14,3.5,2.289222
2991,18,5,15,3.5,2.233512
2992,18,5,16,3.5,2.244654
2993,18,5,17,3.5,2.014386
2994,18,5,18,3.5,1.610798
2995,18,5,19,3.5,1.644224
2996,18,5,20,3.5,1.880682
2997,18,5,21,3.5,1.985912
2998,18,5,22,3.5,2.363502
2999,18,5,23,3.5,2.316458
3000,18,6,0,3.5,2.269414
3001,18,6,1,3.5,2.27189
3002,18,6,2,3.5,2.255796
3003,18,6,3,3.5,1.911632
3004,18,6,4,3.5,1.831162
3005,18,6,5,3.5,1.45365
3006,18,6,6,3.5,1.2321
3007,18,6,7,3.5,1.3287
3008,18,6,8,3.5,1.786594
3009,18,6,9,3.5,2.11714
3010,18,6,10,3.5,2.64948
3011,18,6,11,3.5,3.29324
3012,18,6,12,3.5,3.413326
3013,18,6,13,3.5,3.5
3014,18,6,14,3.5,3.418278
3015,18,6,15,3.5,3.275908
3016,18,6,16,3.5,3.393518
3017,18,6,17,3.5,3.160774
3018,18,6,18,3.5,2.817848
3019,18,6,19,3.5,2.738616
3020,18,6,20,3.5,2.261986
3021,18,6,21,3.5,1.749454
3022,18,6,22,3.5,1.610798
3023,18,6,23,3.5,1.484522
3024,19,0,0,3.5,1.48576
3025,19,0,1,3.5,1.685078
3026,19,0,2,3.5,1.760596
3027,19,0,3,3.5,1.51671
3028,19,0,4,3.5,1.36755
3029,19,0,5,3.5,1.1334
3030,19,0,6,3.5,1.2594
3031,19,0,7,3.5,1.798974
3032,19,0,8,3.5,2.446448
3033,19,0,9,3.5,2.647004
3034,19,0,10,3.5,2.695286
3035,19,0,11,3.5,2.794326
3036,19,0,12,3.5,3.081542
3037,19,0,13,3.5,3.148394
3038,19,0,14,3.5,2.993644
3039,19,0,15,3.5,2.82899
3040,19,0,16,3.5,2.788136
3041,19,0,17,3.5,2.634624
3042,19,0,18,3.5,2.161708
3043,19,0,19,3.5,2.071334
3044,19,0,20,3.5,1.75812
3045,19,0,21,3.5,1.61575
3046,19,0,22,3.5,1.685078
3047,19,0,23,3.5,1.582324
3048,19,1,0,3.5,1.461
3049,19,1,1,3.5,1.39065
3050,19,1,2,3.5,1.468428
3051,19,1,3,3.5,1.90049
3052,19,1,4,3.5,2.697762
3053,19,1,5,3.5,2.879748
3054,19,1,6,3.5,3.08897
3055,19,1,7,3.5,2.957742
3056,19,1,8,3.5,2.708904
3057,19,1,9,3.5,2.467494
3058,19,1,10,3.5,2.36474
3059,19,1,11,3.5,2.224846
3060,19,1,12,3.5,2.200086
3061,19,1,13,3.5,2.685382
3062,19,1,14,3.5,2.592532
3063,19,1,15,3.5,2.153042
3064,19,1,16,3.5,1.63432
3065,19,1,17,3.5,1.4442
3066,19,1,18,3.5,1.24995
3067,19,1,19,3.5,1.27725
3068,19,1,20,3.5,1.30455
3069,19,1,21,3.5,1.0662
3070,19,1,22,3.5,1.419
3071,19,1,23,3.5,1.0389
3072,19,2,0,3.5,0.920712
3073,19,2,1,3.5,1.06725
3074,19,2,2,3.5,1.20585
3075,19,2,3,3.5,1.2951
3076,19,2,4,3.5,1.3434
3077,19,2,5,3.5,1.209
3078,19,2,6,3.5,1.16385
3079,19,2,7,3.5,0.880672
3080,19,2,8,3.5,0.911976
3081,19,2,9,3.5,1.31925
3082,19,2,10,3.5,1.794022
3083,19,2,11,3.5,2.180278
3084,19,2,12,3.5,2.182754
3085,19,2,13,3.5,2.29665
3086,19,2,14,3.5,2.170374
3087,19,2,15,3.5,2.050288
3088,19,2,16,3.5,1.827448
3089,19,2,17,3.5,1.59099
3090,19,2,18,3.5,1.1502
3091,19,2,19,3.5,1.573658
3092,19,2,20,3.5,1.817544
3093,19,2,21,3.5,2.762138
3094,19,2,22,3.5,3.209056
3095,19,2,23,3.5,2.972598
3096,19,3,0,3.5,2.724998
3097,19,3,1,3.5,2.997358
3098,19,3,2,3.5,2.951552
3099,19,3,3,3.5,2.08
3100,19,3,4,3.5,1.867064
3101,19,3,5,3.5,1.904204
3102,19,3,6,3.5,2.249606
3103,19,3,7,3.5,2.1419
3104,19,3,8,3.5,2.41426
3105,19,3,9,3.5,2.830228
3106,19,3,10,3.5,2.91565
3107,19,3,11,3.5,3.079066
3108,19,3,12,3.5,2.89089
3109,19,3,13,3.5,2.765852
3110,19,3,14,3.5,2.437782
3111,19,3,15,3.5,2.120854
3112,19,3,16,3.5,1.598418
3113,19,3,17,3.5,1.550136
3114,19,3,18,3.5,1.45995
3115,19,3,19,3.5,1.75812
3116,19,3,20,3.5,1.732122
3117,19,3,21,3.5,1.505568
3118,19,3,22,3.5,1.505568
3119,19,3,23,3.5,1.3854
3120,19,4,0,3.5,1.1355
3121,19,4,1,3.5,1.10085
3122,19,4,2,3.5,0.94125
3123,19,4,3,3.5,0.76492
3124,19,4,4,3.5,0.767832
3125,19,4,5,3.5,0.708864
3126,19,4,6,3.5,0.834808
3127,19,4,7,3.5,0.94545
3128,19,4,8,3.5,0.920712
3129,19,4,9,3.5,1.02945
3130,19,4,10,3.5,1.19535
3131,19,4,11,3.5,1.44
3132,19,4,12,3.5,1.530328
3133,19,4,13,3.5,1.744502
3134,19,4,14,3.5,1.811354
3135,19,4,15,3.5,1.419
3136,19,4,16,3.5,1.2951
3137,19,4,17,3.5,0.93915
3138,19,4,18,3.5,0.850096
3139,19,4,19,3.5,0.847184
3140,19,4,20,3.5,0.98745
3141,19,4,21,3.5,1.11555
3142,19,4,22,3.5,0.901784
3143,19,4,23,3.5,0.675376
3144,19,5,0,3.5,0.6266
3145,19,5,1,3.5,0.569816
3146,19,5,2,3.5,0.43004
3147,19,5,3,3.5,0.371784
3148,19,5,4,3.5,0.890864
3149,19,5,5,3.5,1.4568
3150,19,5,6,3.5,1.22895
3151,19,5,7,3.5,1.12185
3152,19,5,8,3.5,0.815152
3153,19,5,9,3.5,1.28775
3154,19,5,10,3.5,1.542708
3155,19,5,11,3.5,1.3455
3156,19,5,12,3.5,1.398
3157,19,5,13,3.5,1.678888
3158,19,5,14,3.5,1.685078
3159,19,5,15,3.5,1.509282
3160,19,5,16,3.5,1.3119
3161,19,5,17,3.5,1.12185
3162,19,5,18,3.5,1.0116
3163,19,5,19,3.5,1.31085
3164,19,5,20,3.5,1.464714
3165,19,5,21,3.5,1.60337
3166,19,5,22,3.5,2.088666
3167,19,5,23,3.5,2.310268
3168,19,6,0,3.5,1.927726
3169,19,6,1,3.5,1.827448
3170,19,6,2,3.5,1.644224
3171,19,6,3,3.5,1.32555
3172,19,6,4,3.5,1.14285
3173,19,6,5,3.5,1.0074
3174,19,6,6,3.5,1.1838
3175,19,6,7,3.5,1.1712
3176,19,6,8,3.5,1.1187
3177,19,6,9,3.5,0.96645
3178,19,6,10,3.5,0.9675
3179,19,6,11,3.5,1.1124
3180,19,6,12,3.5,1.42215
3181,19,6,13,3.5,1.4148
3182,19,6,14,3.5,1.419
3183,19,6,15,3.5,1.1985
3184,19,6,16,3.5,1.00845
3185,19,6,17,3.5,1.0116
3186,19,6,18,3.5,1.09875
3187,19,6,19,3.5,1.2678
3188,19,6,20,3.5,1.2531
3189,19,6,21,3.5,1.3119
3190,19,6,22,3.5,1.21215
3191,19,6,23,3.5,1.0914
3192,20,0,0,3.5,0.780208
3193,20,0,1,3.5,0.880672
3194,20,0,2,3.5,0.916344
3195,20,0,3,3.5,0.914888
3196,20,0,4,3.5,0.890864
3197,20,0,5,3.5,0.933088
3198,20,0,6,3.5,0.895232
3199,20,0,7,3.5,1.12185
3200,20,0,8,3.5,1.598418
3201,20,0,9,3.5,2.24713
3202,20,0,10,3.5,2.595008
3203,20,0,11,3.5,3.228864
3204,20,0,12,3.5,2.757186
3205,20,0,13,3.5,2.46997
3206,20,0,14,3.5,2.195134
3207,20,0,15,3.5,2.144376
3208,20,0,16,3.5,2.096094
3209,20,0,17,3.5,1.891824
3210,20,0,18,3.5,1.624416
3211,20,0,19,3.5,1.66527
3212,20,0,20,3.5,1.495664
3213,20,0,21,3.5,1.44
3214,20,0,22,3.5,1.644224
3215,20,0,23,3.5,1.756882
3216,20,1,0,3.5,1.753168
3217,20,1,1,3.5,1.815068
3218,20,1,2,3.5,1.732122
3219,20,1,3,3.5,1.44315
3220,20,1,4,3.5,1.4358
3221,20,1,5,3.5,1.2426
3222,20,1,6,3.5,1.0599
3223,20,1,7,3.5,1.04205
3224,20,1,8,3.5,1.1817
3225,20,1,9,3.5,1.335
3226,20,1,10,3.5,1.335
3227,20,1,11,3.5,1.766786
3228,20,1,12,3.5,1.777928
3229,20,1,13,3.5,1.827448
3230,20,1,14,3.5,1.860874
3231,20,1,15,3.5,2.571486
3232,20,1,16,3.5,2.58758
3233,20,1,17,3.5,2.471208
3234,20,1,18,3.5,1.664032
3235,20,1,19,3.5,1.3644
3236,20,1,20,3.5,1.1397
3237,20,1,21,3.5,1.02525
3238,20,1,22,3.5,0.923624
3239,20,1,23,3.5,0.91416
3240,20,2,0,3.5,0.784576
3241,20,2,1,3.5,0.76492
3242,20,2,2,3.5,0.748176
3243,20,2,3,3.5,0.727064
3244,20,2,4,3.5,0.913432
3245,20,2,5,3.5,0.839904
3246,20,2,6,3.5,0.871208
3247,20,2,7,3.5,0.96645
3248,20,2,8,3.5,1.24575
3249,20,2,9,3.5,1.794022
3250,20,2,10,3.5,1.895538
3251,20,2,11,3.5,2.078762
3252,20,2,12,3.5,2.16047
3253,20,2,13,3.5,2.250844
3254,20,2,14,3.5,2.312744
3255,20,2,15,3.5,2.404356
3256,20,2,16,3.5,2.046574
3257,20,2,17,3.5,1.818782
3258,20,2,18,3.5,1.623178
3259,20,2,19,3.5,1.859636
3260,20,2,20,3.5,2.226084
3261,20,2,21,3.5,2.495968
3262,20,2,22,3.5,2.446448
3263,20,2,23,3.5,2.837656
3264,20,3,0,3.5,2.738616
3265,20,3,1,3.5,2.614816
3266,20,3,2,3.5,2.187706
3267,20,3,3,3.5,1.738312
3268,20,3,4,3.5,1.75812
3269,20,3,5,3.5,1.20165
3270,20,3,6,3.5,1.02945
3271,20,3,7,3.5,1.0179
3272,20,3,8,3.5,1.3497
3273,20,3,9,3.5,1.961152
3274,20,3,10,3.5,2.25332
3275,20,3,11,3.5,2.524442
3276,20,3,12,3.5,2.73614
3277,20,3,13,3.5,2.53806
3278,20,3,14,3.5,2.378358
3279,20,3,15,3.5,2.372168
3280,20,3,16,3.5,2.521966
3281,20,3,17,3.5,2.275604
3282,20,3,18,3.5,2.063906
3283,20,3,19,3.5,2.21618
3284,20,3,20,3.5,2.136948
3285,20,3,21,3.5,1.867064
3286,20,3,22,3.5,1.870778
3287,20,3,23,3.5,1.579848
3288,20,4,0,3.5,1.31295
3289,20,4,1,3.5,1.551374
3290,20,4,2,3.5,1.525376
3291,20,4,3,3.5,1.26465
3292,20,4,4,3.5,1.34655
3293,20,4,5,3.5,1.21215
3294,20,4,6,3.5,0.9423
3295,20,4,7,3.5,0.911976
3296,20,4,8,3.5,0.897416
3297,20,4,9,3.5,1.2699
3298,20,4,10,3.5,1.589752
3299,20,4,11,3.5,2.058954
3300,20,4,12,3.5,2.239702
3301,20,4,13,3.5,2.576438
3302,20,4,14,3.5,2.365978
3303,20,4,15,3.5,2.101046
3304,20,4,16,3.5,1.852208
3305,20,4,17,3.5,1.534042
3306,20,4,18,3.5,1.1082
3307,20,4,19,3.5,1.2741
3308,20,4,20,3.5,1.3182
3309,20,4,21,3.5,1.4526
3310,20,4,22,3.5,1.69622
3311,20,4,23,3.5,1.534042
3312,20,5,0,3.5,1.509282
3313,20,5,1,3.5,1.647938
3314,20,5,2,3.5,1.651652
3315,20,5,3,3.5,1.36125
3316,20,5,4,3.5,1.2804
3317,20,5,5,3.5,1.20585
3318,20,5,6,3.5,1.11765
3319,20,5,7,3.5,1.146
3320,20,5,8,3.5,1.24995
3321,20,5,9,3.5,1.790308
3322,20,5,10,3.5,2.0181
3323,20,5,11,3.5,2.486064
3324,20,5,12,3.5,2.478636
3325,20,5,13,3.5,2.388262
3326,20,5,14,3.5,1.985912
3327,20,5,15,3.5,2.300364
3328,20,5,16,3.5,2.242178
3329,20,5,17,3.5,2.161708
3330,20,5,18,3.5,2.021814
3331,20,5,19,3.5,2.04286
3332,20,5,20,3.5,1.786594
3333,20,5,21,3.5,1.51671
3334,20,5,22,3.5,1.3455
3335,20,5,23,3.5,1.18485
3336,20,6,0,3.5,0.895232
3337,20,6,1,3.5,0.9423
3338,20,6,2,3.5,1.0368
3339,20,6,3,3.5,0.98745
3340,20,6,4,3.5,1.11135
3341,20,6,5,3.5,1.00425
3342,20,6,6,3.5,1.05255
3343,20,6,7,3.5,0.97695
3344,20,6,8,3.5,1.05255
3345,20,6,9,3.5,1.32555
3346,20,6,10,3.5,1.662794
3347,20,6,11,3.5,2.128282
3348,20,6,12,3.5,2.249606
3349,20,6,13,3.5,2.55663
3350,20,6,14,3.5,2.299126
3351,20,6,15,3.5,1.928964
3352,20,6,16,3.5,2.00572
3353,20,6,17,3.5,1.82621
3354,20,6,18,3.5,1.39485
3355,20,6,19,3.5,1.48576
3356,20,6,20,3.5,1.740788
3357,20,6,21,3.5,1.610798
3358,20,6,22,3.5,2.12333
3359,20,6,23,3.5,1.928964
3360,21,0,0,3.5,1.704886
3361,21,0,1,3.5,1.697458
3362,21,0,2,3.5,1.569944
3363,21,0,3,3.5,1.35705
3364,21,0,4,3.5,1.512996
3365,21,0,5,3.5,1.31085
3366,21,0,6,3.5,1.20585
3367,21,0,7,3.5,1.01475
3368,21,0,8,3.5,1.1985
3369,21,0,9,3.5,1.526614
3370,21,0,10,3.5,1.966104
3371,21,0,11,3.5,2.21618
3372,21,0,12,3.5,2.318934
3373,21,0,13,3.5,2.571486
3374,21,0,14,3.5,2.398166
3375,21,0,15,3.5,2.415498
3376,21,0,16,3.5,2.248368
3377,21,0,17,3.5,1.982198
3378,21,0,18,3.5,1.647938
3379,21,0,19,3.5,1.73336
3380,21,0,20,3.5,1.72098
3381,21,0,21,3.5,1.546422
3382,21,0,22,3.5,1.928964
3383,21,0,23,3.5,2.014386
3384,21,1,0,3.5,1.82621
3385,21,1,1,3.5,1.667746
3386,21,1,2,3.5,1.0851
3387,21,1,3,3.5,0.665184
3388,21,1,4,3.5,0.68848
3389,21,1,5,3.5,0.700856
3390,21,1,6,3.5,0.784576
3391,21,1,7,3.5,0.722696
3392,21,1,8,3.5,0.87048
3393,21,1,9,3.5,1.27515
3394,21,1,10,3.5,1.54147
3395,21,1,11,3.5,2.00572
3396,21,1,12,3.5,2.063906
3397,21,1,13,3.5,2.447686
3398,21,1,14,3.5,2.404356
3399,21,1,15,3.5,2.431592
3400,21,1,16,3.5,2.312744
3401,21,1,17,3.5,2.057716
3402,21,1,18,3.5,1.419
3403,21,1,19,3.5,1.26675
3404,21,1,20,3.5,1.13865
3405,21,1,21,3.5,0.873392
3406,21,1,22,3.5,0.74672
3407,21,1,23,3.5,0.675376
3408,21,2,0,3.5,0.64116
3409,21,2,1,3.5,1.0263
3410,21,2,2,3.5,1.30875
3411,21,2,3,3.5,1.3182
3412,21,2,4,3.5,1.4085
3413,21,2,5,3.5,1.4568
3414,21,2,6,3.5,1.40535
3415,21,2,7,3.5,1.1943
3416,21,2,8,3.5,1.24575
3417,21,2,9,3.5,1.3707
3418,21,2,10,3.5,1.2993
3419,21,2,11,3.5,1.493188
3420,21,2,12,3.5,1.569944
3421,21,2,13,3.5,1.1313
3422,21,2,14,3.5,1.26675
3423,21,2,15,3.5,1.57861
3424,21,2,16,3.5,1.24995
3425,21,2,17,3.5,1.2363
3426,21,2,18,3.5,0.94545
3427,21,2,19,3.5,0.911976
3428,21,2,20,3.5,0.744536
3429,21,2,21,3.5,0.813696
3430,21,2,22,3.5,0.668096
3431,21,2,23,3.5,0.74672
3432,21,3,0,3.5,0.533416
3433,21,3,1,3.5,0.67028
3434,21,3,2,3.5,0.735072
3435,21,3,3,3.5,0.649896
3436,21,3,4,3.5,0.791856
3437,21,3,5,3.5,0.861744
3438,21,3,6,3.5,0.858832
3439,21,3,7,3.5,1.0116
3440,21,3,8,3.5,1.1208
3441,21,3,9,3.5,1.41165
3442,21,3,10,3.5,1.17015
3443,21,3,11,3.5,1.41165
3444,21,3,12,3.5,2.050288
3445,21,3,13,3.5,2.361026
3446,21,3,14,3.5,2.146852
3447,21,3,15,3.5,1.3875
3448,21,3,16,3.5,1.1712
3449,21,3,17,3.5,0.94125
3450,21,3,18,3.5,0.818792
3451,21,3,19,3.5,0.911976
3452,21,3,20,3.5,1.0326
3453,21,3,21,3.5,1.0809
3454,21,3,22,3.5,1.0242
3455,21,3,23,3.5,0.9528
3456,21,4,0,3.5,0.895232
3457,21,4,1,3.5,0.926536
3458,21,4,2,3.5,0.94965
3459,21,4,3,3.5,0.846456
3460,21,4,4,3.5,0.94125
3461,21,4,5,3.5,0.95595
3462,21,4,6,3.5,1.2006
3463,21,4,7,3.5,1.1292
3464,21,4,8,3.5,1.3539
3465,21,4,9,3.5,1.500616
3466,21,4,10,3.5,1.469666
3467,21,4,11,3.5,1.83859
3468,21,4,12,3.5,2.109712
3469,21,4,13,3.5,2.046574
3470,21,4,14,3.5,1.959914
3471,21,4,15,3.5,2.089904
3472,21,4,16,3.5,1.959914
3473,21,4,17,3.5,1.794022
3474,21,4,18,3.5,1.41585
3475,21,4,19,3.5,1.17015
3476,21,4,20,3.5,0.806416
3477,21,4,21,3.5,0.796952
3478,21,4,22,3.5,0.812968
3479,21,4,23,3.5,0.715416
3480,21,5,0,3.5,0.705952
3481,21,5,1,3.5,0.92144
3482,21,5,2,3.5,1.04205
3483,21,5,3,3.5,1.22475
3484,21,5,4,3.5,1.1838
3485,21,5,5,3.5,1.104
3486,21,5,6,3.5,1.17435
3487,21,5,7,3.5,1.32555
3488,21,5,8,3.5,1.4022
3489,21,5,9,3.5,1.777928
3490,21,5,10,3.5,2.097332
3491,21,5,11,3.5,2.499682
3492,21,5,12,3.5,2.706428
3493,21,5,13,3.5,2.820324
3494,21,5,14,3.5,2.429116
3495,21,5,15,3.5,2.084952
3496,21,5,16,3.5,1.815068
3497,21,5,17,3.5,1.42635
3498,21,5,18,3.5,1.14705
3499,21,5,19,3.5,1.1607
3500,21,5,20,3.5,1.37805
3501,21,5,21,3.5,1.14915
3502,21,5,22,3.5,1.00845
3503,21,5,23,3.5,0.796952
3504,21,6,0,3.5,0.818064
3505,21,6,1,3.5,0.900328
3506,21,6,2,3.5,1.25415
3507,21,6,3,3.5,1.26675
3508,21,6,4,3.5,1.3602
3509,21,6,5,3.5,1.0557
3510,21,6,6,3.5,0.895232
3511,21,6,7,3.5,1.0431
3512,21,6,8,3.5,0.796952
3513,21,6,9,3.5,1.05255
3514,21,6,10,3.5,1.18485
3515,21,6,11,3.5,1.785356
3516,21,6,12,3.5,2.076286
3517,21,6,13,3.5,2.151804
3518,21,6,14,3.5,1.73336
3519,21,6,15,3.5,1.500616
3520,21,6,16,3.5,1.356
3521,21,6,17,3.5,1.3119
3522,21,6,18,3.5,1.25625
3523,21,6,19,3.5,1.4085
3524,21,6,20,3.5,1.22895
3525,21,6,21,3.5,1.30455
3526,21,6,22,3.5,1.706124
3527,21,6,23,3.5,2.16666
3528,22,0,0,3.5,1.74574
3529,22,0,1,3.5,1.693744
3530,22,0,2,3.5,1.687554
3531,22,0,3,3.5,2.026766
3532,22,0,4,3.5,2.323886
3533,22,0,5,3.5,2.61853
3534,22,0,6,3.5,2.770804
3535,22,0,7,3.5,2.608626
3536,22,0,8,3.5,2.419212
3537,22,0,9,3.5,2.654432
3538,22,0,10,3.5,2.557868
3539,22,0,11,3.5,2.554154
3540,22,0,12,3.5,2.429116
3541,22,0,13,3.5,2.223608
3542,22,0,14,3.5,1.90049
3543,22,0,15,3.5,1.43685
3544,22,0,16,3.5,0.87048
3545,22,0,17,3.5,0.791856
3546,22,0,18,3.5,0.700856
3547,22,0,19,3.5,0.751816
3548,22,0,20,3.5,0.64116
3549,22,0,21,3.5,0.693576
3550,22,0,22,3.5,0.679744
3551,22,0,23,3.5,0.9864
3552,22,1,0,3.5,0.930176
3553,22,1,1,3.5,0.9948
3554,22,1,2,3.5,1.3875
3555,22,1,3,3.5,1.2951
3556,22,1,4,3.5,1.24995
3557,22,1,5,3.5,0.96225
3558,22,1,6,3.5,0.887224
3559,22,1,7,3.5,0.99165
3560,22,1,8,3.5,1.18695
3561,22,1,9,3.5,1.35075
3562,22,1,10,3.5,1.22265
3563,22,1,11,3.5,1.21215
3564,22,1,12,3.5,1.725932
3565,22,1,13,3.5,2.04286
3566,22,1,14,3.5,2.157994
3567,22,1,15,3.5,1.728408
3568,22,1,16,3.5,1.3119
3569,22,1,17,3.5,1.2153
3570,22,1,18,3.5,0.927992
3571,22,1,19,3.5,0.9423
3572,22,1,20,3.5,0.901784
3573,22,1,21,3.5,0.842816
3574,22,1,22,3.5,1.0284
3575,22,1,23,3.5,1.05255
3576,22,2,0,3.5,1.09455
3577,22,2,1,3.5,1.11135
3578,22,2,2,3.5,1.13865
3579,22,2,3,3.5,1.27095
3580,22,2,4,3.5,1.0704
3581,22,2,5,3.5,0.9801
3582,22,2,6,3.5,0.911976
3583,22,2,7,3.5,0.882128
3584,22,2,8,3.5,0.894504
3585,22,2,9,3.5,1.2678
3586,22,2,10,3.5,1.475856
3587,22,2,11,3.5,1.667746
3588,22,2,12,3.5,1.656604
3589,22,2,13,3.5,1.680126
3590,22,2,14,3.5,1.42215
3591,22,2,15,3.5,1.496902
3592,22,2,16,3.5,1.7086
3593,22,2,17,3.5,1.899252
3594,22,2,18,3.5,1.911632
3595,22,2,19,3.5,2.202562
3596,22,2,20,3.5,2.114664
3597,22,2,21,3.5,1.806402
3598,22,2,22,3.5,1.97477
3599,22,2,23,3.5,1.582324
3600,22,3,0,3.5,1.2531
3601,22,3,1,3.5,1.1523
3602,22,3,2,3.5,0.9633
3603,22,3,3,3.5,0.796952
3604,22,3,4,3.5,0.775112
3605,22,3,5,3.5,0.748176
3606,22,3,6,3.5,0.70304
3607,22,3,7,3.5,0.69576
3608,22,3,8,3.5,0.799864
3609,22,3,9,3.5,1.1082
3610,22,3,10,3.5,1.574896
3611,22,3,11,3.5,1.760596
3612,22,3,12,3.5,1.79526
3613,22,3,13,3.5,1.4547
3614,22,3,14,3.5,1.04835
3615,22,3,15,3.5,1.477094
3616,22,3,16,3.5,1.642986
3617,22,3,17,3.5,1.96239
3618,22,3,18,3.5,1.56623
3619,22,3,19,3.5,1.713552
3620,22,3,20,3.5,1.4232
3621,22,3,21,3.5,1.619464
3622,22,3,22,3.5,1.21425
3623,22,3,23,3.5,1.3224
3624,22,4,0,3.5,1.0599
3625,22,4,1,3.5,1.11765
3626,22,4,2,3.5,1.38435
3627,22,4,3,3.5,1.647938
3628,22,4,4,3.5,1.631844
3629,22,4,5,3.5,1.4232
3630,22,4,6,3.5,1.1775
3631,22,4,7,3.5,1.26465
3632,22,4,8,3.5,1.4442
3633,22,4,9,3.5,1.815068
3634,22,4,10,3.5,2.000768
3635,22,4,11,3.5,2.226084
3636,22,4,12,3.5,2.223608
3637,22,4,13,3.5,2.144376
3638,22,4,14,3.5,2.363502
3639,22,4,15,3.5,2.136948
3640,22,4,16,3.5,1.941344
3641,22,4,17,3.5,1.619464
3642,22,4,18,3.5,1.655366
3643,22,4,19,3.5,1.635558
3644,22,4,20,3.5,1.21215
3645,22,4,21,3.5,1.61575
3646,22,4,22,3.5,1.867064
3647,22,4,23,3.5,2.675478
3648,22,5,0,3.5,3.06421
3649,22,5,1,3.5,3.5
3650,22,5,2,3.5,3.36133
3651,22,5,3,3.5,2.89708
3652,22,5,4,3.5,2.25951
3653,22,5,5,3.5,2.112188
3654,22,5,6,3.5,2.014386
3655,22,5,7,3.5,2.006958
3656,22,5,8,3.5,2.019338
3657,22,5,9,3.5,2.226084
3658,22,5,10,3.5,2.332552
3659,22,5,11,3.5,2.53806
3660,22,5,12,3.5,2.713856
3661,22,5,13,3.5,2.836418
3662,22,5,14,3.5,2.75471
3663,22,5,15,3.5,2.526918
3664,22,5,16,3.5,2.250844
3665,22,5,17,3.5,2.25332
3666,22,5,18,3.5,2.20999
3667,22,5,19,3.5,2.388262
3668,22,5,20,3.5,2.096094
3669,22,5,21,3.5,2.149328
3670,22,5,22,3.5,2.078762
3671,22,5,23,3.5,1.96858
3672,22,6,0,3.5,1.685078
3673,22,6,1,3.5,1.827448
3674,22,6,2,3.5,1.945058
3675,22,6,3,3.5,1.891824
3676,22,6,4,3.5,1.662794
3677,22,6,5,3.5,1.612036
3678,22,6,6,3.5,1.650414
3679,22,6,7,3.5,1.521662
3680,22,6,8,3.5,1.48576
3681,22,6,9,3.5,1.81383
3682,22,6,10,3.5,2.025528
3683,22,6,11,3.5,2.149328
3684,22,6,12,3.5,2.16047
3685,22,6,13,3.5,2.306554
3686,22,6,14,3.5,2.472446
3687,22,6,15,3.5,2.607388
3688,22,6,16,3.5,2.3895
3689,22,6,17,3.5,2.087428
3690,22,6,18,3.5,2.0181
3691,22,6,19,3.5,2.217418
3692,22,6,20,3.5,2.039146
3693,22,6,21,3.5,2.193896
3694,22,6,22,3.5,2.15428
3695,22,6,23,3.5,1.822496
3696,23,0,0,3.5,1.57861
3697,23,0,1,3.5,1.60337
3698,23,0,2,3.5,1.521662
3699,23,0,3,3.5,1.562516
3700,23,0,4,3.5,1.4358
3701,23,0,5,3.5,2.047812
3702,23,0,6,3.5,2.134472
3703,23,0,7,3.5,2.561582
3704,23,0,8,3.5,2.534346
3705,23,0,9,3.5,3.27467
3706,23,0,10,3.5,3.5
3707,23,0,11,3.5,3.5
3708,23,0,12,3.5,3.5
3709,23,0,13,3.5,3.154584
3710,23,0,14,3.5,2.687858
3711,23,0,15,3.5,2.050288
3712,23,0,16,3.5,1.44945
3713,23,0,17,3.5,1.829924
3714,23,0,18,3.5,1.785356
3715,23,0,19,3.5,2.24713
3716,23,0,20,3.5,2.08
3717,23,0,21,3.5,2.145614
3718,23,0,22,3.5,2.919364
3719,23,0,23,3.5,3.345236
3720,23,1,0,3.5,2.707666
3721,23,1,1,3.5,2.583866
3722,23,1,2,3.5,2.530632
3723,23,1,3,3.5,1.927726
3724,23,1,4,3.5,1.93144
3725,23,1,5,3.5,2.274366
3726,23,1,6,3.5,2.175326
3727,23,1,7,3.5,2.331314
3728,23,1,8,3.5,1.957438
3729,23,1,9,3.5,2.082476
3730,23,1,10,3.5,2.598722
3731,23,1,11,3.5,2.625958
3732,23,1,12,3.5,2.242178
3733,23,1,13,3.5,2.44521
3734,23,1,14,3.5,2.546726
3735,23,1,15,3.5,2.60615
3736,23,1,16,3.5,2.462542
3737,23,1,17,3.5,1.692506
3738,23,1,18,3.5,1.20165
3739,23,1,19,3.5,0.9528
3740,23,1,20,3.5,0.79404
3741,23,1,21,3.5,0.9906
3742,23,1,22,3.5,1.14285
3743,23,1,23,3.5,1.562516
3744,23,2,0,3.5,1.836114
3745,23,2,1,3.5,2.341218
3746,23,2,2,3.5,2.11714
3747,23,2,3,3.5,2.000768
3748,23,2,4,3.5,1.41165
3749,23,2,5,3.5,1.3812
3750,23,2,6,3.5,1.2741
3751,23,2,7,3.5,1.3434
3752,23,2,8,3.5,1.562516
3753,23,2,9,3.5,1.959914
3754,23,2,10,3.5,2.05524
3755,23,2,11,3.5,1.879444
3756,23,2,12,3.5,1.724694
3757,23,2,13,3.5,1.87573
3758,23,2,14,3.5,2.096094
3759,23,2,15,3.5,2.146852
3760,23,2,16,3.5,1.994578
3761,23,2,17,3.5,1.577372
3762,23,2,18,3.5,1.4085
3763,23,2,19,3.5,1.2006
3764,23,2,20,3.5,1.1796
3765,23,2,21,3.5,1.15545
3766,23,2,22,3.5,1.29825
3767,23,2,23,3.5,1.57861
3768,23,3,0,3.5,1.574896
3769,23,3,1,3.5,1.815068
3770,23,3,2,3.5,1.717266
3771,23,3,3,3.5,1.6467
3772,23,3,4,3.5,1.508044
3773,23,3,5,3.5,1.29195
3774,23,3,6,3.5,1.781642
3775,23,3,7,3.5,2.217418
3776,23,3,8,3.5,2.607388
3777,23,3,9,3.5,2.840132
3778,23,3,10,3.5,3.185534
3779,23,3,11,3.5,2.738616
3780,23,3,12,3.5,2.48854
3781,23,3,13,3.5,2.802992
3782,23,3,14,3.5,2.790612
3783,23,3,15,3.5,2.77947
3784,23,3,16,3.5,2.619768
3785,23,3,17,3.5,2.201324
3786,23,3,18,3.5,1.91287
3787,23,3,19,3.5,1.753168
3788,23,3,20,3.5,1.480808
3789,23,3,21,3.5,1.68384
3790,23,3,22,3.5,1.817544
3791,23,3,23,3.5,1.95001
3792,23,4,0,3.5,2.226084
3793,23,4,1,3.5,3.347712
3794,23,4,2,3.5,3.283336
3795,23,4,3,3.5,3.356378
3796,23,4,4,3.5,2.916888
3797,23,4,5,3.5,3.341522
3798,23,4,6,3.5,2.869844
3799,23,4,7,3.5,3.341522
3800,23,4,8,3.5,3.216484
3801,23,4,9,3.5,3.376186
3802,23,4,10,3.5,3.300668
3803,23,4,11,3.5,3.5
3804,23,4,12,3.5,3.5
3805,23,4,13,3.5,3.5
3806,23,4,14,3.5,3.300668
3807,23,4,15,3.5,2.642052
3808,23,4,16,3.5,1.78288
3809,23,4,17,3.5,1.37175
3810,23,4,18,3.5,1.28775
3811,23,4,19,3.5,1.509282
3812,23,4,20,3.5,1.56623
3813,23,4,21,3.5,1.55385
3814,23,4,22,3.5,1.38435
3815,23,4,23,3.5,1.69622
3816,23,5,0,3.5,1.610798
3817,23,5,1,3.5,2.224846
3818,23,5,2,3.5,2.42045
3819,23,5,3,3.5,2.211228
3820,23,5,4,3.5,2.436544
3821,23,5,5,3.5,2.373406
3822,23,5,6,3.5,2.128282
3823,23,5,7,3.5,2.294174
3824,23,5,8,3.5,1.680126
3825,23,5,9,3.5,2.075048
3826,23,5,10,3.5,2.071334
3827,23,5,11,3.5,2.690334
3828,23,5,12,3.5,3.00231
3829,23,5,13,3.5,2.894604
3830,23,5,14,3.5,2.462542
3831,23,5,15,3.5,2.118378
3832,23,5,16,3.5,1.704886
3833,23,5,17,3.5,1.631844
3834,23,5,18,3.5,1.14285
3835,23,5,19,3.5,1.03155
3836,23,5,20,3.5,0.765648
3837,23,5,21,3.5,0.760552
3838,23,5,22,3.5,0.856648
3839,23,5,23,3.5,0.9423
3840,23,6,0,3.5,1.0599
3841,23,6,1,3.5,0.919256
3842,23,6,2,3.5,1.37175
3843,23,6,3,3.5,1.1838
3844,23,6,4,3.5,1.31295
3845,23,6,5,3.5,1.29405
3846,23,6,6,3.5,1.2678
3847,23,6,7,3.5,1.32345
3848,23,6,8,3.5,1.6467
3849,23,6,9,3.5,2.010672
3850,23,6,10,3.5,2.323886
3851,23,6,11,3.5,2.639576
3852,23,6,12,3.5,2.647004
3853,23,6,13,3.5,2.478636
3854,23,6,14,3.5,2.452638
3855,23,6,15,3.5,2.299126
3856,23,6,16,3.5,2.118378
3857,23,6,17,3.5,1.704886
3858,23,6,18,3.5,2.009434
3859,23,6,19,3.5,2.037908
3860,23,6,20,3.5,2.187706
3861,23,6,21,3.5,2.257034
3862,23,6,22,3.5,2.75471
3863,23,6,23,3.5,2.837656
3864,24,0,0,3.5,2.486064
3865,24,0,1,3.5,2.970122
3866,24,0,2,3.5,3.087732
3867,24,0,3,3.5,3.285812
3868,24,0,4,3.5,3.20658
3869,24,0,5,3.5,2.623482
3870,24,0,6,3.5,2.478636
3871,24,0,7,3.5,2.737378
3872,24,0,8,3.5,2.396928
3873,24,0,9,3.5,3.04564
3874,24,0,10,3.5,2.893366
3875,24,0,11,3.5,3.185534
3876,24,0,12,3.5,3.030784
3877,24,0,13,3.5,2.879748
3878,24,0,14,3.5,3.122396
3879,24,0,15,3.5,3.084018
3880,24,0,16,3.5,3.084018
3881,24,0,17,3.5,2.788136
3882,24,0,18,3.5,2.863654
3883,24,0,19,3.5,2.836418
3884,24,0,20,3.5,2.648242
3885,24,0,21,3.5,2.843846
3886,24,0,22,3.5,2.945362
3887,24,0,23,3.5,3.24991
3888,24,1,0,3.5,3.197914
3889,24,1,1,3.5,3.072876
3890,24,1,2,3.5,2.665574
3891,24,1,3,3.5,2.125806
3892,24,1,4,3.5,1.839828
3893,24,1,5,3.5,1.49195
3894,24,1,6,3.5,1.647938
3895,24,1,7,3.5,1.43895
3896,24,1,8,3.5,1.477094
3897,24,1,9,3.5,1.732122
3898,24,1,10,3.5,1.998292
3899,24,1,11,3.5,2.8847
3900,24,1,12,3.5,3.326666
3901,24,1,13,3.5,3.5
3902,24,1,14,3.5,3.5
3903,24,1,15,3.5,3.366282
3904,24,1,16,3.5,2.71757
3905,24,1,17,3.5,2.28427
3906,24,1,18,3.5,2.171612
3907,24,1,19,3.5,2.193896
3908,24,1,20,3.5,1.626892
3909,24,1,21,3.5,1.608322
3910,24,1,22,3.5,1.464714
3911,24,1,23,3.5,1.37805
3912,24,2,0,3.5,1.2279
3913,24,2,1,3.5,1.23945
3914,24,2,2,3.5,1.3602
3915,24,2,3,3.5,1.4337
3916,24,2,4,3.5,1.07355
3917,24,2,5,3.5,1.2426
3918,24,2,6,3.5,0.9423
3919,24,2,7,3.5,1.1187
3920,24,2,8,3.5,1.146
3921,24,2,9,3.5,1.36755
3922,24,2,10,3.5,1.525376
3923,24,2,11,3.5,1.717266
3924,24,2,12,3.5,1.74574
3925,24,2,13,3.5,1.699934
3926,24,2,14,3.5,1.571182
3927,24,2,15,3.5,1.377
3928,24,2,16,3.5,1.1943
3929,24,2,17,3.5,1.62813
3930,24,2,18,3.5,1.98096
3931,24,2,19,3.5,1.9562
3932,24,2,20,3.5,1.692506
3933,24,2,21,3.5,1.647938
3934,24,2,22,3.5,1.765548
3935,24,2,23,3.5,1.712314
3936,24,3,0,3.5,1.51052
3937,24,3,1,3.5,1.692506
3938,24,3,2,3.5,1.623178
3939,24,3,3,3.5,2.058954
3940,24,3,4,3.5,2.003244
3941,24,3,5,3.5,2.176564
3942,24,3,6,3.5,1.883158
3943,24,3,7,3.5,1.802688
3944,24,3,8,3.5,2.066382
3945,24,3,9,3.5,2.193896
3946,24,3,10,3.5,2.331314
3947,24,3,11,3.5,2.656908
3948,24,3,12,3.5,2.571486
3949,24,3,13,3.5,2.49473
3950,24,3,14,3.5,2.535584
3951,24,3,15,3.5,2.658146
3952,24,3,16,3.5,2.666812
3953,24,3,17,3.5,2.619768
3954,24,3,18,3.5,2.85375
3955,24,3,19,3.5,2.715094
3956,24,3,20,3.5,2.752234
3957,24,3,21,3.5,2.52568
3958,24,3,22,3.5,2.330076
3959,24,3,23,3.5,1.904204
3960,24,4,0,3.5,1.722218
3961,24,4,1,3.5,1.688792
3962,24,4,2,3.5,1.35075
3963,24,4,3,3.5,0.98745
3964,24,4,4,3.5,0.792584
3965,24,4,5,3.5,0.9591
3966,24,4,6,3.5,1.15965
3967,24,4,7,3.5,1.602132
3968,24,4,8,3.5,1.65289
3969,24,4,9,3.5,1.998292
3970,24,4,10,3.5,1.941344
3971,24,4,11,3.5,1.872016
3972,24,4,12,3.5,1.753168
3973,24,4,13,3.5,1.667746
3974,24,4,14,3.5,1.594704
3975,24,4,15,3.5,1.961152
3976,24,4,16,3.5,2.010672
3977,24,4,17,3.5,1.907918
3978,24,4,18,3.5,1.6467
3979,24,4,19,3.5,1.39905
3980,24,4,20,3.5,1.92525
3981,24,4,21,3.5,1.54147
3982,24,4,22,3.5,1.57861
3983,24,4,23,3.5,1.2531
3984,24,5,0,3.5,1.64051
3985,24,5,1,3.5,2.015624
3986,24,5,2,3.5,2.071334
3987,24,5,3,3.5,2.119616
3988,24,5,4,3.5,2.421688
3989,24,5,5,3.5,2.509586
3990,24,5,6,3.5,2.24094
3991,24,5,7,3.5,1.753168
3992,24,5,8,3.5,1.88811
3993,24,5,9,3.5,1.924012
3994,24,5,10,3.5,2.239702
3995,24,5,11,3.5,2.38331
3996,24,5,12,3.5,2.549202
3997,24,5,13,3.5,2.681668
3998,24,5,14,3.5,2.595008
3999,24,5,15,3.5,2.517014
4000,24,5,16,3.5,2.039146
4001,24,5,17,3.5,1.842304
4002,24,5,18,3.5,1.692506
4003,24,5,19,3.5,1.847256
4004,24,5,20,3.5,1.989626
4005,24,5,21,3.5,2.576438
4006,24,5,22,3.5,2.731188
4007,24,5,23,3.5,3.374948
4008,24,6,0,3.5,3.065448
4009,24,6,1,3.5,3.032022
4010,24,6,2,3.5,2.994882
4011,24,6,3,3.5,2.664336
4012,24,6,4,3.5,2.510824
4013,24,6,5,3.5,2.483588
4014,24,6,6,3.5,2.71138
4015,24,6,7,3.5,2.385786
4016,24,6,8,3.5,2.201324
4017,24,6,9,3.5,2.398166
4018,24,6,10,3.5,2.543012
4019,24,6,11,3.5,2.530632
4020,24,6,12,3.5,2.700238
4021,24,6,13,3.5,3.034498
4022,24,6,14,3.5,3.402184
4023,24,6,15,3.5,3.34276
4024,24,6,16,3.5,3.222674
4025,24,6,17,3.5,3.004786
4026,24,6,18,3.5,2.640814
4027,24,6,19,3.5,2.526918
4028,24,6,20,3.5,2.119616
4029,24,6,21,3.5,2.06762
4030,24,6,22,3.5,1.834876
4031,24,6,23,3.5,2.114664
4032,25,0,0,3.5,2.595008
4033,25,0,1,3.5,2.973836
4034,25,0,2,3.5,3.11373
4035,25,0,3,3.5,3.015928
4036,25,0,4,3.5,2.991168
4037,25,0,5,3.5,2.534346
4038,25,0,6,3.5,2.406832
4039,25,0,7,3.5,2.706428
4040,25,0,8,3.5,2.49473
4041,25,0,9,3.5,2.838894
4042,25,0,10,3.5,2.944124
4043,25,0,11,3.5,3.176868
4044,25,0,12,3.5,2.993644
4045,25,0,13,3.5,2.684144
4046,25,0,14,3.5,2.089904
4047,25,0,15,3.5,1.3707
4048,25,0,16,3.5,1.0536
4049,25,0,17,3.5,0.87048
4050,25,0,18,3.5,0.751088
4051,25,0,19,3.5,0.95385
4052,25,0,20,3.5,0.895232
4053,25,0,21,3.5,0.842088
4054,25,0,22,3.5,1.03575
4055,25,0,23,3.5,0.866112
4056,25,1,0,3.5,0.901784
4057,25,1,1,3.5,1.03575
4058,25,1,2,3.5,1.18485
4059,25,1,3,3.5,0.833352
4060,25,1,4,3.5,1.125
4061,25,1,5,3.5,1.3266
4062,25,1,6,3.5,1.34655
4063,25,1,7,3.5,1.2531
4064,25,1,8,3.5,1.3875
4065,25,1,9,3.5,1.3497
4066,25,1,10,3.5,1.822496
4067,25,1,11,3.5,2.201324
4068,25,1,12,3.5,2.411784
4069,25,1,13,3.5,2.659384
4070,25,1,14,3.5,2.533108
4071,25,1,15,3.5,2.273128
4072,25,1,16,3.5,1.896776
4073,25,1,17,3.5,1.988388
4074,25,1,18,3.5,1.772976
4075,25,1,19,3.5,2.102284
4076,25,1,20,3.5,2.00572
4077,25,1,21,3.5,2.373406
4078,25,1,22,3.5,2.582628
4079,25,1,23,3.5,2.763376
4080,25,2,0,3.5,2.43283
4081,25,2,1,3.5,2.617292
4082,25,2,2,3.5,2.95279
4083,25,2,3,3.5,2.713856
4084,25,2,4,3.5,2.43283
4085,25,2,5,3.5,1.982198
4086,25,2,6,3.5,1.577372
4087,25,2,7,3.5,1.73336
4088,25,2,8,3.5,1.82002
4089,25,2,9,3.5,1.928964
4090,25,2,10,3.5,2.072572
4091,25,2,11,3.5,2.207514
4092,25,2,12,3.5,2.00572
4093,25,2,13,3.5,2.16047
4094,25,2,14,3.5,2.33998
4095,25,2,15,3.5,2.153042
4096,25,2,16,3.5,1.744502
4097,25,2,17,3.5,1.4547
4098,25,2,18,3.5,1.06725
4099,25,2,19,3.5,0.895232
4100,25,2,20,3.5,1.03575
4101,25,2,21,3.5,1.2489
4102,25,2,22,3.5,1.09665
4103,25,2,23,3.5,1.4358
4104,25,3,0,3.5,1.59099
4105,25,3,1,3.5,1.829924
4106,25,3,2,3.5,1.98096
4107,25,3,3,3.5,2.113426
4108,25,3,4,3.5,2.0181
4109,25,3,5,3.5,1.571182
4110,25,3,6,3.5,1.836114
4111,25,3,7,3.5,1.86335
4112,25,3,8,3.5,1.879444
4113,25,3,9,3.5,2.175326
4114,25,3,10,3.5,2.35855
4115,25,3,11,3.5,2.406832
4116,25,3,12,3.5,2.214942
4117,25,3,13,3.5,2.763376
4118,25,3,14,3.5,3.108778
4119,25,3,15,3.5,3.22515
4120,25,3,16,3.5,2.838894
4121,25,3,17,3.5,2.081238
4122,25,3,18,3.5,1.3392
4123,25,3,19,3.5,1.2783
4124,25,3,20,3.5,1.18695
4125,25,3,21,3.5,1.3224
4126,25,3,22,3.5,1.687554
4127,25,3,23,3.5,2.415498
4128,25,4,0,3.5,2.535584
4129,25,4,1,3.5,2.790612
4130,25,4,2,3.5,2.291698
4131,25,4,3,3.5,1.567468
4132,25,4,4,3.5,1.7705
4133,25,4,5,3.5,1.709838
4134,25,4,6,3.5,1.618226
4135,25,4,7,3.5,1.631844
4136,25,4,8,3.5,1.52909
4137,25,4,9,3.5,1.725932
4138,25,4,10,3.5,1.891824
4139,25,4,11,3.5,2.139424
4140,25,4,12,3.5,2.24094
4141,25,4,13,3.5,2.390738
4142,25,4,14,3.5,2.331314
4143,25,4,15,3.5,2.16047
4144,25,4,16,3.5,1.582324
4145,25,4,17,3.5,1.08405
4146,25,4,18,3.5,0.91416
4147,25,4,19,3.5,0.854464
4148,25,4,20,3.5,0.887224
4149,25,4,21,3.5,0.8632
4150,25,4,22,3.5,0.789672
4151,25,4,23,3.5,0.919256
4152,25,5,0,3.5,1.21425
4153,25,5,1,3.5,1.42635
4154,25,5,2,3.5,1.941344
4155,25,5,3,3.5,2.176564
4156,25,5,4,3.5,2.235988
4157,25,5,5,3.5,1.88811
4158,25,5,6,3.5,1.59099
4159,25,5,7,3.5,2.176564
4160,25,5,8,3.5,2.051526
4161,25,5,9,3.5,2.592532
4162,25,5,10,3.5,2.642052
4163,25,5,11,3.5,2.363502
4164,25,5,12,3.5,2.180278
4165,25,5,13,3.5,2.153042
4166,25,5,14,3.5,2.287984
4167,25,5,15,3.5,2.582628
4168,25,5,16,3.5,2.405594
4169,25,5,17,3.5,2.541774
4170,25,5,18,3.5,2.59996
4171,25,5,19,3.5,3.043164
4172,25,5,20,3.5,3.038212
4173,25,5,21,3.5,3.308096
4174,25,5,22,3.5,3.42323
4175,25,5,23,3.5,3.26229
4176,25,6,0,3.5,3.16944
4177,25,6,1,3.5,3.216484
4178,25,6,2,3.5,3.5
4179,25,6,3,3.5,2.583866
4180,25,6,4,3.5,2.871082
4181,25,6,5,3.5,3.155822
4182,25,6,6,3.5,3.11992
4183,25,6,7,3.5,2.812896
4184,25,6,8,3.5,3.072876
4185,25,6,9,3.5,3.015928
4186,25,6,10,3.5,2.628434
4187,25,6,11,3.5,2.956504
4188,25,6,12,3.5,3.1942
4189,25,6,13,3.5,2.843846
4190,25,6,14,3.5,2.722522
4191,25,6,15,3.5,2.77947
4192,25,6,16,3.5,2.217418
4193,25,6,17,3.5,2.133234
4194,25,6,18,3.5,2.18523
4195,25,6,19,3.5,2.162946
4196,25,6,20,3.5,1.917822
4197,25,6,21,3.5,1.961152
4198,25,6,22,3.5,2.322648
4199,25,6,23,3.5,1.794022
4200,26,0,0,3.5,2.046574
4201,26,0,1,3.5,2.208752
4202,26,0,2,3.5,2.405594
4203,26,0,3,3.5,2.633386
4204,26,0,4,3.5,2.788136
4205,26,0,5,3.5,2.87232
4206,26,0,6,3.5,2.910698
4207,26,0,7,3.5,2.856226
4208,26,0,8,3.5,3.145918
4209,26,0,9,3.5,3.5
4210,26,0,10,3.5,3.5
4211,26,0,11,3.5,3.5
4212,26,0,12,3.5,3.5
4213,26,0,13,3.5,3.5
4214,26,0,14,3.5,3.3799
4215,26,0,15,3.5,3.5
4216,26,0,16,3.5,3.407136
4217,26,0,17,3.5,2.902032
4218,26,0,18,3.5,2.81042
4219,26,0,19,3.5,2.706428
4220,26,0,20,3.5,2.421688
4221,26,0,21,3.5,2.63091
4222,26,0,22,3.5,2.310268
4223,26,0,23,3.5,2.768328
4224,26,1,0,3.5,2.436544
4225,26,1,1,3.5,3.040688
4226,26,1,2,3.5,3.159536
4227,26,1,3,3.5,2.660622
4228,26,1,4,3.5,2.7609
4229,26,1,5,3.5,2.712618
4230,26,1,6,3.5,2.772042
4231,26,1,7,3.5,2.924316
4232,26,1,8,3.5,2.957742
4233,26,1,9,3.5,3.471512
4234,26,1,10,3.5,3.5
4235,26,1,11,3.5,3.5
4236,26,1,12,3.5,3.5
4237,26,1,13,3.5,3.5
4238,26,1,14,3.5,3.160774
4239,26,1,15,3.5,2.664336
4240,26,1,16,3.5,1.88811
4241,26,1,17,3.5,1.15335
4242,26,1,18,3.5,0.807144
4243,26,1,19,3.5,0.742352
4244,26,1,20,3.5,0.787488
4245,26,1,21,3.5,0.679744
4246,26,1,22,3.5,0.748904
4247,26,1,23,3.5,1.468428
4248,26,2,0,3.5,1.846018
4249,26,2,1,3.5,2.299126
4250,26,2,2,3.5,1.879444
4251,26,2,3,3.5,2.546726
4252,26,2,4,3.5,2.291698
4253,26,2,5,3.5,1.517948
4254,26,2,6,3.5,1.52909
4255,26,2,7,3.5,1.40955
4256,26,2,8,3.5,1.419
4257,26,2,9,3.5,1.54147
4258,26,2,10,3.5,1.754406
4259,26,2,11,3.5,1.802688
4260,26,2,12,3.5,2.084952
4261,26,2,13,3.5,2.446448
4262,26,2,14,3.5,2.349884
4263,26,2,15,3.5,2.354836
4264,26,2,16,3.5,2.219894
4265,26,2,17,3.5,1.88811
4266,26,2,18,3.5,1.56623
4267,26,2,19,3.5,1.42005
4268,26,2,20,3.5,1.493188
4269,26,2,21,3.5,1.30455
4270,26,2,22,3.5,0.95175
4271,26,2,23,3.5,0.885768
4272,26,3,0,3.5,1.083
4273,26,3,1,3.5,1.2405
4274,26,3,2,3.5,1.27095
4275,26,3,3,3.5,1.03575
4276,26,3,4,3.5,0.878488
4277,26,3,5,3.5,1.3014
4278,26,3,6,3.5,1.0284
4279,26,3,7,3.5,1.1607
4280,26,3,8,3.5,1.14915
4281,26,3,9,3.5,1.655366
4282,26,3,10,3.5,1.941344
4283,26,3,11,3.5,2.313982
4284,26,3,12,3.5,2.471208
4285,26,3,13,3.5,2.16047
4286,26,3,14,3.5,2.462542
4287,26,3,15,3.5,2.248368
4288,26,3,16,3.5,1.9562
4289,26,3,17,3.5,1.59099
4290,26,3,18,3.5,1.732122
4291,26,3,19,3.5,1.805164
4292,26,3,20,3.5,1.964866
4293,26,3,21,3.5,2.101046
4294,26,3,22,3.5,2.326362
4295,26,3,23,3.5,3.127348
4296,26,4,0,3.5,3.137252
4297,26,4,1,3.5,3.341522
4298,26,4,2,3.5,3.26848
4299,26,4,3,3.5,2.951552
4300,26,4,4,3.5,2.585104
4301,26,4,5,3.5,1.96239
4302,26,4,6,3.5,1.612036
4303,26,4,7,3.5,1.647938
4304,26,4,8,3.5,1.31295
4305,26,4,9,3.5,1.59099
4306,26,4,10,3.5,1.512996
4307,26,4,11,3.5,1.703648
4308,26,4,12,3.5,1.794022
4309,26,4,13,3.5,1.744502
4310,26,4,14,3.5,2.025528
4311,26,4,15,3.5,1.756882
4312,26,4,16,3.5,1.36335
4313,26,4,17,3.5,1.03995
4314,26,4,18,3.5,0.865384
4315,26,4,19,3.5,0.918528
4316,26,4,20,3.5,0.766376
4317,26,4,21,3.5,0.827528
4318,26,4,22,3.5,0.796952
4319,26,4,23,3.5,0.9864
4320,26,5,0,3.5,1.08405
4321,26,5,1,3.5,1.961152
4322,26,5,2,3.5,1.62813
4323,26,5,3,3.5,1.2258
4324,26,5,4,3.5,1.2909
4325,26,5,5,3.5,1.22475
4326,26,5,6,3.5,0.8996
4327,26,5,7,3.5,0.92872
4328,26,5,8,3.5,0.9906
4329,26,5,9,3.5,1.3497
4330,26,5,10,3.5,1.729646
4331,26,5,11,3.5,2.27808
4332,26,5,12,3.5,2.38331
4333,26,5,13,3.5,2.273128
4334,26,5,14,3.5,2.010672
4335,26,5,15,3.5,2.010672
4336,26,5,16,3.5,1.82002
4337,26,5,17,3.5,1.4505
4338,26,5,18,3.5,1.0872
4339,26,5,19,3.5,1.01475
4340,26,5,20,3.5,0.8086
4341,26,5,21,3.5,0.73944
4342,26,5,22,3.5,0.751088
4343,26,5,23,3.5,0.887952
4344,26,6,0,3.5,0.909792
4345,26,6,1,3.5,1.34025
4346,26,6,2,3.5,1.630606
4347,26,6,3,3.5,2.169136
4348,26,6,4,3.5,2.299126
4349,26,6,5,3.5,3.04564
4350,26,6,6,3.5,2.904508
4351,26,6,7,3.5,2.274366
4352,26,6,8,3.5,1.419
4353,26,6,9,3.5,1.42635
4354,26,6,10,3.5,1.623178
4355,26,6,11,3.5,1.697458
4356,26,6,12,3.5,1.984674
4357,26,6,13,3.5,2.492254
4358,26,6,14,3.5,2.504634
4359,26,6,15,3.5,2.405594
4360,26,6,16,3.5,2.014386
4361,26,6,17,3.5,1.562516
4362,26,6,18,3.5,1.32555
4363,26,6,19,3.5,1.17645
4364,26,6,20,3.5,1.03995
4365,26,6,21,3.5,1.11765
4366,26,6,22,3.5,1.2678
4367,26,6,23,3.5,1.790308
4368,27,0,0,3.5,1.928964
4369,27,0,1,3.5,1.774214
4370,27,0,2,3.5,2.415498
4371,27,0,3,3.5,2.788136
4372,27,0,4,3.5,2.632148
4373,27,0,5,3.5,1.810116
4374,27,0,6,3.5,0.889408
4375,27,0,7,3.5,0.914888
4376,27,0,8,3.5,1.26675
4377,27,0,9,3.5,1.49195
4378,27,0,10,3.5,2.072572
4379,27,0,11,3.5,2.208752
4380,27,0,12,3.5,2.249606
4381,27,0,13,3.5,2.325124
4382,27,0,14,3.5,2.954028
4383,27,0,15,3.5,2.868606
4384,27,0,16,3.5,2.465018
4385,27,0,17,3.5,2.362264
4386,27,0,18,3.5,1.96858
4387,27,0,19,3.5,1.997054
4388,27,0,20,3.5,1.564992
4389,27,0,21,3.5,1.676412
4390,27,0,22,3.5,1.607084
4391,27,0,23,3.5,2.06762
4392,27,1,0,3.5,1.744502
4393,27,1,1,3.5,1.977246
4394,27,1,2,3.5,2.12952
4395,27,1,3,3.5,1.831162
4396,27,1,4,3.5,1.728408
4397,27,1,5,3.5,1.48576
4398,27,1,6,3.5,1.1565
4399,27,1,7,3.5,0.9801
4400,27,1,8,3.5,1.21845
4401,27,1,9,3.5,1.3959
4402,27,1,10,3.5,1.501854
4403,27,1,11,3.5,1.546422
4404,27,1,12,3.5,1.74574
4405,27,1,13,3.5,1.928964
4406,27,1,14,3.5,1.945058
4407,27,1,15,3.5,1.724694
4408,27,1,16,3.5,1.639272
4409,27,1,17,3.5,1.644224
4410,27,1,18,3.5,1.496902
4411,27,1,19,3.5,1.56623
4412,27,1,20,3.5,1.32555
4413,27,1,21,3.5,1.854684
4414,27,1,22,3.5,1.704886
4415,27,1,23,3.5,2.054002
4416,27,2,0,3.5,1.879444
4417,27,2,1,3.5,2.242178
4418,27,2,2,3.5,2.20999
4419,27,2,3,3.5,2.573962
4420,27,2,4,3.5,2.28427
4421,27,2,5,3.5,1.737074
4422,27,2,6,3.5,1.761834
4423,27,2,7,3.5,1.598418
4424,27,2,8,3.5,1.86335
4425,27,2,9,3.5,2.041622
4426,27,2,10,3.5,2.051526
4427,27,2,11,3.5,1.893062
4428,27,2,12,3.5,2.33998
4429,27,2,13,3.5,2.658146
4430,27,2,14,3.5,2.421688
4431,27,2,15,3.5,2.183992
4432,27,2,16,3.5,1.917822
4433,27,2,17,3.5,1.532804
4434,27,2,18,3.5,1.564992
4435,27,2,19,3.5,1.902966
4436,27,2,20,3.5,1.988388
4437,27,2,21,3.5,1.7086
4438,27,2,22,3.5,1.864588
4439,27,2,23,3.5,2.239702
4440,27,3,0,3.5,2.231036
4441,27,3,1,3.5,2.842608
4442,27,3,2,3.5,2.715094
4443,27,3,3,3.5,2.840132
4444,27,3,4,3.5,2.52568
4445,27,3,5,3.5,2.950314
4446,27,3,6,3.5,2.795564
4447,27,3,7,3.5,2.715094
4448,27,3,8,3.5,2.120854
4449,27,3,9,3.5,2.23475
4450,27,3,10,3.5,2.243416
4451,27,3,11,3.5,2.157994
4452,27,3,12,3.5,2.094856
4453,27,3,13,3.5,1.96858
4454,27,3,14,3.5,1.884396
4455,27,3,15,3.5,1.96858
4456,27,3,16,3.5,1.91287
4457,27,3,17,3.5,1.843542
4458,27,3,18,3.5,1.27725
4459,27,3,19,3.5,1.11555
4460,27,3,20,3.5,0.684112
4461,27,3,21,3.5,0.634608
4462,27,3,22,3.5,0.68484
4463,27,3,23,3.5,0.684112
4464,27,4,0,3.5,0.96015
4465,27,4,1,3.5,1.2426
4466,27,4,2,3.5,1.35705
4467,27,4,3,3.5,1.573658
4468,27,4,4,3.5,1.72098
4469,27,4,5,3.5,1.630606
4470,27,4,6,3.5,1.921536
4471,27,4,7,3.5,1.961152
4472,27,4,8,3.5,1.928964
4473,27,4,9,3.5,1.948772
4474,27,4,10,3.5,2.274366
4475,27,4,11,3.5,2.406832
4476,27,4,12,3.5,2.4514
4477,27,4,13,3.5,2.462542
4478,27,4,14,3.5,2.664336
4479,27,4,15,3.5,2.722522
4480,27,4,16,3.5,2.40188
4481,27,4,17,3.5,1.880682
4482,27,4,18,3.5,1.848494
4483,27,4,19,3.5,2.026766
4484,27,4,20,3.5,2.18523
4485,27,4,21,3.5,2.305316
4486,27,4,22,3.5,2.62472
4487,27,4,23,3.5,3.04564
4488,27,5,0,3.5,2.177802
4489,27,5,1,3.5,2.707666
4490,27,5,2,3.5,2.697762
4491,27,5,3,3.5,2.486064
4492,27,5,4,3.5,2.130758
4493,27,5,5,3.5,2.00572
4494,27,5,6,3.5,1.93763
4495,27,5,7,3.5,2.103522
4496,27,5,8,3.5,1.874492
4497,27,5,9,3.5,2.00572
4498,27,5,10,3.5,1.833638
4499,27,5,11,3.5,1.891824
4500,27,5,12,3.5,2.015624
4501,27,5,13,3.5,1.729646
4502,27,5,14,3.5,2.294174
4503,27,5,15,3.5,2.44521
4504,27,5,16,3.5,2.23475
4505,27,5,17,3.5,1.945058
4506,27,5,18,3.5,1.867064
4507,27,5,19,3.5,1.886872
4508,27,5,20,3.5,1.794022
4509,27,5,21,3.5,1.582324
4510,27,5,22,3.5,1.2405
4511,27,5,23,3.5,1.37805
4512,27,6,0,3.5,1.37385
4513,27,6,1,3.5,1.4127
4514,27,6,2,3.5,1.09455
4515,27,6,3,3.5,0.98745
4516,27,6,4,3.5,1.30455
4517,27,6,5,3.5,1.43055
4518,27,6,6,3.5,1.25625
4519,27,6,7,3.5,1.867064
4520,27,6,8,3.5,2.726236
4521,27,6,9,3.5,2.910698
4522,27,6,10,3.5,2.502158
4523,27,6,11,3.5,2.266938
4524,27,6,12,3.5,2.332552
4525,27,6,13,3.5,2.578914
4526,27,6,14,3.5,2.512062
4527,27,6,15,3.5,2.42664
4528,27,6,16,3.5,2.035432
4529,27,6,17,3.5,1.4463
4530,27,6,18,3.5,1.05045
4531,27,6,19,3.5,1.32345
4532,27,6,20,3.5,1.39485
4533,27,6,21,3.5,1.3539
4534,27,6,22,3.5,1.1565
4535,27,6,23,3.5,1.11555
4536,28,0,0,3.5,1.1439
4537,28,0,1,3.5,1.3497
4538,28,0,2,3.5,1.827448
4539,28,0,3,3.5,2.00572
4540,28,0,4,3.5,1.855922
4541,28,0,5,3.5,1.688792
4542,28,0,6,3.5,1.921536
4543,28,0,7,3.5,1.852208
4544,28,0,8,3.5,2.029242
4545,28,0,9,3.5,2.650718
4546,28,0,10,3.5,2.55044
4547,28,0,11,3.5,2.487302
4548,28,0,12,3.5,2.24713
4549,28,0,13,3.5,2.217418
4550,28,0,14,3.5,2.153042
4551,28,0,15,3.5,1.675174
4552,28,0,16,3.5,1.36335
4553,28,0,17,3.5,1.2111
4554,28,0,18,3.5,1.11555
4555,28,0,19,3.5,1.573658
4556,28,0,20,3.5,1.74574
4557,28,0,21,3.5,1.985912
4558,28,0,22,3.5,1.806402
4559,28,0,23,3.5,1.927726
4560,28,1,0,3.5,2.363502
4561,28,1,1,3.5,3.140966
4562,28,1,2,3.5,3.5
4563,28,1,3,3.5,3.5
4564,28,1,4,3.5,3.5
4565,28,1,5,3.5,3.471512
4566,28,1,6,3.5,2.812896
4567,28,1,7,3.5,2.128282
4568,28,1,8,3.5,1.734598
4569,28,1,9,3.5,1.546422
4570,28,1,10,3.5,1.537756
4571,28,1,11,3.5,1.867064
4572,28,1,12,3.5,2.019338
4573,28,1,13,3.5,1.891824
4574,28,1,14,3.5,2.171612
4575,28,1,15,3.5,1.957438
4576,28,1,16,3.5,2.058954
4577,28,1,17,3.5,1.62194
4578,28,1,18,3.5,1.594704
4579,28,1,19,3.5,1.42005
4580,28,1,20,3.5,1.36755
4581,28,1,21,3.5,1.4505
4582,28,1,22,3.5,1.37175
4583,28,1,23,3.5,1.3287
4584,28,2,0,3.5,1.31085
4585,28,2,1,3.5,1.72098
4586,28,2,2,3.5,1.11135
4587,28,2,3,3.5,0.9801
4588,28,2,4,3.5,1.509282
4589,28,2,5,3.5,1.2048
4590,28,2,6,3.5,0.925808
4591,28,2,7,3.5,0.890136
4592,28,2,8,3.5,0.754
4593,28,2,9,3.5,1.11135
4594,28,2,10,3.5,1.45365
4595,28,2,11,3.5,1.933916
4596,28,2,12,3.5,2.134472
4597,28,2,13,3.5,2.193896
4598,28,2,14,3.5,2.103522
4599,28,2,15,3.5,1.69622
4600,28,2,16,3.5,1.34235
4601,28,2,17,3.5,1.01895
4602,28,2,18,3.5,0.858832
4603,28,2,19,3.5,0.925808
4604,28,2,20,3.5,0.9906
4605,28,2,21,3.5,1.23945
4606,28,2,22,3.5,1.87573
4607,28,2,23,3.5,1.94382
4608,28,3,0,3.5,1.60337
4609,28,3,1,3.5,2.071334
4610,28,3,2,3.5,2.520728
4611,28,3,3,3.5,2.446448
4612,28,3,4,3.5,2.200086
4613,28,3,5,3.5,2.716332
4614,28,3,6,3.5,2.845084
4615,28,3,7,3.5,2.32141
4616,28,3,8,3.5,2.387024
4617,28,3,9,3.5,2.353598
4618,28,3,10,3.5,2.151804
4619,28,3,11,3.5,1.904204
4620,28,3,12,3.5,1.895538
4621,28,3,13,3.5,1.920298
4622,28,3,14,3.5,1.924012
4623,28,3,15,3.5,2.088666
4624,28,3,16,3.5,1.988388
4625,28,3,17,3.5,1.957438
4626,28,3,18,3.5,1.685078
4627,28,3,19,3.5,2.002006
4628,28,3,20,3.5,1.936392
4629,28,3,21,3.5,1.969818
4630,28,3,22,3.5,2.55663
4631,28,3,23,3.5,3.11373
4632,28,4,0,3.5,3.42323
4633,28,4,1,3.5,3.5
4634,28,4,2,3.5,3.5
4635,28,4,3,3.5,3.5
4636,28,4,4,3.5,3.5
4637,28,4,5,3.5,3.360092
4638,28,4,6,3.5,3.043164
4639,28,4,7,3.5,3.075352
4640,28,4,8,3.5,2.856226
4641,28,4,9,3.5,3.129824
4642,28,4,10,3.5,2.843846
4643,28,4,11,3.5,3.097636
4644,28,4,12,3.5,3.428182
4645,28,4,13,3.5,3.5
4646,28,4,14,3.5,3.334094
4647,28,4,15,3.5,2.781946
4648,28,4,16,3.5,1.916584
4649,28,4,17,3.5,2.118378
4650,28,4,18,3.5,2.427878
4651,28,4,19,3.5,2.2038
4652,28,4,20,3.5,1.79526
4653,28,4,21,3.5,1.932678
4654,28,4,22,3.5,2.070096
4655,28,4,23,3.5,1.660318
4656,28,5,0,3.5,1.953724
4657,28,5,1,3.5,2.305316
4658,28,5,2,3.5,2.481112
4659,28,5,3,3.5,2.201324
4660,28,5,4,3.5,2.242178
4661,28,5,5,3.5,2.706428
4662,28,5,6,3.5,2.98993
4663,28,5,7,3.5,2.738616
4664,28,5,8,3.5,2.452638
4665,28,5,9,3.5,2.71138
4666,28,5,10,3.5,2.738616
4667,28,5,11,3.5,2.950314
4668,28,5,12,3.5,3.314286
4669,28,5,13,3.5,3.5
4670,28,5,14,3.5,3.16325
4671,28,5,15,3.5,2.59377
4672,28,5,16,3.5,1.883158
4673,28,5,17,3.5,1.573658
4674,28,5,18,3.5,1.2195
4675,28,5,19,3.5,1.0452
4676,28,5,20,3.5,0.796952
4677,28,5,21,3.5,1.20585
4678,28,5,22,3.5,1.537756
4679,28,5,23,3.5,2.087428
4680,28,6,0,3.5,2.354836
4681,28,6,1,3.5,2.8228
4682,28,6,2,3.5,2.83518
4683,28,6,3,3.5,3.025832
4684,28,6,4,3.5,2.634624
4685,28,6,5,3.5,2.361026
4686,28,6,6,3.5,1.858398
4687,28,6,7,3.5,1.786594
4688,28,6,8,3.5,1.777928
4689,28,6,9,3.5,2.015624
4690,28,6,10,3.5,1.920298
4691,28,6,11,3.5,2.119616
4692,28,6,12,3.5,2.598722
4693,28,6,13,3.5,2.833942
4694,28,6,14,3.5,2.577676
4695,28,6,15,3.5,2.046574
4696,28,6,16,3.5,1.3539
4697,28,6,17,3.5,0.807144
4698,28,6,18,3.5,0.818064
4699,28,6,19,3.5,1.1334
4700,28,6,20,3.5,1.10085
4701,28,6,21,3.5,1.01265
4702,28,6,22,3.5,1.2636
4703,28,6,23,3.5,1.2636
4704,29,0,0,3.5,1.29825
4705,29,0,1,3.5,1.24995
4706,29,0,2,3.5,1.521662
4707,29,0,3,3.5,1.36755
4708,29,0,4,3.5,1.3497
4709,29,0,5,3.5,1.34655
4710,29,0,6,3.5,1.3161
4711,29,0,7,3.5,1.20795
4712,29,0,8,3.5,0.98745
4713,29,0,9,3.5,1.02105
4714,29,0,10,3.5,1.29195
4715,29,0,11,3.5,1.501854
4716,29,0,12,3.5,1.571182
4717,29,0,13,3.5,1.626892
4718,29,0,14,3.5,1.93144
4719,29,0,15,3.5,1.827448
4720,29,0,16,3.5,1.3812
4721,29,0,17,3.5,1.3119
4722,29,0,18,3.5,1.35285
4723,29,0,19,3.5,1.777928
4724,29,0,20,3.5,1.909156
4725,29,0,21,3.5,2.164184
4726,29,0,22,3.5,1.806402
4727,29,0,23,3.5,1.998292
4728,29,1,0,3.5,1.692506
4729,29,1,1,3.5,1.626892
4730,29,1,2,3.5,1.52909
4731,29,1,3,3.5,1.537756
4732,29,1,4,3.5,1.2678
4733,29,1,5,3.5,1.03995
4734,29,1,6,3.5,1.05255
4735,29,1,7,3.5,1.484522
4736,29,1,8,3.5,0.97695
4737,29,1,9,3.5,1.40115
4738,29,1,10,3.5,1.660318
4739,29,1,11,3.5,2.322648
4740,29,1,12,3.5,2.33998
4741,29,1,13,3.5,2.348646
4742,29,1,14,3.5,1.998292
4743,29,1,15,3.5,1.660318
4744,29,1,16,3.5,1.573658
4745,29,1,17,3.5,1.11555
4746,29,1,18,3.5,0.96015
4747,29,1,19,3.5,0.99165
4748,29,1,20,3.5,1.40535
4749,29,1,21,3.5,1.867064
4750,29,1,22,3.5,1.505568
4751,29,1,23,3.5,1.774214
4752,29,2,0,3.5,2.16047
4753,29,2,1,3.5,2.795564
4754,29,2,2,3.5,3.029546
4755,29,2,3,3.5,2.64329
4756,29,2,4,3.5,2.64329
4757,29,2,5,3.5,2.518252
4758,29,2,6,3.5,2.546726
4759,29,2,7,3.5,2.858702
4760,29,2,8,3.5,2.997358
4761,29,2,9,3.5,3.303144
4762,29,2,10,3.5,3.5
4763,29,2,11,3.5,3.49751
4764,29,2,12,3.5,3.5
4765,29,2,13,3.5,3.5
4766,29,2,14,3.5,3.5
4767,29,2,15,3.5,3.5
4768,29,2,16,3.5,3.127348
4769,29,2,17,3.5,2.202562
4770,29,2,18,3.5,1.495664
4771,29,2,19,3.5,1.526614
4772,29,2,20,3.5,1.47957
4773,29,2,21,3.5,1.34235
4774,29,2,22,3.5,1.493188
4775,29,2,23,3.5,1.469666
4776,29,3,0,3.5,1.99334
4777,29,3,1,3.5,2.673002
4778,29,3,2,3.5,2.665574
4779,29,3,3,3.5,2.846322
4780,29,3,4,3.5,2.517014
4781,29,3,5,3.5,1.872016
4782,29,3,6,3.5,1.790308
4783,29,3,7,3.5,1.852208
4784,29,3,8,3.5,1.419
4785,29,3,9,3.5,1.602132
4786,29,3,10,3.5,1.631844
4787,29,3,11,3.5,1.740788
4788,29,3,12,3.5,1.889348
4789,29,3,13,3.5,2.706428
4790,29,3,14,3.5,2.635862
4791,29,3,15,3.5,2.24094
4792,29,3,16,3.5,2.06762
4793,29,3,17,3.5,1.557564
4794,29,3,18,3.5,1.2783
4795,29,3,19,3.5,1.0872
4796,29,3,20,3.5,0.83772
4797,29,3,21,3.5,0.79404
4798,29,3,22,3.5,1.0011
4799,29,3,23,3.5,1.44315
4800,29,4,0,3.5,1.932678
4801,29,4,1,3.5,2.076286
4802,29,4,2,3.5,2.130758
4803,29,4,3,3.5,2.060192
4804,29,4,4,3.5,2.08
4805,29,4,5,3.5,2.567772
4806,29,4,6,3.5,2.706428
4807,29,4,7,3.5,2.486064
4808,29,4,8,3.5,2.276842
4809,29,4,9,3.5,2.473684
4810,29,4,10,3.5,2.175326
4811,29,4,11,3.5,2.436544
4812,29,4,12,3.5,2.609864
4813,29,4,13,3.5,2.49473
4814,29,4,14,3.5,2.517014
4815,29,4,15,3.5,2.089904
4816,29,4,16,3.5,2.09238
4817,29,4,17,3.5,1.660318
4818,29,4,18,3.5,1.32975
4819,29,4,19,3.5,1.2384
4820,29,4,20,3.5,1.2636
4821,29,4,21,3.5,1.36755
4822,29,4,22,3.5,1.985912
4823,29,4,23,3.5,2.679192
4824,29,5,0,3.5,2.607388
4825,29,5,1,3.5,3.154584
4826,29,5,2,3.5,3.40466
4827,29,5,3,3.5,3.331618
4828,29,5,4,3.5,3.071638
4829,29,5,5,3.5,3.238768
4830,29,5,6,3.5,2.8847
4831,29,5,7,3.5,3.457894
4832,29,5,8,3.5,3.097636
4833,29,5,9,3.5,3.5
4834,29,5,10,3.5,3.278384
4835,29,5,11,3.5,3.11992
4836,29,5,12,3.5,2.639576
4837,29,5,13,3.5,2.430354
4838,29,5,14,3.5,2.114664
4839,29,5,15,3.5,1.28145
4840,29,5,16,3.5,0.98115
4841,29,5,17,3.5,0.925808
4842,29,5,18,3.5,0.866112
4843,29,5,19,3.5,1.0662
4844,29,5,20,3.5,0.96015
4845,29,5,21,3.5,0.9528
4846,29,5,22,3.5,0.96225
4847,29,5,23,3.5,1.550136
4848,29,6,0,3.5,1.484522
4849,29,6,1,3.5,1.794022
4850,29,6,2,3.5,1.855922
4851,29,6,3,3.5,1.85097
4852,29,6,4,3.5,1.680126
4853,29,6,5,3.5,1.852208
4854,29,6,6,3.5,2.00572
4855,29,6,7,3.5,2.707666
4856,29,6,8,3.5,2.411784
4857,29,6,9,3.5,3.178106
4858,29,6,10,3.5,3.056782
4859,29,6,11,3.5,3.387328
4860,29,6,12,3.5,3.282098
4861,29,6,13,3.5,2.961456
4862,29,6,14,3.5,2.592532
4863,29,6,15,3.5,2.342456
4864,29,6,16,3.5,2.24713
4865,29,6,17,3.5,2.331314
4866,29,6,18,3.5,1.692506
4867,29,6,19,3.5,2.087428
4868,29,6,20,3.5,1.93763
4869,29,6,21,3.5,2.403118
4870,29,6,22,3.5,2.27189
4871,29,6,23,3.5,2.43283
4872,30,0,0,3.5,2.2038
4873,30,0,1,3.5,2.372168
4874,30,0,2,3.5,1.724694
4875,30,0,3,3.5,1.66527
4876,30,0,4,3.5,1.484522
4877,30,0,5,3.5,1.2846
4878,30,0,6,3.5,1.1985
4879,30,0,7,3.5,1.2153
4880,30,0,8,3.5,1.32345
4881,30,0,9,3.5,1.579848
4882,30,0,10,3.5,2.084952
4883,30,0,11,3.5,2.460066
4884,30,0,12,3.5,2.4514
4885,30,0,13,3.5,2.497206
4886,30,0,14,3.5,2.486064
4887,30,0,15,3.5,1.96858
4888,30,0,16,3.5,1.589752
4889,30,0,17,3.5,1.14285
4890,30,0,18,3.5,0.9423
4891,30,0,19,3.5,1.05255
4892,30,0,20,3.5,0.903968
4893,30,0,21,3.5,0.936
4894,30,0,22,3.5,1.00845
4895,30,0,23,3.5,0.97275
4896,30,1,0,3.5,1.34655
4897,30,1,1,3.5,1.655366
4898,30,1,2,3.5,2.243416
4899,30,1,3,3.5,2.460066
4900,30,1,4,3.5,2.904508
4901,30,1,5,3.5,2.738616
4902,30,1,6,3.5,2.846322
4903,30,1,7,3.5,2.96517
4904,30,1,8,3.5,2.874796
4905,30,1,9,3.5,3.13849
4906,30,1,10,3.5,3.134776
4907,30,1,11,3.5,3.5
4908,30,1,12,3.5,3.5
4909,30,1,13,3.5,3.5
4910,30,1,14,3.5,3.366282
4911,30,1,15,3.5,3.227626
4912,30,1,16,3.5,3.220198
4913,30,1,17,3.5,3.258576
4914,30,1,18,3.5,3.090208
4915,30,1,19,3.5,3.065448
4916,30,1,20,3.5,2.78566
4917,30,1,21,3.5,2.715094
4918,30,1,22,3.5,2.87232
4919,30,1,23,3.5,2.689096
4920,30,2,0,3.5,2.573962
4921,30,2,1,3.5,2.721284
4922,30,2,2,3.5,2.689096
4923,30,2,3,3.5,2.120854
4924,30,2,4,3.5,1.46719
4925,30,2,5,3.5,1.40115
4926,30,2,6,3.5,1.687554
4927,30,2,7,3.5,1.93763
4928,30,2,8,3.5,1.864588
4929,30,2,9,3.5,2.530632
4930,30,2,10,3.5,2.935458
4931,30,2,11,3.5,2.712618
4932,30,2,12,3.5,2.861178
4933,30,2,13,3.5,3.030784
4934,30,2,14,3.5,3.041926
4935,30,2,15,3.5,2.70519
4936,30,2,16,3.5,2.356074
4937,30,2,17,3.5,1.91287
4938,30,2,18,3.5,1.822496
4939,30,2,19,3.5,1.818782
4940,30,2,20,3.5,1.920298
4941,30,2,21,3.5,2.679192
4942,30,2,22,3.5,3.5
4943,30,2,23,3.5,3.5
4944,30,3,0,3.5,3.5
4945,30,3,1,3.5,3.5
4946,30,3,2,3.5,3.5
4947,30,3,3,3.5,3.05802
4948,30,3,4,3.5,1.713552
4949,30,3,5,3.5,1.3371
4950,30,3,6,3.5,1.34025
4951,30,3,7,3.5,1.623178
4952,30,3,8,3.5,2.019338
4953,30,3,9,3.5,2.492254
4954,30,3,10,3.5,3.345236
4955,30,3,11,3.5,3.5
4956,30,3,12,3.5,3.5
4957,30,3,13,3.5,3.5
4958,30,3,14,3.5,3.5
4959,30,3,15,3.5,3.493796
4960,30,3,16,3.5,2.840132
4961,30,3,17,3.5,2.307792
4962,30,3,18,3.5,1.998292
4963,30,3,19,3.5,2.118378
4964,30,3,20,3.5,2.369692
4965,30,3,21,3.5,2.541774
4966,30,3,22,3.5,2.781946
4967,30,3,23,3.5,3.137252
4968,30,4,0,3.5,2.906984
4969,30,4,1,3.5,2.749758
4970,30,4,2,3.5,2.676716
4971,30,4,3,3.5,2.44521
4972,30,4,4,3.5,2.112188
4973,30,4,5,3.5,2.31522
4974,30,4,6,3.5,2.162946
4975,30,4,7,3.5,2.187706
4976,30,4,8,3.5,2.54425
4977,30,4,9,3.5,2.82899
4978,30,4,10,3.5,2.58139
4979,30,4,11,3.5,2.598722
4980,30,4,12,3.5,3.007262
4981,30,4,13,3.5,3.066686
4982,30,4,14,3.5,2.919364
4983,30,4,15,3.5,2.552916
4984,30,4,16,3.5,2.23475
4985,30,4,17,3.5,1.753168
4986,30,4,18,3.5,1.525376
4987,30,4,19,3.5,1.41585
4988,30,4,20,3.5,1.3497
4989,30,4,21,3.5,1.3749
4990,30,4,22,3.5,1.534042
4991,30,4,23,3.5,2.125806
4992,30,5,0,3.5,2.102284
4993,30,5,1,3.5,2.60615
4994,30,5,2,3.5,3.081542
4995,30,5,3,3.5,3.360092
4996,30,5,4,3.5,2.8228
4997,30,5,5,3.5,1.635558
4998,30,5,6,3.5,1.961152
4999,30,5,7,3.5,1.534042
5000,30,5,8,3.5,1.27095
5001,30,5,9,3.5,1.1712
5002,30,5,10,3.5,1.608322
5003,30,5,11,3.5,2.306554
5004,30,5,12,3.5,2.871082
5005,30,5,13,3.5,3.129824
5006,30,5,14,3.5,3.023356
5007,30,5,15,3.5,2.49473
5008,30,5,16,3.5,1.86335
5009,30,5,17,3.5,1.14915
5010,30,5,18,3.5,0.87776
5011,30,5,19,3.5,1.0179
5012,30,5,20,3.5,1.23945
5013,30,5,21,3.5,1.06725
5014,30,5,22,3.5,1.2468
5015,30,5,23,3.5,1.598418
5016,30,6,0,3.5,1.512996
5017,30,6,1,3.5,1.47957
5018,30,6,2,3.5,1.489474
5019,30,6,3,3.5,1.54147
5020,30,6,4,3.5,1.377
5021,30,6,5,3.5,1.25415
5022,30,6,6,3.5,1.22265
5023,30,6,7,3.5,1.21425
5024,30,6,8,3.5,1.20375
5025,30,6,9,3.5,1.46719
5026,30,6,10,3.5,1.864588
5027,30,6,11,3.5,2.082476
5028,30,6,12,3.5,1.994578
5029,30,6,13,3.5,1.904204
5030,30,6,14,3.5,1.843542
5031,30,6,15,3.5,1.740788
5032,30,6,16,3.5,1.55385
5033,30,6,17,3.5,1.732122
5034,30,6,18,3.5,1.68384
5035,30,6,19,3.5,1.92525
5036,30,6,20,3.5,1.599656
5037,30,6,21,3.5,1.647938
5038,30,6,22,3.5,1.472142
5039,30,6,23,3.5,1.619464
5040,31,0,0,3.5,1.495664
5041,31,0,1,3.5,1.47957
5042,31,0,2,3.5,1.44315
5043,31,0,3,3.5,1.31085
5044,31,0,4,3.5,1.4463
5045,31,0,5,3.5,1.24365
5046,31,0,6,3.5,1.07355
5047,31,0,7,3.5,0.858832
5048,31,0,8,3.5,0.86684
5049,31,0,9,3.5,1.16385
5050,31,0,10,3.5,1.19115
5051,31,0,11,3.5,1.30455
5052,31,0,12,3.5,1.524138
5053,31,0,13,3.5,1.893062
5054,31,0,14,3.5,2.039146
5055,31,0,15,3.5,1.672698
5056,31,0,16,3.5,1.0977
5057,31,0,17,3.5,1.46719
5058,31,0,18,3.5,1.691268
5059,31,0,19,3.5,1.82002
5060,31,0,20,3.5,1.744502
5061,31,0,21,3.5,1.989626
5062,31,0,22,3.5,1.740788
5063,31,0,23,3.5,1.79526
5064,31,1,0,3.5,1.790308
5065,31,1,1,3.5,2.483588
5066,31,1,2,3.5,2.664336
5067,31,1,3,3.5,2.40188
5068,31,1,4,3.5,1.786594
5069,31,1,5,3.5,1.716028
5070,31,1,6,3.5,1.37805
5071,31,1,7,3.5,1.928964
5072,31,1,8,3.5,1.941344
5073,31,1,9,3.5,2.416736
5074,31,1,10,3.5,2.762138
5075,31,1,11,3.5,2.812896
5076,31,1,12,3.5,3.006024
5077,31,1,13,3.5,3.275908
5078,31,1,14,3.5,3.352664
5079,31,1,15,3.5,3.048116
5080,31,1,16,3.5,2.670526
5081,31,1,17,3.5,2.399404
5082,31,1,18,3.5,2.070096
5083,31,1,19,3.5,2.013148
5084,31,1,20,3.5,1.891824
5085,31,1,21,3.5,1.941344
5086,31,1,22,3.5,1.93144
5087,31,1,23,3.5,1.872016
5088,31,2,0,3.5,1.827448
5089,31,2,1,3.5,2.034194
5090,31,2,2,3.5,2.138186
5091,31,2,3,3.5,1.777928
5092,31,2,4,3.5,1.675174
5093,31,2,5,3.5,1.469666
5094,31,2,6,3.5,1.01895
5095,31,2,7,3.5,1.1943
5096,31,2,8,3.5,1.16595
5097,31,2,9,3.5,1.36125
5098,31,2,10,3.5,1.4463
5099,31,2,11,3.5,1.521662
5100,31,2,12,3.5,1.904204
5101,31,2,13,3.5,2.015624
5102,31,2,14,3.5,2.260748
5103,31,2,15,3.5,2.050288
5104,31,2,16,3.5,1.790308
5105,31,2,17,3.5,1.537756
5106,31,2,18,3.5,1.30875
5107,31,2,19,3.5,1.3707
5108,31,2,20,3.5,1.61575
5109,31,2,21,3.5,1.38435
5110,31,2,22,3.5,1.3854
5111,31,2,23,3.5,1.87573
5112,31,3,0,3.5,1.619464
5113,31,3,1,3.5,1.765548
5114,31,3,2,3.5,2.058954
5115,31,3,3,3.5,1.798974
5116,31,3,4,3.5,1.56623
5117,31,3,5,3.5,2.081238
5118,31,3,6,3.5,1.2699
5119,31,3,7,3.5,1.22475
5120,31,3,8,3.5,1.90049
5121,31,3,9,3.5,1.982198
5122,31,3,10,3.5,2.062668
5123,31,3,11,3.5,1.928964
5124,31,3,12,3.5,2.578914
5125,31,3,13,3.5,2.982502
5126,31,3,14,3.5,2.887176
5127,31,3,15,3.5,2.936696
5128,31,3,16,3.5,2.521966
5129,31,3,17,3.5,2.437782
5130,31,3,18,3.5,2.274366
5131,31,3,19,3.5,2.23475
5132,31,3,20,3.5,2.153042
5133,31,3,21,3.5,1.985912
5134,31,3,22,3.5,2.274366
5135,31,3,23,3.5,1.704886
5136,31,4,0,3.5,1.985912
5137,31,4,1,3.5,1.626892
5138,31,4,2,3.5,1.817544
5139,31,4,3,3.5,1.43895
5140,31,4,4,3.5,2.035432
5141,31,4,5,3.5,2.399404
5142,31,4,6,3.5,2.707666
5143,31,4,7,3.5,2.681668
5144,31,4,8,3.5,2.673002
5145,31,4,9,3.5,2.699
5146,31,4,10,3.5,2.815372
5147,31,4,11,3.5,2.919364
5148,31,4,12,3.5,3.087732
5149,31,4,13,3.5,3.010976
5150,31,4,14,3.5,2.893366
5151,31,4,15,3.5,2.51949
5152,31,4,16,3.5,2.799278
5153,31,4,17,3.5,2.063906
5154,31,4,18,3.5,1.623178
5155,31,4,19,3.5,1.25205
5156,31,4,20,3.5,1.10505
5157,31,4,21,3.5,1.20795
5158,31,4,22,3.5,1.27725
5159,31,4,23,3.5,1.2804
5160,31,5,0,3.5,1.3182
5161,31,5,1,3.5,1.40115
5162,31,5,2,3.5,1.4547
5163,31,5,3,3.5,1.2972
5164,31,5,4,3.5,1.4085
5165,31,5,5,3.5,1.557564
5166,31,5,6,3.5,1.761834
5167,31,5,7,3.5,1.480808
5168,31,5,8,3.5,1.33605
5169,31,5,9,3.5,1.31925
5170,31,5,10,3.5,1.42005
5171,31,5,11,3.5,2.20999
5172,31,5,12,3.5,2.665574
5173,31,5,13,3.5,2.970122
5174,31,5,14,3.5,3.077828
5175,31,5,15,3.5,2.842608
5176,31,5,16,3.5,2.560344
5177,31,5,17,3.5,2.047812
5178,31,5,18,3.5,1.889348
5179,31,5,19,3.5,2.133234
5180,31,5,20,3.5,2.622244
5181,31,5,21,3.5,3.195438
5182,31,5,22,3.5,3.5
5183,31,5,23,3.5,3.5
5184,31,6,0,3.5,3.5
5185,31,6,1,3.5,3.5
5186,31,6,2,3.5,3.5
5187,31,6,3,3.5,3.5
5188,31,6,4,3.5,3.5
5189,31,6,5,3.5,3.5
5190,31,6,6,3.5,3.227626
5191,31,6,7,3.5,3.140966
5192,31,6,8,3.5,2.874796
5193,31,6,9,3.5,3.084018
5194,31,6,10,3.5,3.480178
5195,31,6,11,3.5,3.5
5196,31,6,12,3.5,3.5
5197,31,6,13,3.5,3.5
5198,31,6,14,3.5,3.322952
5199,31,6,15,3.5,2.817848
5200,31,6,16,3.5,2.462542
5201,31,6,17,3.5,1.75812
5202,31,6,18,3.5,1.1208
5203,31,6,19,3.5,1.50433
5204,31,6,20,3.5,1.818782
5205,31,6,21,3.5,1.893062
5206,31,6,22,3.5,2.379596
5207,31,6,23,3.5,2.858702
5208,32,0,0,3.5,3.184296
5209,32,0,1,3.5,3.475226
5210,32,0,2,3.5,3.49751
5211,32,0,3,3.5,3.421992
5212,32,0,4,3.5,2.72995
5213,32,0,5,3.5,1.555088
5214,32,0,6,3.5,1.701172
5215,32,0,7,3.5,1.42635
5216,32,0,8,3.5,1.692506
5217,32,0,9,3.5,1.675174
5218,32,0,10,3.5,1.893062
5219,32,0,11,3.5,2.201324
5220,32,0,12,3.5,2.119616
5221,32,0,13,3.5,2.374644
5222,32,0,14,3.5,2.755948
5223,32,0,15,3.5,2.744806
5224,32,0,16,3.5,2.27808
5225,32,0,17,3.5,1.749454
5226,32,0,18,3.5,1.3938
5227,32,0,19,3.5,1.688792
5228,32,0,20,3.5,1.605846
5229,32,0,21,3.5,1.644224
5230,32,0,22,3.5,1.896776
5231,32,0,23,3.5,1.623178
5232,32,1,0,3.5,1.626892
5233,32,1,1,3.5,2.31522
5234,32,1,2,3.5,2.830228
5235,32,1,3,3.5,2.540536
5236,32,1,4,3.5,2.125806
5237,32,1,5,3.5,1.868302
5238,32,1,6,3.5,1.763072
5239,32,1,7,3.5,1.610798
5240,32,1,8,3.5,1.68384
5241,32,1,9,3.5,2.462542
5242,32,1,10,3.5,3.252386
5243,32,1,11,3.5,3.5
5244,32,1,12,3.5,3.5
5245,32,1,13,3.5,3.5
5246,32,1,14,3.5,3.5
5247,32,1,15,3.5,3.282098
5248,32,1,16,3.5,2.424164
5249,32,1,17,3.5,1.61575
5250,32,1,18,3.5,1.2006
5251,32,1,19,3.5,1.38435
5252,32,1,20,3.5,1.3224
5253,32,1,21,3.5,1.4421
5254,32,1,22,3.5,1.676412
5255,32,1,23,3.5,2.249606
5256,32,2,0,3.5,2.31522
5257,32,2,1,3.5,3.449228
5258,32,2,2,3.5,3.5
5259,32,2,3,3.5,3.5
5260,32,2,4,3.5,3.5
5261,32,2,5,3.5,3.5
5262,32,2,6,3.5,3.5
5263,32,2,7,3.5,3.5
5264,32,2,8,3.5,3.5
5265,32,2,9,3.5,3.5
5266,32,2,10,3.5,3.5
5267,32,2,11,3.5,3.5
5268,32,2,12,3.5,3.5
5269,32,2,13,3.5,3.5
5270,32,2,14,3.5,3.5
5271,32,2,15,3.5,3.5
5272,32,2,16,3.5,3.5
5273,32,2,17,3.5,2.812896
5274,32,2,18,3.5,2.535584
5275,32,2,19,3.5,2.30903
5276,32,2,20,3.5,2.299126
5277,32,2,21,3.5,2.143138
5278,32,2,22,3.5,2.4514
5279,32,2,23,3.5,2.911936
5280,32,3,0,3.5,3.5
5281,32,3,1,3.5,3.5
5282,32,3,2,3.5,3.5
5283,32,3,3,3.5,3.5
5284,32,3,4,3.5,3.5
5285,32,3,5,3.5,3.122396
5286,32,3,6,3.5,2.867368
5287,32,3,7,3.5,2.778232
5288,32,3,8,3.5,2.446448
5289,32,3,9,3.5,2.15428
5290,32,3,10,3.5,2.04286
5291,32,3,11,3.5,2.577676
5292,32,3,12,3.5,2.63091
5293,32,3,13,3.5,2.95279
5294,32,3,14,3.5,2.992406
5295,32,3,15,3.5,2.894604
5296,32,3,16,3.5,2.820324
5297,32,3,17,3.5,2.664336
5298,32,3,18,3.5,2.186468
5299,32,3,19,3.5,1.805164
5300,32,3,20,3.5,2.037908
5301,32,3,21,3.5,2.114664
5302,32,3,22,3.5,2.62472
5303,32,3,23,3.5,3.15706
5304,32,4,0,3.5,3.382376
5305,32,4,1,3.5,3.33657
5306,32,4,2,3.5,3.470274
5307,32,4,3,3.5,3.195438
5308,32,4,4,3.5,3.241244
5309,32,4,5,3.5,2.71138
5310,32,4,6,3.5,2.026766
5311,32,4,7,3.5,2.207514
5312,32,4,8,3.5,2.385786
5313,32,4,9,3.5,3.015928
5314,32,4,10,3.5,3.077828
5315,32,4,11,3.5,3.072876
5316,32,4,12,3.5,3.111254
5317,32,4,13,3.5,3.28705
5318,32,4,14,3.5,3.18801
5319,32,4,15,3.5,2.733664
5320,32,4,16,3.5,2.62472
5321,32,4,17,3.5,2.221132
5322,32,4,18,3.5,2.223608
5323,32,4,19,3.5,2.08
5324,32,4,20,3.5,2.050288
5325,32,4,21,3.5,2.075048
5326,32,4,22,3.5,2.378358
5327,32,4,23,3.5,2.549202
5328,32,5,0,3.5,3.015928
5329,32,5,1,3.5,2.980026
5330,32,5,2,3.5,2.47616
5331,32,5,3,3.5,1.928964
5332,32,5,4,3.5,1.45785
5333,32,5,5,3.5,1.4505
5334,32,5,6,3.5,1.4064
5335,32,5,7,3.5,1.3266
5336,32,5,8,3.5,1.46719
5337,32,5,9,3.5,1.748216
5338,32,5,10,3.5,2.510824
5339,32,5,11,3.5,2.956504
5340,32,5,12,3.5,3.325428
5341,32,5,13,3.5,3.204104
5342,32,5,14,3.5,3.341522
5343,32,5,15,3.5,3.496272
5344,32,5,16,3.5,3.449228
5345,32,5,17,3.5,2.935458
5346,32,5,18,3.5,2.937934
5347,32,5,19,3.5,2.619768
5348,32,5,20,3.5,3.116206
5349,32,5,21,3.5,2.838894
5350,32,5,22,3.5,2.601198
5351,32,5,23,3.5,2.789374
5352,32,6,0,3.5,2.586342
5353,32,6,1,3.5,2.794326
5354,32,6,2,3.5,3.340284
5355,32,6,3,3.5,3.5
5356,32,6,4,3.5,3.5
5357,32,6,5,3.5,3.5
5358,32,6,6,3.5,3.5
5359,32,6,7,3.5,3.5
5360,32,6,8,3.5,3.5
5361,32,6,9,3.5,3.5
5362,32,6,10,3.5,3.5
5363,32,6,11,3.5,3.5
5364,32,6,12,3.5,3.5
5365,32,6,13,3.5,3.5
5366,32,6,14,3.5,3.5
5367,32,6,15,3.5,3.5
5368,32,6,16,3.5,3.5
5369,32,6,17,3.5,3.332856
5370,32,6,18,3.5,3.210294
5371,32,6,19,3.5,2.805468
5372,32,6,20,3.5,2.663098
5373,32,6,21,3.5,2.695286
5374,32,6,22,3.5,2.998596
5375,32,6,23,3.5,3.5
5376,33,0,0,3.5,3.397232
5377,33,0,1,3.5,3.5
5378,33,0,2,3.5,3.5
5379,33,0,3,3.5,3.464084
5380,33,0,4,3.5,3.253624
5381,33,0,5,3.5,3.16325
5382,33,0,6,3.5,2.852512
5383,33,0,7,3.5,2.936696
5384,33,0,8,3.5,3.065448
5385,33,0,9,3.5,3.5
5386,33,0,10,3.5,3.5
5387,33,0,11,3.5,3.5
5388,33,0,12,3.5,3.5
5389,33,0,13,3.5,3.4418
5390,33,0,14,3.5,3.5
5391,33,0,15,3.5,3.5
5392,33,0,16,3.5,3.41704
5393,33,0,17,3.5,3.059258
5394,33,0,18,3.5,2.144376
5395,33,0,19,3.5,2.372168
5396,33,0,20,3.5,2.221132
5397,33,0,21,3.5,2.576438
5398,33,0,22,3.5,3.018404
5399,33,0,23,3.5,3.5
5400,33,1,0,3.5,3.5
5401,33,1,1,3.5,3.36133
5402,33,1,2,3.5,3.5
5403,33,1,3,3.5,3.5
5404,33,1,4,3.5,3.5
5405,33,1,5,3.5,2.919364
5406,33,1,6,3.5,2.508348
5407,33,1,7,3.5,2.305316
5408,33,1,8,3.5,2.406832
5409,33,1,9,3.5,3.050592
5410,33,1,10,3.5,3.128586
5411,33,1,11,3.5,3.084018
5412,33,1,12,3.5,2.95898
5413,33,1,13,3.5,2.885938
5414,33,1,14,3.5,3.061734
5415,33,1,15,3.5,3.074114
5416,33,1,16,3.5,2.747282
5417,33,1,17,3.5,2.139424
5418,33,1,18,3.5,1.688792
5419,33,1,19,3.5,1.748216
5420,33,1,20,3.5,2.021814
5421,33,1,21,3.5,2.047812
5422,33,1,22,3.5,2.416736
5423,33,1,23,3.5,2.638338
5424,33,2,0,3.5,2.77947
5425,33,2,1,3.5,2.7609
5426,33,2,2,3.5,2.82899
5427,33,2,3,3.5,2.44521
5428,33,2,4,3.5,2.489778
5429,33,2,5,3.5,2.044098
5430,33,2,6,3.5,1.38015
5431,33,2,7,3.5,1.31505
5432,33,2,8,3.5,1.09665
5433,33,2,9,3.5,1.27515
5434,33,2,10,3.5,1.61575
5435,33,2,11,3.5,3.066686
5436,33,2,12,3.5,3.5
5437,33,2,13,3.5,3.5
5438,33,2,14,3.5,3.204104
5439,33,2,15,3.5,2.814134
5440,33,2,16,3.5,2.128282
5441,33,2,17,3.5,1.56623
5442,33,2,18,3.5,1.22475
5443,33,2,19,3.5,1.0851
5444,33,2,20,3.5,1.0557
5445,33,2,21,3.5,1.16385
5446,33,2,22,3.5,1.4064
5447,33,2,23,3.5,1.3014
5448,33,3,0,3.5,1.44945
5449,33,3,1,3.5,1.493188
5450,33,3,2,3.5,1.44315
5451,33,3,3,3.5,1.4505
5452,33,3,4,3.5,1.18695
5453,33,3,5,3.5,1.1943
5454,33,3,6,3.5,0.93915
5455,33,3,7,3.5,1.3455
5456,33,3,8,3.5,1.774214
5457,33,3,9,3.5,2.18523
5458,33,3,10,3.5,2.861178
5459,33,3,11,3.5,3.103826
5460,33,3,12,3.5,3.499986
5461,33,3,13,3.5,3.5
5462,33,3,14,3.5,3.5
5463,33,3,15,3.5,3.5
5464,33,3,16,3.5,3.284574
5465,33,3,17,3.5,3.041926
5466,33,3,18,3.5,2.552916
5467,33,3,19,3.5,2.505872
5468,33,3,20,3.5,2.656908
5469,33,3,21,3.5,2.633386
5470,33,3,22,3.5,2.963932
5471,33,3,23,3.5,3.5
5472,33,4,0,3.5,3.5
5473,33,4,1,3.5,3.5
5474,33,4,2,3.5,3.5
5475,33,4,3,3.5,3.5
5476,33,4,4,3.5,3.5
5477,33,4,5,3.5,3.081542
5478,33,4,6,3.5,3.186772
5479,33,4,7,3.5,2.789374
5480,33,4,8,3.5,2.772042
5481,33,4,9,3.5,2.986216
5482,33,4,10,3.5,3.013452
5483,33,4,11,3.5,2.994882
5484,33,4,12,3.5,3.080304
5485,33,4,13,3.5,3.241244
5486,33,4,14,3.5,3.08897
5487,33,4,15,3.5,2.772042
5488,33,4,16,3.5,2.273128
5489,33,4,17,3.5,1.953724
5490,33,4,18,3.5,1.80145
5491,33,4,19,3.5,1.468428
5492,33,4,20,3.5,1.57861
5493,33,4,21,3.5,1.489474
5494,33,4,22,3.5,1.4085
5495,33,4,23,3.5,1.618226
5496,33,5,0,3.5,1.14705
5497,33,5,1,3.5,1.16385
5498,33,5,2,3.5,1.31295
5499,33,5,3,3.5,1.05885
5500,33,5,4,3.5,1.760596
5501,33,5,5,3.5,2.039146
5502,33,5,6,3.5,2.207514
5503,33,5,7,3.5,2.31522
5504,33,5,8,3.5,2.724998
5505,33,5,9,3.5,2.972598
5506,33,5,10,3.5,3.061734
5507,33,5,11,3.5,3.180582
5508,33,5,12,3.5,3.347712
5509,33,5,13,3.5,3.332856
5510,33,5,14,3.5,3.266004
5511,33,5,15,3.5,2.699
5512,33,5,16,3.5,2.226084
5513,33,5,17,3.5,1.593466
5514,33,5,18,3.5,1.831162
5515,33,5,19,3.5,1.78907
5516,33,5,20,3.5,2.134472
5517,33,5,21,3.5,2.202562
5518,33,5,22,3.5,2.802992
5519,33,5,23,3.5,3.244958
5520,33,6,0,3.5,3.5
5521,33,6,1,3.5,3.5
5522,33,6,2,3.5,3.5
5523,33,6,3,3.5,3.5
5524,33,6,4,3.5,3.5
5525,33,6,5,3.5,3.5
5526,33,6,6,3.5,3.5
5527,33,6,7,3.5,3.5
5528,33,6,8,3.5,3.5
5529,33,6,9,3.5,3.5
5530,33,6,10,3.5,3.5
5531,33,6,11,3.5,3.5
5532,33,6,12,3.5,3.5
5533,33,6,13,3.5,3.5
5534,33,6,14,3.5,3.5
5535,33,6,15,3.5,3.350188
5536,33,6,16,3.5,3.178106
5537,33,6,17,3.5,2.632148
5538,33,6,18,3.5,2.954028
5539,33,6,19,3.5,3.267242
5540,33,6,20,3.5,3.5
5541,33,6,21,3.5,3.41704
5542,33,6,22,3.5,3.5
5543,33,6,23,3.5,3.160774
5544,34,0,0,3.5,2.81042
5545,34,0,1,3.5,2.703952
5546,34,0,2,3.5,3.162012
5547,34,0,3,3.5,2.48854
5548,34,0,4,3.5,2.337504
5549,34,0,5,3.5,2.202562
5550,34,0,6,3.5,2.0181
5551,34,0,7,3.5,2.109712
5552,34,0,8,3.5,2.289222
5553,34,0,9,3.5,2.728712
5554,34,0,10,3.5,3.090208
5555,34,0,11,3.5,3.34276
5556,34,0,12,3.5,3.430658
5557,34,0,13,3.5,3.5
5558,34,0,14,3.5,3.5
5559,34,0,15,3.5,3.5
5560,34,0,16,3.5,3.5
5561,34,0,17,3.5,3.13849
5562,34,0,18,3.5,3.116206
5563,34,0,19,3.5,3.381138
5564,34,0,20,3.5,3.179344
5565,34,0,21,3.5,2.931744
5566,34,0,22,3.5,3.26229
5567,34,0,23,3.5,3.056782
5568,34,1,0,3.5,3.5
5569,34,1,1,3.5,3.5
5570,34,1,2,3.5,3.5
5571,34,1,3,3.5,3.376186
5572,34,1,4,3.5,3.29324
5573,34,1,5,3.5,3.433134
5574,34,1,6,3.5,3.226388
5575,34,1,7,3.5,3.455418
5576,34,1,8,3.5,3.5
5577,34,1,9,3.5,3.5
5578,34,1,10,3.5,3.5
5579,34,1,11,3.5,3.5
5580,34,1,12,3.5,3.5
5581,34,1,13,3.5,3.5
5582,34,1,14,3.5,3.5
5583,34,1,15,3.5,3.5
5584,34,1,16,3.5,2.957742
5585,34,1,17,3.5,1.902966
5586,34,1,18,3.5,1.37385
5587,34,1,19,3.5,1.25415
5588,34,1,20,3.5,1.1922
5589,34,1,21,3.5,1.2468
5590,34,1,22,3.5,1.3497
5591,34,1,23,3.5,1.3875
5592,34,2,0,3.5,1.571182
5593,34,2,1,3.5,1.4022
5594,34,2,2,3.5,1.668984
5595,34,2,3,3.5,1.59099
5596,34,2,4,3.5,1.3497
5597,34,2,5,3.5,1.0116
5598,34,2,6,3.5,0.873392
5599,34,2,7,3.5,0.89232
5600,34,2,8,3.5,1.06935
5601,34,2,9,3.5,1.928964
5602,34,2,10,3.5,2.616054
5603,34,2,11,3.5,2.95898
5604,34,2,12,3.5,3.402184
5605,34,2,13,3.5,3.374948
5606,34,2,14,3.5,3.41704
5607,34,2,15,3.5,2.74233
5608,34,2,16,3.5,2.335028
5609,34,2,17,3.5,1.72098
5610,34,2,18,3.5,1.52909
5611,34,2,19,3.5,1.209
5612,34,2,20,3.5,1.2699
5613,34,2,21,3.5,1.13235
5614,34,2,22,3.5,1.20585
5615,34,2,23,3.5,1.464714
5616,34,3,0,3.5,1.550136
5617,34,3,1,3.5,1.55385
5618,34,3,2,3.5,1.3077
5619,34,3,3,3.5,1.27305
5620,34,3,4,3.5,0.901784
5621,34,3,5,3.5,0.638248
5622,34,3,6,3.5,0.459888
5623,34,3,7,3.5,0.645528
5624,34,3,8,3.5,0.876304
5625,34,3,9,3.5,1.25205
5626,34,3,10,3.5,1.551374
5627,34,3,11,3.5,1.973532
5628,34,3,12,3.5,2.585104
5629,34,3,13,3.5,2.893366
5630,34,3,14,3.5,2.960218
5631,34,3,15,3.5,2.700238
5632,34,3,16,3.5,2.51949
5633,34,3,17,3.5,2.431592
5634,34,3,18,3.5,2.330076
5635,34,3,19,3.5,2.535584
5636,34,3,20,3.5,3.5
5637,34,3,21,3.5,3.5
5638,34,3,22,3.5,3.5
5639,34,3,23,3.5,3.408374
5640,34,4,0,3.5,2.950314
5641,34,4,1,3.5,2.715094
5642,34,4,2,3.5,2.526918
5643,34,4,3,3.5,2.40188
5644,34,4,4,3.5,1.847256
5645,34,4,5,3.5,1.4232
5646,34,4,6,3.5,1.1943
5647,34,4,7,3.5,1.3875
5648,34,4,8,3.5,1.822496
5649,34,4,9,3.5,2.323886
5650,34,4,10,3.5,2.601198
5651,34,4,11,3.5,2.877272
5652,34,4,12,3.5,2.975074
5653,34,4,13,3.5,2.98374
5654,34,4,14,3.5,2.942886
5655,34,4,15,3.5,2.323886
5656,34,4,16,3.5,1.607084
5657,34,4,17,3.5,0.9696
5658,34,4,18,3.5,0.99375
5659,34,4,19,3.5,1.0872
5660,34,4,20,3.5,1.0704
5661,34,4,21,3.5,0.936
5662,34,4,22,3.5,1.4085
5663,34,4,23,3.5,1.822496
5664,34,5,0,3.5,1.496902
5665,34,5,1,3.5,1.44735
5666,34,5,2,3.5,2.0181
5667,34,5,3,3.5,2.554154
5668,34,5,4,3.5,2.54425
5669,34,5,5,3.5,1.798974
5670,34,5,6,3.5,1.29195
5671,34,5,7,3.5,1.39485
5672,34,5,8,3.5,1.33605
5673,34,5,9,3.5,2.066382
5674,34,5,10,3.5,2.103522
5675,34,5,11,3.5,2.442734
5676,34,5,12,3.5,2.793088
5677,34,5,13,3.5,3.47275
5678,34,5,14,3.5,3.332856
5679,34,5,15,3.5,3.075352
5680,34,5,16,3.5,2.911936
5681,34,5,17,3.5,2.576438
5682,34,5,18,3.5,2.237226
5683,34,5,19,3.5,2.268176
5684,34,5,20,3.5,2.198848
5685,34,5,21,3.5,2.044098
5686,34,5,22,3.5,1.876968
5687,34,5,23,3.5,1.977246
5688,34,6,0,3.5,1.93763
5689,34,6,1,3.5,1.91287
5690,34,6,2,3.5,2.208752
5691,34,6,3,3.5,2.330076
5692,34,6,4,3.5,1.966104
5693,34,6,5,3.5,1.86335
5694,34,6,6,3.5,1.63432
5695,34,6,7,3.5,1.831162
5696,34,6,8,3.5,2.273128
5697,34,6,9,3.5,2.741092
5698,34,6,10,3.5,2.913174
5699,34,6,11,3.5,3.034498
5700,34,6,12,3.5,3.102588
5701,34,6,13,3.5,3.235054
5702,34,6,14,3.5,2.966408
5703,34,6,15,3.5,2.920602
5704,34,6,16,3.5,3.189248
5705,34,6,17,3.5,3.180582
5706,34,6,18,3.5,2.960218
5707,34,6,19,3.5,2.739854
5708,34,6,20,3.5,2.642052
5709,34,6,21,3.5,2.44521
5710,34,6,22,3.5,2.390738
5711,34,6,23,3.5,2.193896
5712,35,0,0,3.5,2.118378
5713,35,0,1,3.5,1.932678
5714,35,0,2,3.5,1.839828
5715,35,0,3,3.5,1.907918
5716,35,0,4,3.5,2.034194
5717,35,0,5,3.5,2.201324
5718,35,0,6,3.5,3.160774
5719,35,0,7,3.5,3.5
5720,35,0,8,3.5,3.5
5721,35,0,9,3.5,3.5
5722,35,0,10,3.5,3.5
5723,35,0,11,3.5,3.5
5724,35,0,12,3.5,3.5
5725,35,0,13,3.5,3.499986
5726,35,0,14,3.5,3.308096
5727,35,0,15,3.5,2.697762
5728,35,0,16,3.5,2.186468
5729,35,0,17,3.5,1.92525
5730,35,0,18,3.5,1.831162
5731,35,0,19,3.5,1.42635
5732,35,0,20,3.5,1.2909
5733,35,0,21,3.5,1.25625
5734,35,0,22,3.5,1.38855
5735,35,0,23,3.5,1.644224
5736,35,1,0,3.5,1.916584
5737,35,1,1,3.5,2.00572
5738,35,1,2,3.5,1.74574
5739,35,1,3,3.5,1.69622
5740,35,1,4,3.5,1.4232
5741,35,1,5,3.5,1.32345
5742,35,1,6,3.5,1.2279
5743,35,1,7,3.5,1.461
5744,35,1,8,3.5,1.96239
5745,35,1,9,3.5,2.443972
5746,35,1,10,3.5,2.699
5747,35,1,11,3.5,2.963932
5748,35,1,12,3.5,2.812896
5749,35,1,13,3.5,2.790612
5750,35,1,14,3.5,2.682906
5751,35,1,15,3.5,2.258272
5752,35,1,16,3.5,2.107236
5753,35,1,17,3.5,1.709838
5754,35,1,18,3.5,1.631844
5755,35,1,19,3.5,1.512996
5756,35,1,20,3.5,2.695286
5757,35,1,21,3.5,2.462542
5758,35,1,22,3.5,2.716332
5759,35,1,23,3.5,3.214008
5760,35,2,0,3.5,2.918126
5761,35,2,1,3.5,2.406832
5762,35,2,2,3.5,3.024594
5763,35,2,3,3.5,3.055544
5764,35,2,4,3.5,3.24372
5765,35,2,5,3.5,2.634624
5766,35,2,6,3.5,1.969818
5767,35,2,7,3.5,1.508044
5768,35,2,8,3.5,1.01475
5769,35,2,9,3.5,1.2153
5770,35,2,10,3.5,1.639272
5771,35,2,11,3.5,2.25951
5772,35,2,12,3.5,2.576438
5773,35,2,13,3.5,2.74852
5774,35,2,14,3.5,2.831466
5775,35,2,15,3.5,2.508348
5776,35,2,16,3.5,2.372168
5777,35,2,17,3.5,2.312744
5778,35,2,18,3.5,2.037908
5779,35,2,19,3.5,2.249606
5780,35,2,20,3.5,2.919364
5781,35,2,21,3.5,2.950314
5782,35,2,22,3.5,3.190486
5783,35,2,23,3.5,3.01469
5784,35,3,0,3.5,2.831466
5785,35,3,1,3.5,2.80423
5786,35,3,2,3.5,2.699
5787,35,3,3,3.5,2.136948
5788,35,3,4,3.5,1.608322
5789,35,3,5,3.5,1.2867
5790,35,3,6,3.5,1.20585
5791,35,3,7,3.5,1.28145
5792,35,3,8,3.5,1.18485
5793,35,3,9,3.5,1.805164
5794,35,3,10,3.5,2.283032
5795,35,3,11,3.5,2.177802
5796,35,3,12,3.5,2.217418
5797,35,3,13,3.5,2.821562
5798,35,3,14,3.5,3.010976
5799,35,3,15,3.5,2.812896
5800,35,3,16,3.5,2.458828
5801,35,3,17,3.5,2.128282
5802,35,3,18,3.5,1.41165
5803,35,3,19,3.5,1.02525
5804,35,3,20,3.5,1.06305
5805,35,3,21,3.5,1.11135
5806,35,3,22,3.5,1.20795
5807,35,3,23,3.5,1.489474
5808,35,4,0,3.5,1.806402
5809,35,4,1,3.5,1.998292
5810,35,4,2,3.5,1.798974
5811,35,4,3,3.5,1.538994
5812,35,4,4,3.5,1.3434
5813,35,4,5,3.5,1.2048
5814,35,4,6,3.5,0.98955
5815,35,4,7,3.5,1.0347
5816,35,4,8,3.5,1.44315
5817,35,4,9,3.5,1.7705
5818,35,4,10,3.5,2.025528
5819,35,4,11,3.5,2.602436
5820,35,4,12,3.5,3.436848
5821,35,4,13,3.5,3.5
5822,35,4,14,3.5,3.21277
5823,35,4,15,3.5,2.687858
5824,35,4,16,3.5,2.226084
5825,35,4,17,3.5,1.79526
5826,35,4,18,3.5,1.608322
5827,35,4,19,3.5,1.96239
5828,35,4,20,3.5,1.952486
5829,35,4,21,3.5,1.9562
5830,35,4,22,3.5,1.811354
5831,35,4,23,3.5,1.760596
5832,35,5,0,3.5,1.639272
5833,35,5,1,3.5,1.655366
5834,35,5,2,3.5,1.509282
5835,35,5,3,3.5,1.36755
5836,35,5,4,3.5,1.2426
5837,35,5,5,3.5,1.26255
5838,35,5,6,3.5,1.09455
5839,35,5,7,3.5,1.14285
5840,35,5,8,3.5,1.2531
5841,35,5,9,3.5,1.847256
5842,35,5,10,3.5,2.570248
5843,35,5,11,3.5,2.900794
5844,35,5,12,3.5,2.976312
5845,35,5,13,3.5,3.301906
5846,35,5,14,3.5,3.358854
5847,35,5,15,3.5,2.77328
5848,35,5,16,3.5,2.044098
5849,35,5,17,3.5,1.699934
5850,35,5,18,3.5,1.496902
5851,35,5,19,3.5,1.0914
5852,35,5,20,3.5,1.0389
5853,35,5,21,3.5,1.02945
5854,35,5,22,3.5,1.2279
5855,35,5,23,3.5,1.43265
5856,35,6,0,3.5,1.593466
5857,35,6,1,3.5,1.876968
5858,35,6,2,3.5,2.223608
5859,35,6,3,3.5,2.351122
5860,35,6,4,3.5,2.153042
5861,35,6,5,3.5,1.798974
5862,35,6,6,3.5,1.27515
5863,35,6,7,3.5,1.0074
5864,35,6,8,3.5,1.20165
5865,35,6,9,3.5,1.78288
5866,35,6,10,3.5,2.078762
5867,35,6,11,3.5,2.217418
5868,35,6,12,3.5,2.36474
5869,35,6,13,3.5,2.479874
5870,35,6,14,3.5,2.300364
5871,35,6,15,3.5,2.010672
5872,35,6,16,3.5,1.754406
5873,35,6,17,3.5,1.805164
5874,35,6,18,3.5,2.010672
5875,35,6,19,3.5,1.55385
5876,35,6,20,3.5,1.567468
5877,35,6,21,3.5,1.3644
5878,35,6,22,3.5,1.551374
5879,35,6,23,3.5,1.994578
5880,36,0,0,3.5,2.082476
5881,36,0,1,3.5,2.59996
5882,36,0,2,3.5,3.127348
5883,36,0,3,3.5,3.015928
5884,36,0,4,3.5,2.932982
5885,36,0,5,3.5,2.762138
5886,36,0,6,3.5,2.699
5887,36,0,7,3.5,2.427878
5888,36,0,8,3.5,2.177802
5889,36,0,9,3.5,1.88811
5890,36,0,10,3.5,1.80764
5891,36,0,11,3.5,2.72376
5892,36,0,12,3.5,3.341522
5893,36,0,13,3.5,3.5
5894,36,0,14,3.5,3.5
5895,36,0,15,3.5,3.5
5896,36,0,16,3.5,3.5
5897,36,0,17,3.5,3.5
5898,36,0,18,3.5,3.470274
5899,36,0,19,3.5,2.811658
5900,36,0,20,3.5,2.607388
5901,36,0,21,3.5,2.437782
5902,36,0,22,3.5,2.691572
5903,36,0,23,3.5,2.462542
5904,36,1,0,3.5,2.576438
5905,36,1,1,3.5,2.731188
5906,36,1,2,3.5,2.90946
5907,36,1,3,3.5,2.71138
5908,36,1,4,3.5,2.487302
5909,36,1,5,3.5,2.122092
5910,36,1,6,3.5,1.932678
5911,36,1,7,3.5,1.635558
5912,36,1,8,3.5,2.046574
5913,36,1,9,3.5,2.421688
5914,36,1,10,3.5,3.065448
5915,36,1,11,3.5,3.171916
5916,36,1,12,3.5,3.159536
5917,36,1,13,3.5,3.446752
5918,36,1,14,3.5,3.424468
5919,36,1,15,3.5,2.885938
5920,36,1,16,3.5,2.242178
5921,36,1,17,3.5,1.818782
5922,36,1,18,3.5,1.855922
5923,36,1,19,3.5,1.586038
5924,36,1,20,3.5,1.30455
5925,36,1,21,3.5,1.1733
5926,36,1,22,3.5,1.1523
5927,36,1,23,3.5,1.167
5928,36,2,0,3.5,1.01475
5929,36,2,1,3.5,0.858832
5930,36,2,2,3.5,1.06305
5931,36,2,3,3.5,1.00215
5932,36,2,4,3.5,1.27725
5933,36,2,5,3.5,1.3476
5934,36,2,6,3.5,1.15335
5935,36,2,7,3.5,1.11135
5936,36,2,8,3.5,1.39485
5937,36,2,9,3.5,1.859636
5938,36,2,10,3.5,2.66805
5939,36,2,11,3.5,3.20658
5940,36,2,12,3.5,3.5
5941,36,2,13,3.5,3.5
5942,36,2,14,3.5,3.5
5943,36,2,15,3.5,3.5
5944,36,2,16,3.5,3.5
5945,36,2,17,3.5,3.134776
5946,36,2,18,3.5,2.77947
5947,36,2,19,3.5,2.014386
5948,36,2,20,3.5,1.33605
5949,36,2,21,3.5,1.36755
5950,36,2,22,3.5,1.595942
5951,36,2,23,3.5,1.834876
5952,36,3,0,3.5,1.916584
5953,36,3,1,3.5,1.879444
5954,36,3,2,3.5,1.827448
5955,36,3,3,3.5,1.724694
5956,36,3,4,3.5,1.488236
5957,36,3,5,3.5,1.45365
5958,36,3,6,3.5,1.1733
5959,36,3,7,3.5,1.1985
5960,36,3,8,3.5,1.16385
5961,36,3,9,3.5,1.817544
5962,36,3,10,3.5,2.394452
5963,36,3,11,3.5,2.95898
5964,36,3,12,3.5,3.16325
5965,36,3,13,3.5,3.190486
5966,36,3,14,3.5,3.103826
5967,36,3,15,3.5,2.763376
5968,36,3,16,3.5,2.486064
5969,36,3,17,3.5,2.675478
5970,36,3,18,3.5,2.671764
5971,36,3,19,3.5,2.060192
5972,36,3,20,3.5,1.90049
5973,36,3,21,3.5,1.847256
5974,36,3,22,3.5,1.859636
5975,36,3,23,3.5,1.4505
5976,36,4,0,3.5,1.54147
5977,36,4,1,3.5,1.35915
5978,36,4,2,3.5,1.30875
5979,36,4,3,3.5,1.3938
5980,36,4,4,3.5,1.07355
5981,36,4,5,3.5,0.9843
5982,36,4,6,3.5,0.96015
5983,36,4,7,3.5,0.95385
5984,36,4,8,3.5,1.18695
5985,36,4,9,3.5,1.693744
5986,36,4,10,3.5,2.369692
5987,36,4,11,3.5,2.33998
5988,36,4,12,3.5,2.583866
5989,36,4,13,3.5,2.770804
5990,36,4,14,3.5,2.690334
5991,36,4,15,3.5,2.722522
5992,36,4,16,3.5,2.543012
5993,36,4,17,3.5,2.351122
5994,36,4,18,3.5,2.313982
5995,36,4,19,3.5,1.847256
5996,36,4,20,3.5,1.948772
5997,36,4,21,3.5,1.777928
5998,36,4,22,3.5,1.66527
5999,36,4,23,3.5,1.4505
6000,36,5,0,3.5,1.42845
6001,36,5,1,3.5,1.22265
6002,36,5,2,3.5,1.2258
6003,36,5,3,3.5,1.2846
6004,36,5,4,3.5,1.557564
6005,36,5,5,3.5,1.3959
6006,36,5,6,3.5,1.59099
6007,36,5,7,3.5,1.957438
6008,36,5,8,3.5,2.681668
6009,36,5,9,3.5,3.5
6010,36,5,10,3.5,3.5
6011,36,5,11,3.5,3.5
6012,36,5,12,3.5,3.5
6013,36,5,13,3.5,3.5
6014,36,5,14,3.5,3.5
6015,36,5,15,3.5,3.5
6016,36,5,16,3.5,3.5
6017,36,5,17,3.5,2.918126
6018,36,5,18,3.5,2.82899
6019,36,5,19,3.5,3.202866
6020,36,5,20,3.5,3.21896
6021,36,5,21,3.5,2.976312
6022,36,5,22,3.5,2.975074
6023,36,5,23,3.5,2.74233
6024,36,6,0,3.5,2.560344
6025,36,6,1,3.5,2.170374
6026,36,6,2,3.5,1.916584
6027,36,6,3,3.5,1.725932
6028,36,6,4,3.5,1.464714
6029,36,6,5,3.5,1.537756
6030,36,6,6,3.5,1.525376
6031,36,6,7,3.5,1.561278
6032,36,6,8,3.5,1.855922
6033,36,6,9,3.5,2.66805
6034,36,6,10,3.5,2.942886
6035,36,6,11,3.5,3.5
6036,36,6,12,3.5,3.5
6037,36,6,13,3.5,3.5
6038,36,6,14,3.5,3.5
6039,36,6,15,3.5,3.5
6040,36,6,16,3.5,3.5
6041,36,6,17,3.5,3.5
6042,36,6,18,3.5,3.5
6043,36,6,19,3.5,2.731188
6044,36,6,20,3.5,2.25332
6045,36,6,21,3.5,2.619768
6046,36,6,22,3.5,2.95279
6047,36,6,23,3.5,3.023356
6048,37,0,0,3.5,3.204104
6049,37,0,1,3.5,3.221436
6050,37,0,2,3.5,3.277146
6051,37,0,3,3.5,3.062972
6052,37,0,4,3.5,2.601198
6053,37,0,5,3.5,2.039146
6054,37,0,6,3.5,1.55385
6055,37,0,7,3.5,1.22895
6056,37,0,8,3.5,1.3476
6057,37,0,9,3.5,2.578914
6058,37,0,10,3.5,3.178106
6059,37,0,11,3.5,3.5
6060,37,0,12,3.5,3.5
6061,37,0,13,3.5,3.5
6062,37,0,14,3.5,3.173154
6063,37,0,15,3.5,2.764614
6064,37,0,16,3.5,2.187706
6065,37,0,17,3.5,1.791546
6066,37,0,18,3.5,1.880682
6067,37,0,19,3.5,1.740788
6068,37,0,20,3.5,1.656604
6069,37,0,21,3.5,2.143138
6070,37,0,22,3.5,2.436544
6071,37,0,23,3.5,2.79804
6072,37,1,0,3.5,3.024594
6073,37,1,1,3.5,3.192962
6074,37,1,2,3.5,3.096398
6075,37,1,3,3.5,2.722522
6076,37,1,4,3.5,2.560344
6077,37,1,5,3.5,2.49473
6078,37,1,6,3.5,2.801754
6079,37,1,7,3.5,2.820324
6080,37,1,8,3.5,3.032022
6081,37,1,9,3.5,3.059258
6082,37,1,10,3.5,2.932982
6083,37,1,11,3.5,3.164488
6084,37,1,12,3.5,3.209056
6085,37,1,13,3.5,3.32419
6086,37,1,14,3.5,3.5
6087,37,1,15,3.5,3.431896
6088,37,1,16,3.5,3.469036
6089,37,1,17,3.5,3.5
6090,37,1,18,3.5,3.5
6091,37,1,19,3.5,3.015928
6092,37,1,20,3.5,2.858702
6093,37,1,21,3.5,2.96517
6094,37,1,22,3.5,3.257338
6095,37,1,23,3.5,3.450466
6096,37,2,0,3.5,3.5
6097,37,2,1,3.5,3.5
6098,37,2,2,3.5,3.408374
6099,37,2,3,3.5,3.13849
6100,37,2,4,3.5,2.273128
6101,37,2,5,3.5,1.72098
6102,37,2,6,3.5,1.508044
6103,37,2,7,3.5,1.855922
6104,37,2,8,3.5,2.323886
6105,37,2,9,3.5,3.204104
6106,37,2,10,3.5,3.176868
6107,37,2,11,3.5,2.902032
6108,37,2,12,3.5,2.796802
6109,37,2,13,3.5,3.283336
6110,37,2,14,3.5,3.5
6111,37,2,15,3.5,3.5
6112,37,2,16,3.5,3.290764
6113,37,2,17,3.5,2.820324
6114,37,2,18,3.5,2.89089
6115,37,2,19,3.5,2.169136
6116,37,2,20,3.5,2.144376
6117,37,2,21,3.5,1.989626
6118,37,2,22,3.5,2.242178
6119,37,2,23,3.5,2.499682
6120,37,3,0,3.5,2.369692
6121,37,3,1,3.5,2.169136
6122,37,3,2,3.5,1.732122
6123,37,3,3,3.5,1.542708
6124,37,3,4,3.5,1.532804
6125,37,3,5,3.5,1.612036
6126,37,3,6,3.5,1.650414
6127,37,3,7,3.5,1.3329
6128,37,3,8,3.5,1.660318
6129,37,3,9,3.5,2.38331
6130,37,3,10,3.5,2.769566
6131,37,3,11,3.5,3.179344
6132,37,3,12,3.5,3.477702
6133,37,3,13,3.5,3.5
6134,37,3,14,3.5,3.5
6135,37,3,15,3.5,3.5
6136,37,3,16,3.5,3.5
6137,37,3,17,3.5,3.118682
6138,37,3,18,3.5,2.90327
6139,37,3,19,3.5,2.25951
6140,37,3,20,3.5,1.818782
6141,37,3,21,3.5,1.756882
6142,37,3,22,3.5,1.96858
6143,37,3,23,3.5,1.848494
6144,37,4,0,3.5,2.40807
6145,37,4,1,3.5,2.508348
6146,37,4,2,3.5,2.871082
6147,37,4,3,3.5,2.690334
6148,37,4,4,3.5,2.235988
6149,37,4,5,3.5,1.610798
6150,37,4,6,3.5,1.45365
6151,37,4,7,3.5,1.969818
6152,37,4,8,3.5,2.528156
6153,37,4,9,3.5,3.1323
6154,37,4,10,3.5,3.365044
6155,37,4,11,3.5,3.5
6156,37,4,12,3.5,3.5
6157,37,4,13,3.5,3.5
6158,37,4,14,3.5,3.5
6159,37,4,15,3.5,3.5
6160,37,4,16,3.5,3.5
6161,37,4,17,3.5,3.5
6162,37,4,18,3.5,3.5
6163,37,4,19,3.5,3.5
6164,37,4,20,3.5,3.283336
6165,37,4,21,3.5,3.345236
6166,37,4,22,3.5,3.15706
6167,37,4,23,3.5,2.676716
6168,37,5,0,3.5,2.654432
6169,37,5,1,3.5,2.478636
6170,37,5,2,3.5,2.639576
6171,37,5,3,3.5,2.650718
6172,37,5,4,3.5,2.403118
6173,37,5,5,3.5,2.127044
6174,37,5,6,3.5,1.785356
6175,37,5,7,3.5,1.49814
6176,37,5,8,3.5,1.87573
6177,37,5,9,3.5,2.768328
6178,37,5,10,3.5,3.49132
6179,37,5,11,3.5,3.5
6180,37,5,12,3.5,3.5
6181,37,5,13,3.5,3.5
6182,37,5,14,3.5,3.5
6183,37,5,15,3.5,3.5
6184,37,5,16,3.5,2.846322
6185,37,5,17,3.5,2.362264
6186,37,5,18,3.5,2.257034
6187,37,5,19,3.5,1.740788
6188,37,5,20,3.5,1.77669
6189,37,5,21,3.5,1.713552
6190,37,5,22,3.5,1.806402
6191,37,5,23,3.5,1.508044
6192,37,6,0,3.5,1.4337
6193,37,6,1,3.5,1.23
6194,37,6,2,3.5,1.1523
6195,37,6,3,3.5,1.16385
6196,37,6,4,3.5,1.20375
6197,37,6,5,3.5,1.11765
6198,37,6,6,3.5,1.26675
6199,37,6,7,3.5,1.742026
6200,37,6,8,3.5,2.687858
6201,37,6,9,3.5,3.185534
6202,37,6,10,3.5,3.5
6203,37,6,11,3.5,3.5
6204,37,6,12,3.5,3.5
6205,37,6,13,3.5,3.5
6206,37,6,14,3.5,3.5
6207,37,6,15,3.5,3.5
6208,37,6,16,3.5,3.5
6209,37,6,17,3.5,3.1323
6210,37,6,18,3.5,2.640814
6211,37,6,19,3.5,1.99334
6212,37,6,20,3.5,1.87573
6213,37,6,21,3.5,1.781642
6214,37,6,22,3.5,1.815068
6215,37,6,23,3.5,1.932678
6216,38,0,0,3.5,1.505568
6217,38,0,1,3.5,1.482046
6218,38,0,2,3.5,1.39065
6219,38,0,3,3.5,1.10715
6220,38,0,4,3.5,0.911976
6221,38,0,5,3.5,0.890136
6222,38,0,6,3.5,0.9801
6223,38,0,7,3.5,1.06725
6224,38,0,8,3.5,1.461
6225,38,0,9,3.5,2.221132
6226,38,0,10,3.5,2.640814
6227,38,0,11,3.5,2.98374
6228,38,0,12,3.5,3.316762
6229,38,0,13,3.5,3.5
6230,38,0,14,3.5,3.5
6231,38,0,15,3.5,3.488844
6232,38,0,16,3.5,3.360092
6233,38,0,17,3.5,3.010976
6234,38,0,18,3.5,3.032022
6235,38,0,19,3.5,2.715094
6236,38,0,20,3.5,2.64948
6237,38,0,21,3.5,2.689096
6238,38,0,22,3.5,2.790612
6239,38,0,23,3.5,2.617292
6240,38,1,0,3.5,2.755948
6241,38,1,1,3.5,2.817848
6242,38,1,2,3.5,2.931744
6243,38,1,3,3.5,2.972598
6244,38,1,4,3.5,2.648242
6245,38,1,5,3.5,2.801754
6246,38,1,6,3.5,2.752234
6247,38,1,7,3.5,3.202866
6248,38,1,8,3.5,3.457894
6249,38,1,9,3.5,3.5
6250,38,1,10,3.5,3.5
6251,38,1,11,3.5,3.5
6252,38,1,12,3.5,3.5
6253,38,1,13,3.5,3.5
6254,38,1,14,3.5,3.5
6255,38,1,15,3.5,3.431896
6256,38,1,16,3.5,2.84756
6257,38,1,17,3.5,2.330076
6258,38,1,18,3.5,1.846018
6259,38,1,19,3.5,1.37385
6260,38,1,20,3.5,1.48576
6261,38,1,21,3.5,1.526614
6262,38,1,22,3.5,1.660318
6263,38,1,23,3.5,2.047812
6264,38,2,0,3.5,2.53806
6265,38,2,1,3.5,2.635862
6266,38,2,2,3.5,2.595008
6267,38,2,3,3.5,2.536822
6268,38,2,4,3.5,2.257034
6269,38,2,5,3.5,1.946296
6270,38,2,6,3.5,1.738312
6271,38,2,7,3.5,1.867064
6272,38,2,8,3.5,2.285508
6273,38,2,9,3.5,2.913174
6274,38,2,10,3.5,3.366282
6275,38,2,11,3.5,3.414564
6276,38,2,12,3.5,3.5
6277,38,2,13,3.5,3.5
6278,38,2,14,3.5,3.5
6279,38,2,15,3.5,3.5
6280,38,2,16,3.5,2.991168
6281,38,2,17,3.5,2.524442
6282,38,2,18,3.5,2.332552
6283,38,2,19,3.5,2.014386
6284,38,2,20,3.5,2.06762
6285,38,2,21,3.5,1.973532
6286,38,2,22,3.5,2.27189
6287,38,2,23,3.5,2.504634
6288,38,3,0,3.5,2.819086
6289,38,3,1,3.5,2.675478
6290,38,3,2,3.5,2.82899
6291,38,3,3,3.5,2.715094
6292,38,3,4,3.5,2.477398
6293,38,3,5,3.5,2.217418
6294,38,3,6,3.5,2.06762
6295,38,3,7,3.5,1.728408
6296,38,3,8,3.5,1.75812
6297,38,3,9,3.5,2.146852
6298,38,3,10,3.5,2.670526
6299,38,3,11,3.5,2.991168
6300,38,3,12,3.5,3.134776
6301,38,3,13,3.5,3.413326
6302,38,3,14,3.5,3.335332
6303,38,3,15,3.5,2.863654
6304,38,3,16,3.5,2.367216
6305,38,3,17,3.5,1.842304
6306,38,3,18,3.5,1.2279
6307,38,3,19,3.5,1.737074
6308,38,3,20,3.5,1.90049
6309,38,3,21,3.5,1.697458
6310,38,3,22,3.5,1.2279
6311,38,3,23,3.5,1.05045
6312,38,4,0,3.5,0.898144
6313,38,4,1,3.5,0.713232
6314,38,4,2,3.5,0.759096
6315,38,4,3,3.5,0.78676
6316,38,4,4,3.5,0.68848
6317,38,4,5,3.5,0.599664
6318,38,4,6,3.5,0.578552
6319,38,4,7,3.5,0.671736
6320,38,4,8,3.5,1.1985
6321,38,4,9,3.5,1.761834
6322,38,4,10,3.5,2.096094
6323,38,4,11,3.5,2.517014
6324,38,4,12,3.5,2.53806
6325,38,4,13,3.5,2.455114
6326,38,4,14,3.5,2.403118
6327,38,4,15,3.5,2.330076
6328,38,4,16,3.5,1.717266
6329,38,4,17,3.5,1.21425
6330,38,4,18,3.5,1.27725
6331,38,4,19,3.5,1.06725
6332,38,4,20,3.5,0.930904
6333,38,4,21,3.5,1.1082
6334,38,4,22,3.5,1.860874
6335,38,4,23,3.5,1.676412
6336,38,5,0,3.5,1.477094
6337,38,5,1,3.5,1.586038
6338,38,5,2,3.5,1.651652
6339,38,5,3,3.5,1.57861
6340,38,5,4,3.5,1.998292
6341,38,5,5,3.5,2.269414
6342,38,5,6,3.5,2.56282
6343,38,5,7,3.5,2.518252
6344,38,5,8,3.5,3.035736
6345,38,5,9,3.5,3.339046
6346,38,5,10,3.5,3.388566
6347,38,5,11,3.5,3.421992
6348,38,5,12,3.5,3.44799
6349,38,5,13,3.5,3.431896
6350,38,5,14,3.5,3.382376
6351,38,5,15,3.5,3.389804
6352,38,5,16,3.5,3.030784
6353,38,5,17,3.5,2.640814
6354,38,5,18,3.5,2.413022
6355,38,5,19,3.5,2.08
6356,38,5,20,3.5,2.047812
6357,38,5,21,3.5,1.722218
6358,38,5,22,3.5,1.90049
6359,38,5,23,3.5,1.704886
6360,38,6,0,3.5,1.526614
6361,38,6,1,3.5,1.3455
6362,38,6,2,3.5,1.17645
6363,38,6,3,3.5,1.24575
6364,38,6,4,3.5,1.2531
6365,38,6,5,3.5,1.1523
6366,38,6,6,3.5,0.94335
6367,38,6,7,3.5,1.23525
6368,38,6,8,3.5,1.524138
6369,38,6,9,3.5,2.387024
6370,38,6,10,3.5,2.997358
6371,38,6,11,3.5,3.246196
6372,38,6,12,3.5,3.400946
6373,38,6,13,3.5,3.350188
6374,38,6,14,3.5,3.40466
6375,38,6,15,3.5,2.920602
6376,38,6,16,3.5,2.405594
6377,38,6,17,3.5,1.748216
6378,38,6,18,3.5,1.644224
6379,38,6,19,3.5,2.16047
6380,38,6,20,3.5,2.187706
6381,38,6,21,3.5,2.214942
6382,38,6,22,3.5,1.916584
6383,38,6,23,3.5,1.806402
6384,39,0,0,3.5,1.687554
6385,39,0,1,3.5,1.542708
6386,39,0,2,3.5,1.777928
6387,39,0,3,3.5,1.651652
6388,39,0,4,3.5,1.41165
6389,39,0,5,3.5,1.36965
6390,39,0,6,3.5,1.398
6391,39,0,7,3.5,1.534042
6392,39,0,8,3.5,1.2909
6393,39,0,9,3.5,1.607084
6394,39,0,10,3.5,1.964866
6395,39,0,11,3.5,2.413022
6396,39,0,12,3.5,3.230102
6397,39,0,13,3.5,3.5
6398,39,0,14,3.5,3.5
6399,39,0,15,3.5,3.376186
6400,39,0,16,3.5,2.869844
6401,39,0,17,3.5,2.419212
6402,39,0,18,3.5,1.624416
6403,39,0,19,3.5,1.2153
6404,39,0,20,3.5,1.0746
6405,39,0,21,3.5,1.10085
6406,39,0,22,3.5,1.05045
6407,39,0,23,3.5,0.97065
6408,39,1,0,3.5,0.766376
6409,39,1,1,3.5,0.794768
6410,39,1,2,3.5,0.71032
6411,39,1,3,3.5,0.700856
6412,39,1,4,3.5,1.01265
6413,39,1,5,3.5,1.16805
6414,39,1,6,3.5,1.610798
6415,39,1,7,3.5,1.54147
6416,39,1,8,3.5,1.765548
6417,39,1,9,3.5,2.55663
6418,39,1,10,3.5,2.95898
6419,39,1,11,3.5,2.724998
6420,39,1,12,3.5,2.817848
6421,39,1,13,3.5,2.571486
6422,39,1,14,3.5,2.757186
6423,39,1,15,3.5,2.62472
6424,39,1,16,3.5,2.442734
6425,39,1,17,3.5,1.957438
6426,39,1,18,3.5,1.551374
6427,39,1,19,3.5,1.0494
6428,39,1,20,3.5,1.25205
6429,39,1,21,3.5,1.3056
6430,39,1,22,3.5,1.536518
6431,39,1,23,3.5,1.651652
6432,39,2,0,3.5,1.589752
6433,39,2,1,3.5,1.647938
6434,39,2,2,3.5,1.737074
6435,39,2,3,3.5,1.614512
6436,39,2,4,3.5,1.496902
6437,39,2,5,3.5,1.41585
6438,39,2,6,3.5,1.586038
6439,39,2,7,3.5,1.49814
6440,39,2,8,3.5,2.114664
6441,39,2,9,3.5,3.041926
6442,39,2,10,3.5,3.5
6443,39,2,11,3.5,3.480178
6444,39,2,12,3.5,3.5
6445,39,2,13,3.5,3.486368
6446,39,2,14,3.5,3.387328
6447,39,2,15,3.5,3.015928
6448,39,2,16,3.5,2.633386
6449,39,2,17,3.5,1.895538
6450,39,2,18,3.5,1.26675
6451,39,2,19,3.5,0.889408
6452,39,2,20,3.5,0.799864
6453,39,2,21,3.5,0.878488
6454,39,2,22,3.5,0.756184
6455,39,2,23,3.5,0.735072
6456,39,3,0,3.5,0.825344
6457,39,3,1,3.5,0.868296
6458,39,3,2,3.5,0.897416
6459,39,3,3,3.5,0.839904
6460,39,3,4,3.5,0.774384
6461,39,3,5,3.5,0.65572
6462,39,3,6,3.5,0.850096
6463,39,3,7,3.5,1.1334
6464,39,3,8,3.5,1.810116
6465,39,3,9,3.5,2.59377
6466,39,3,10,3.5,2.973836
6467,39,3,11,3.5,3.345236
6468,39,3,12,3.5,3.5
6469,39,3,13,3.5,3.5
6470,39,3,14,3.5,3.254862
6471,39,3,15,3.5,2.768328
6472,39,3,16,3.5,2.096094
6473,39,3,17,3.5,1.3854
6474,39,3,18,3.5,1.3392
6475,39,3,19,3.5,1.883158
6476,39,3,20,3.5,1.945058
6477,39,3,21,3.5,2.062668
6478,39,3,22,3.5,1.691268
6479,39,3,23,3.5,1.32135
6480,39,4,0,3.5,0.63388
6481,39,4,1,3.5,0.782392
6482,39,4,2,3.5,1.06305
6483,39,4,3,3.5,1.4526
6484,39,4,4,3.5,1.477094
6485,39,4,5,3.5,1.25625
6486,39,4,6,3.5,1.1397
6487,39,4,7,3.5,1.11555
6488,39,4,8,3.5,1.44945
6489,39,4,9,3.5,2.465018
6490,39,4,10,3.5,2.972598
6491,39,4,11,3.5,2.91565
6492,39,4,12,3.5,3.278384
6493,39,4,13,3.5,3.5
6494,39,4,14,3.5,3.5
6495,39,4,15,3.5,3.5
6496,39,4,16,3.5,3.259814
6497,39,4,17,3.5,2.699
6498,39,4,18,3.5,2.305316
6499,39,4,19,3.5,1.854684
6500,39,4,20,3.5,1.525376
6501,39,4,21,3.5,1.472142
6502,39,4,22,3.5,2.489778
6503,39,4,23,3.5,2.869844
6504,39,5,0,3.5,3.038212
6505,39,5,1,3.5,3.040688
6506,39,5,2,3.5,2.982502
6507,39,5,3,3.5,2.842608
6508,39,5,4,3.5,2.747282
6509,39,5,5,3.5,2.819086
6510,39,5,6,3.5,2.95279
6511,39,5,7,3.5,2.801754
6512,39,5,8,3.5,2.40188
6513,39,5,9,3.5,2.741092
6514,39,5,10,3.5,3.040688
6515,39,5,11,3.5,3.388566
6516,39,5,12,3.5,3.5
6517,39,5,13,3.5,3.5
6518,39,5,14,3.5,3.5
6519,39,5,15,3.5,3.5
6520,39,5,16,3.5,3.48513
6521,39,5,17,3.5,2.942886
6522,39,5,18,3.5,2.372168
6523,39,5,19,3.5,1.964866
6524,39,5,20,3.5,1.827448
6525,39,5,21,3.5,1.831162
6526,39,5,22,3.5,1.969818
6527,39,5,23,3.5,2.322648
6528,39,6,0,3.5,1.985912
6529,39,6,1,3.5,1.83859
6530,39,6,2,3.5,1.719742
6531,39,6,3,3.5,1.472142
6532,39,6,4,3.5,1.4547
6533,39,6,5,3.5,1.681364
6534,39,6,6,3.5,1.867064
6535,39,6,7,3.5,1.777928
6536,39,6,8,3.5,2.062668
6537,39,6,9,3.5,2.71757
6538,39,6,10,3.5,3.383614
6539,39,6,11,3.5,3.5
6540,39,6,12,3.5,3.5
6541,39,6,13,3.5,3.5
6542,39,6,14,3.5,3.5
6543,39,6,15,3.5,3.5
6544,39,6,16,3.5,3.37371
6545,39,6,17,3.5,2.69281
6546,39,6,18,3.5,1.969818
6547,39,6,19,3.5,1.54147
6548,39,6,20,3.5,1.724694
6549,39,6,21,3.5,1.398
6550,39,6,22,3.5,1.1355
6551,39,6,23,3.5,1.2909
6552,40,0,0,3.5,1.691268
6553,40,0,1,3.5,1.49195
6554,40,0,2,3.5,1.69622
6555,40,0,3,3.5,1.75812
6556,40,0,4,3.5,1.7086
6557,40,0,5,3.5,1.62194
6558,40,0,6,3.5,2.014386
6559,40,0,7,3.5,2.12952
6560,40,0,8,3.5,2.843846
6561,40,0,9,3.5,3.5
6562,40,0,10,3.5,3.5
6563,40,0,11,3.5,3.5
6564,40,0,12,3.5,3.5
6565,40,0,13,3.5,3.5
6566,40,0,14,3.5,3.5
6567,40,0,15,3.5,3.5
6568,40,0,16,3.5,3.5
6569,40,0,17,3.5,3.5
6570,40,0,18,3.5,3.29943
6571,40,0,19,3.5,2.696524
6572,40,0,20,3.5,2.660622
6573,40,0,21,3.5,2.151804
6574,40,0,22,3.5,1.73336
6575,40,0,23,3.5,1.26255
6576,40,1,0,3.5,1.2321
6577,40,1,1,3.5,1.34655
6578,40,1,2,3.5,1.4085
6579,40,1,3,3.5,1.34655
6580,40,1,4,3.5,1.599656
6581,40,1,5,3.5,1.7086
6582,40,1,6,3.5,1.798974
6583,40,1,7,3.5,1.936392
6584,40,1,8,3.5,2.307792
6585,40,1,9,3.5,2.398166
6586,40,1,10,3.5,3.06421
6587,40,1,11,3.5,3.5
6588,40,1,12,3.5,3.5
6589,40,1,13,3.5,3.5
6590,40,1,14,3.5,3.5
6591,40,1,15,3.5,3.5
6592,40,1,16,3.5,3.477702
6593,40,1,17,3.5,2.642052
6594,40,1,18,3.5,2.521966
6595,40,1,19,3.5,1.829924
6596,40,1,20,3.5,1.688792
6597,40,1,21,3.5,1.542708
6598,40,1,22,3.5,1.37385
6599,40,1,23,3.5,1.2594
6600,40,2,0,3.5,1.2846
6601,40,2,1,3.5,1.3329
6602,40,2,2,3.5,1.27095
6603,40,2,3,3.5,1.2909
6604,40,2,4,3.5,1.40115
6605,40,2,5,3.5,1.2636
6606,40,2,6,3.5,1.30455
6607,40,2,7,3.5,1.521662
6608,40,2,8,3.5,2.16666
6609,40,2,9,3.5,2.861178
6610,40,2,10,3.5,3.26229
6611,40,2,11,3.5,3.5
6612,40,2,12,3.5,3.5
6613,40,2,13,3.5,3.5
6614,40,2,14,3.5,3.5
6615,40,2,15,3.5,3.5
6616,40,2,16,3.5,3.257338
6617,40,2,17,3.5,2.49473
6618,40,2,18,3.5,2.155518
6619,40,2,19,3.5,1.579848
6620,40,2,20,3.5,1.30455
6621,40,2,21,3.5,1.626892
6622,40,2,22,3.5,1.534042
6623,40,2,23,3.5,1.651652
6624,40,3,0,3.5,1.994578
6625,40,3,1,3.5,1.957438
6626,40,3,2,3.5,2.026766
6627,40,3,3,3.5,1.847256
6628,40,3,4,3.5,1.725932
6629,40,3,5,3.5,1.697458
6630,40,3,6,3.5,1.852208
6631,40,3,7,3.5,2.076286
6632,40,3,8,3.5,2.639576
6633,40,3,9,3.5,3.5
6634,40,3,10,3.5,3.5
6635,40,3,11,3.5,3.5
6636,40,3,12,3.5,3.5
6637,40,3,13,3.5,3.5
6638,40,3,14,3.5,3.5
6639,40,3,15,3.5,3.5
6640,40,3,16,3.5,3.5
6641,40,3,17,3.5,3.5
6642,40,3,18,3.5,2.486064
6643,40,3,19,3.5,1.790308
6644,40,3,20,3.5,1.717266
6645,40,3,21,3.5,2.003244
6646,40,3,22,3.5,2.176564
6647,40,3,23,3.5,1.774214
6648,40,4,0,3.5,1.945058
6649,40,4,1,3.5,2.103522
6650,40,4,2,3.5,2.169136
6651,40,4,3,3.5,2.112188
6652,40,4,4,3.5,1.978484
6653,40,4,5,3.5,1.97477
6654,40,4,6,3.5,2.060192
6655,40,4,7,3.5,1.952486
6656,40,4,8,3.5,2.169136
6657,40,4,9,3.5,2.49473
6658,40,4,10,3.5,2.84756
6659,40,4,11,3.5,3.389804
6660,40,4,12,3.5,3.480178
6661,40,4,13,3.5,3.496272
6662,40,4,14,3.5,3.5
6663,40,4,15,3.5,3.236292
6664,40,4,16,3.5,3.204104
6665,40,4,17,3.5,2.590056
6666,40,4,18,3.5,2.87232
6667,40,4,19,3.5,2.09857
6668,40,4,20,3.5,2.096094
6669,40,4,21,3.5,1.39485
6670,40,4,22,3.5,1.62194
6671,40,4,23,3.5,1.612036
6672,40,5,0,3.5,1.765548
6673,40,5,1,3.5,2.014386
6674,40,5,2,3.5,2.268176
6675,40,5,3,3.5,2.201324
6676,40,5,4,3.5,2.101046
6677,40,5,5,3.5,2.291698
6678,40,5,6,3.5,2.724998
6679,40,5,7,3.5,2.77328
6680,40,5,8,3.5,3.035736
6681,40,5,9,3.5,3.470274
6682,40,5,10,3.5,3.5
6683,40,5,11,3.5,3.5
6684,40,5,12,3.5,3.5
6685,40,5,13,3.5,3.5
6686,40,5,14,3.5,3.5
6687,40,5,15,3.5,3.5
6688,40,5,16,3.5,3.393518
6689,40,5,17,3.5,2.780708
6690,40,5,18,3.5,2.540536
6691,40,5,19,3.5,2.77947
6692,40,5,20,3.5,2.78566
6693,40,5,21,3.5,2.84756
6694,40,5,22,3.5,2.893366
6695,40,5,23,3.5,2.956504
6696,40,6,0,3.5,2.670526
6697,40,6,1,3.5,2.554154
6698,40,6,2,3.5,2.611102
6699,40,6,3,3.5,2.712618
6700,40,6,4,3.5,2.614816
6701,40,6,5,3.5,2.56901
6702,40,6,6,3.5,2.561582
6703,40,6,7,3.5,2.566534
6704,40,6,8,3.5,2.753472
6705,40,6,9,3.5,3.246196
6706,40,6,10,3.5,3.33657
6707,40,6,11,3.5,3.5
6708,40,6,12,3.5,3.5
6709,40,6,13,3.5,3.5
6710,40,6,14,3.5,3.5
6711,40,6,15,3.5,3.5
6712,40,6,16,3.5,3.5
6713,40,6,17,3.5,3.341522
6714,40,6,18,3.5,2.795564
6715,40,6,19,3.5,2.461304
6716,40,6,20,3.5,2.429116
6717,40,6,21,3.5,2.42664
6718,40,6,22,3.5,2.664336
6719,40,6,23,3.5,2.512062
6720,41,0,0,3.5,2.741092
6721,41,0,1,3.5,2.682906
6722,41,0,2,3.5,2.640814
6723,41,0,3,3.5,2.715094
6724,41,0,4,3.5,2.715094
6725,41,0,5,3.5,2.724998
6726,41,0,6,3.5,3.022118
6727,41,0,7,3.5,3.46656
6728,41,0,8,3.5,3.5
6729,41,0,9,3.5,3.5
6730,41,0,10,3.5,3.5
6731,41,0,11,3.5,3.5
6732,41,0,12,3.5,3.5
6733,41,0,13,3.5,3.5
6734,41,0,14,3.5,3.5
6735,41,0,15,3.5,3.5
6736,41,0,16,3.5,3.5
6737,41,0,17,3.5,2.722522
6738,41,0,18,3.5,2.411784
6739,41,0,19,3.5,1.946296
6740,41,0,20,3.5,1.982198
6741,41,0,21,3.5,1.953724
6742,41,0,22,3.5,2.58139
6743,41,0,23,3.5,3.077828
6744,41,1,0,3.5,3.5
6745,41,1,1,3.5,3.5
6746,41,1,2,3.5,3.147156
6747,41,1,3,3.5,3.241244
6748,41,1,4,3.5,2.998596
6749,41,1,5,3.5,2.789374
6750,41,1,6,3.5,2.65567
6751,41,1,7,3.5,2.861178
6752,41,1,8,3.5,3.214008
6753,41,1,9,3.5,3.5
6754,41,1,10,3.5,3.5
6755,41,1,11,3.5,3.488844
6756,41,1,12,3.5,3.480178
6757,41,1,13,3.5,3.5
6758,41,1,14,3.5,3.5
6759,41,1,15,3.5,3.5
6760,41,1,16,3.5,3.5
6761,41,1,17,3.5,3.041926
6762,41,1,18,3.5,2.455114
6763,41,1,19,3.5,2.102284
6764,41,1,20,3.5,2.171612
6765,41,1,21,3.5,2.051526
6766,41,1,22,3.5,1.779166
6767,41,1,23,3.5,1.477094
6768,41,2,0,3.5,1.3812
6769,41,2,1,3.5,1.3371
6770,41,2,2,3.5,1.36755
6771,41,2,3,3.5,1.20375
6772,41,2,4,3.5,0.901784
6773,41,2,5,3.5,0.763464
6774,41,2,6,3.5,0.879944
6775,41,2,7,3.5,1.16595
6776,41,2,8,3.5,2.169136
6777,41,2,9,3.5,2.954028
6778,41,2,10,3.5,3.5
6779,41,2,11,3.5,3.5
6780,41,2,12,3.5,3.5
6781,41,2,13,3.5,3.5
6782,41,2,14,3.5,3.5
6783,41,2,15,3.5,3.5
6784,41,2,16,3.5,3.5
6785,41,2,17,3.5,3.5
6786,41,2,18,3.5,3.445514
6787,41,2,19,3.5,2.741092
6788,41,2,20,3.5,2.087428
6789,41,2,21,3.5,2.050288
6790,41,2,22,3.5,1.774214
6791,41,2,23,3.5,1.3707
6792,41,3,0,3.5,1.719742
6793,41,3,1,3.5,1.45785
6794,41,3,2,3.5,1.26255
6795,41,3,3,3.5,1.1229
6796,41,3,4,3.5,0.9465
6797,41,3,5,3.5,1.1775
6798,41,3,6,3.5,1.3287
6799,41,3,7,3.5,1.907918
6800,41,3,8,3.5,2.472446
6801,41,3,9,3.5,3.13849
6802,41,3,10,3.5,3.431896
6803,41,3,11,3.5,3.5
6804,41,3,12,3.5,3.5
6805,41,3,13,3.5,3.5
6806,41,3,14,3.5,3.5
6807,41,3,15,3.5,3.5
6808,41,3,16,3.5,3.5
6809,41,3,17,3.5,3.29324
6810,41,3,18,3.5,2.481112
6811,41,3,19,3.5,1.879444
6812,41,3,20,3.5,1.639272
6813,41,3,21,3.5,1.493188
6814,41,3,22,3.5,1.44
6815,41,3,23,3.5,1.3329
6816,41,4,0,3.5,1.4022
6817,41,4,1,3.5,1.618226
6818,41,4,2,3.5,1.815068
6819,41,4,3,3.5,1.680126
6820,41,4,4,3.5,1.36755
6821,41,4,5,3.5,1.209
6822,41,4,6,3.5,1.20165
6823,41,4,7,3.5,1.1733
6824,41,4,8,3.5,2.103522
6825,41,4,9,3.5,3.247434
6826,41,4,10,3.5,3.5
6827,41,4,11,3.5,3.5
6828,41,4,12,3.5,3.5
6829,41,4,13,3.5,3.5
6830,41,4,14,3.5,3.5
6831,41,4,15,3.5,3.5
6832,41,4,16,3.5,3.5
6833,41,4,17,3.5,3.5
6834,41,4,18,3.5,3.27467
6835,41,4,19,3.5,2.826514
6836,41,4,20,3.5,2.534346
6837,41,4,21,3.5,2.535584
6838,41,4,22,3.5,2.715094
6839,41,4,23,3.5,2.696524
6840,41,5,0,3.5,2.936696
6841,41,5,1,3.5,2.851274
6842,41,5,2,3.5,2.634624
6843,41,5,3,3.5,2.654432
6844,41,5,4,3.5,2.60615
6845,41,5,5,3.5,2.530632
6846,41,5,6,3.5,2.752234
6847,41,5,7,3.5,3.032022
6848,41,5,8,3.5,3.449228
6849,41,5,9,3.5,3.5
6850,41,5,10,3.5,3.5
6851,41,5,11,3.5,3.5
6852,41,5,12,3.5,3.5
6853,41,5,13,3.5,3.5
6854,41,5,14,3.5,3.5
6855,41,5,15,3.5,3.5
6856,41,5,16,3.5,3.5
6857,41,5,17,3.5,3.5
6858,41,5,18,3.5,3.278384
6859,41,5,19,3.5,2.592532
6860,41,5,20,3.5,1.94382
6861,41,5,21,3.5,2.026766
6862,41,5,22,3.5,2.054002
6863,41,5,23,3.5,1.879444
6864,41,6,0,3.5,1.78288
6865,41,6,1,3.5,1.571182
6866,41,6,2,3.5,1.505568
6867,41,6,3,3.5,1.43265
6868,41,6,4,3.5,1.3917
6869,41,6,5,3.5,1.517948
6870,41,6,6,3.5,1.724694
6871,41,6,7,3.5,2.105998
6872,41,6,8,3.5,2.404356
6873,41,6,9,3.5,2.732426
6874,41,6,10,3.5,3.273432
6875,41,6,11,3.5,3.421992
6876,41,6,12,3.5,3.5
6877,41,6,13,3.5,3.5
6878,41,6,14,3.5,3.5
6879,41,6,15,3.5,3.5
6880,41,6,16,3.5,3.301906
6881,41,6,17,3.5,2.287984
6882,41,6,18,3.5,1.662794
6883,41,6,19,3.5,1.26675
6884,41,6,20,3.5,1.3959
6885,41,6,21,3.5,1.4337
6886,41,6,22,3.5,1.49814
6887,41,6,23,3.5,1.626892
6888,42,0,0,3.5,1.517948
6889,42,0,1,3.5,1.692506
6890,42,0,2,3.5,1.61575
6891,42,0,3,3.5,1.55385
6892,42,0,4,3.5,1.740788
6893,42,0,5,3.5,1.891824
6894,42,0,6,3.5,2.15428
6895,42,0,7,3.5,2.403118
6896,42,0,8,3.5,3.254862
6897,42,0,9,3.5,3.5
6898,42,0,10,3.5,3.5
6899,42,0,11,3.5,3.5
6900,42,0,12,3.5,3.5
6901,42,0,13,3.5,3.5
6902,42,0,14,3.5,3.5
6903,42,0,15,3.5,3.5
6904,42,0,16,3.5,3.5
6905,42,0,17,3.5,3.414564
6906,42,0,18,3.5,3.477702
6907,42,0,19,3.5,2.627196
6908,42,0,20,3.5,2.56282
6909,42,0,21,3.5,2.545488
6910,42,0,22,3.5,2.481112
6911,42,0,23,3.5,2.461304
6912,42,1,0,3.5,2.84756
6913,42,1,1,3.5,2.73614
6914,42,1,2,3.5,2.993644
6915,42,1,3,3.5,2.919364
6916,42,1,4,3.5,2.902032
6917,42,1,5,3.5,2.633386
6918,42,1,6,3.5,2.405594
6919,42,1,7,3.5,2.554154
6920,42,1,8,3.5,3.140966
6921,42,1,9,3.5,3.5
6922,42,1,10,3.5,3.5
6923,42,1,11,3.5,3.5
6924,42,1,12,3.5,3.5
6925,42,1,13,3.5,3.5
6926,42,1,14,3.5,3.5
6927,42,1,15,3.5,3.5
6928,42,1,16,3.5,3.5
6929,42,1,17,3.5,3.23753
6930,42,1,18,3.5,2.435306
6931,42,1,19,3.5,1.781642
6932,42,1,20,3.5,2.136948
6933,42,1,21,3.5,2.299126
6934,42,1,22,3.5,2.559106
6935,42,1,23,3.5,2.780708
6936,42,2,0,3.5,3.046878
6937,42,2,1,3.5,3.11373
6938,42,2,2,3.5,3.196676
6939,42,2,3,3.5,2.821562
6940,42,2,4,3.5,2.536822
6941,42,2,5,3.5,2.356074
6942,42,2,6,3.5,2.468732
6943,42,2,7,3.5,2.75471
6944,42,2,8,3.5,3.171916
6945,42,2,9,3.5,3.5
6946,42,2,10,3.5,3.5
6947,42,2,11,3.5,3.5
6948,42,2,12,3.5,3.5
6949,42,2,13,3.5,3.5
6950,42,2,14,3.5,3.5
6951,42,2,15,3.5,3.5
6952,42,2,16,3.5,3.5
6953,42,2,17,3.5,3.5
6954,42,2,18,3.5,3.315524
6955,42,2,19,3.5,2.583866
6956,42,2,20,3.5,2.46997
6957,42,2,21,3.5,2.503396
6958,42,2,22,3.5,2.598722
6959,42,2,23,3.5,2.888414
6960,42,3,0,3.5,2.937934
6961,42,3,1,3.5,2.4514
6962,42,3,2,3.5,2.025528
6963,42,3,3,3.5,2.242178
6964,42,3,4,3.5,2.03048
6965,42,3,5,3.5,2.198848
6966,42,3,6,3.5,2.436544
6967,42,3,7,3.5,2.601198
6968,42,3,8,3.5,2.66805
6969,42,3,9,3.5,2.926792
6970,42,3,10,3.5,3.072876
6971,42,3,11,3.5,3.227626
6972,42,3,12,3.5,3.5
6973,42,3,13,3.5,3.5
6974,42,3,14,3.5,3.5
6975,42,3,15,3.5,3.5
6976,42,3,16,3.5,3.480178
6977,42,3,17,3.5,3.032022
6978,42,3,18,3.5,2.54425
6979,42,3,19,3.5,2.530632
6980,42,3,20,3.5,2.23475
6981,42,3,21,3.5,1.973532
6982,42,3,22,3.5,2.075048
6983,42,3,23,3.5,1.959914
6984,42,4,0,3.5,2.076286
6985,42,4,1,3.5,1.790308
6986,42,4,2,3.5,1.63432
6987,42,4,3,3.5,1.493188
6988,42,4,4,3.5,1.31085
6989,42,4,5,3.5,1.09665
6990,42,4,6,3.5,1.05675
6991,42,4,7,3.5,1.489474
6992,42,4,8,3.5,2.289222
6993,42,4,9,3.5,2.98374
6994,42,4,10,3.5,3.48513
6995,42,4,11,3.5,3.387328
6996,42,4,12,3.5,3.5
6997,42,4,13,3.5,3.5
6998,42,4,14,3.5,3.5
6999,42,4,15,3.5,3.5
7000,42,4,16,3.5,3.128586
7001,42,4,17,3.5,2.660622
7002,42,4,18,3.5,2.190182
7003,42,4,19,3.5,1.855922
7004,42,4,20,3.5,1.571182
7005,42,4,21,3.5,1.68384
7006,42,4,22,3.5,1.488236
7007,42,4,23,3.5,1.2804
7008,42,5,0,3.5,1.25205
7009,42,5,1,3.5,1.2972
7010,42,5,2,3.5,0.99795
7011,42,5,3,3.5,1.05885
7012,42,5,4,3.5,1.3329
7013,42,5,5,3.5,1.7086
7014,42,5,6,3.5,2.0181
7015,42,5,7,3.5,1.920298
7016,42,5,8,3.5,2.826514
7017,42,5,9,3.5,3.5
7018,42,5,10,3.5,3.5
7019,42,5,11,3.5,3.5
7020,42,5,12,3.5,3.5
7021,42,5,13,3.5,3.5
7022,42,5,14,3.5,3.5
7023,42,5,15,3.5,3.5
7024,42,5,16,3.5,3.259814
7025,42,5,17,3.5,3.029546
7026,42,5,18,3.5,2.21618
7027,42,5,19,3.5,1.737074
7028,42,5,20,3.5,1.610798
7029,42,5,21,3.5,1.644224
7030,42,5,22,3.5,1.4232
7031,42,5,23,3.5,1.4421
7032,42,6,0,3.5,1.660318
7033,42,6,1,3.5,2.058954
7034,42,6,2,3.5,2.521966
7035,42,6,3,3.5,2.73614
7036,42,6,4,3.5,2.628434
7037,42,6,5,3.5,2.035432
7038,42,6,6,3.5,1.90049
7039,42,6,7,3.5,2.12952
7040,42,6,8,3.5,2.708904
7041,42,6,9,3.5,3.097636
7042,42,6,10,3.5,3.5
7043,42,6,11,3.5,3.465322
7044,42,6,12,3.5,3.5
7045,42,6,13,3.5,3.471512
7046,42,6,14,3.5,3.29943
7047,42,6,15,3.5,3.335332
7048,42,6,16,3.5,3.013452
7049,42,6,17,3.5,2.788136
7050,42,6,18,3.5,2.61853
7051,42,6,19,3.5,2.101046
7052,42,6,20,3.5,1.933916
7053,42,6,21,3.5,1.868302
7054,42,6,22,3.5,1.92525
7055,42,6,23,3.5,1.848494
7056,43,0,0,3.5,1.977246
7057,43,0,1,3.5,1.781642
7058,43,0,2,3.5,1.526614
7059,43,0,3,3.5,1.45365
7060,43,0,4,3.5,1.3287
7061,43,0,5,3.5,1.25415
7062,43,0,6,3.5,1.598418
7063,43,0,7,3.5,2.323886
7064,43,0,8,3.5,3.368758
7065,43,0,9,3.5,3.5
7066,43,0,10,3.5,3.5
7067,43,0,11,3.5,3.5
7068,43,0,12,3.5,3.5
7069,43,0,13,3.5,3.5
7070,43,0,14,3.5,3.5
7071,43,0,15,3.5,3.496272
7072,43,0,16,3.5,3.079066
7073,43,0,17,3.5,2.49473
7074,43,0,18,3.5,2.276842
7075,43,0,19,3.5,1.781642
7076,43,0,20,3.5,1.75812
7077,43,0,21,3.5,1.44735
7078,43,0,22,3.5,1.3161
7079,43,0,23,3.5,1.32975
7080,43,1,0,3.5,1.569944
7081,43,1,1,3.5,1.579848
7082,43,1,2,3.5,1.2363
7083,43,1,3,3.5,1.15965
7084,43,1,4,3.5,0.925808
7085,43,1,5,3.5,0.8086
7086,43,1,6,3.5,1.22895
7087,43,1,7,3.5,1.73336
7088,43,1,8,3.5,2.227322
7089,43,1,9,3.5,2.821562
7090,43,1,10,3.5,3.081542
7091,43,1,11,3.5,3.090208
7092,43,1,12,3.5,3.257338
7093,43,1,13,3.5,3.5
7094,43,1,14,3.5,3.5
7095,43,1,15,3.5,3.5
7096,43,1,16,3.5,3.258576
7097,43,1,17,3.5,2.753472
7098,43,1,18,3.5,2.093618
7099,43,1,19,3.5,1.567468
7100,43,1,20,3.5,1.599656
7101,43,1,21,3.5,1.60337
7102,43,1,22,3.5,1.699934
7103,43,1,23,3.5,1.7086
7104,43,2,0,3.5,1.724694
7105,43,2,1,3.5,1.907918
7106,43,2,2,3.5,2.097332
7107,43,2,3,3.5,1.77669
7108,43,2,4,3.5,1.605846
7109,43,2,5,3.5,1.4547
7110,43,2,6,3.5,1.822496
7111,43,2,7,3.5,2.269414
7112,43,2,8,3.5,2.85375
7113,43,2,9,3.5,3.310572
7114,43,2,10,3.5,3.5
7115,43,2,11,3.5,3.5
7116,43,2,12,3.5,3.5
7117,43,2,13,3.5,3.5
7118,43,2,14,3.5,3.5
7119,43,2,15,3.5,3.5
7120,43,2,16,3.5,3.5
7121,43,2,17,3.5,3.5
7122,43,2,18,3.5,3.5
7123,43,2,19,3.5,2.611102
7124,43,2,20,3.5,2.212466
7125,43,2,21,3.5,2.372168
7126,43,2,22,3.5,2.365978
7127,43,2,23,3.5,2.125806
7128,43,3,0,3.5,2.05524
7129,43,3,1,3.5,2.11714
7130,43,3,2,3.5,1.977246
7131,43,3,3,3.5,1.852208
7132,43,3,4,3.5,1.815068
7133,43,3,5,3.5,1.876968
7134,43,3,6,3.5,1.953724
7135,43,3,7,3.5,2.006958
7136,43,3,8,3.5,2.471208
7137,43,3,9,3.5,3.124872
7138,43,3,10,3.5,3.48513
7139,43,3,11,3.5,3.5
7140,43,3,12,3.5,3.5
7141,43,3,13,3.5,3.5
7142,43,3,14,3.5,3.5
7143,43,3,15,3.5,3.5
7144,43,3,16,3.5,3.5
7145,43,3,17,3.5,3.5
7146,43,3,18,3.5,3.284574
7147,43,3,19,3.5,3.074114
7148,43,3,20,3.5,2.54425
7149,43,3,21,3.5,2.30903
7150,43,3,22,3.5,2.034194
7151,43,3,23,3.5,1.790308
7152,43,4,0,3.5,1.927726
7153,43,4,1,3.5,1.691268
7154,43,4,2,3.5,1.521662
7155,43,4,3,3.5,1.63432
7156,43,4,4,3.5,1.59099
7157,43,4,5,3.5,1.526614
7158,43,4,6,3.5,1.521662
7159,43,4,7,3.5,1.772976
7160,43,4,8,3.5,2.380834
7161,43,4,9,3.5,3.170678
7162,43,4,10,3.5,3.301906
7163,43,4,11,3.5,3.5
7164,43,4,12,3.5,3.5
7165,43,4,13,3.5,3.5
7166,43,4,14,3.5,3.5
7167,43,4,15,3.5,3.5
7168,43,4,16,3.5,3.5
7169,43,4,17,3.5,3.178106
7170,43,4,18,3.5,2.567772
7171,43,4,19,3.5,1.833638
7172,43,4,20,3.5,1.26675
7173,43,4,21,3.5,1.30875
7174,43,4,22,3.5,1.36335
7175,43,4,23,3.5,1.63432
7176,43,5,0,3.5,1.859636
7177,43,5,1,3.5,1.88811
7178,43,5,2,3.5,2.013148
7179,43,5,3,3.5,2.010672
7180,43,5,4,3.5,1.973532
7181,43,5,5,3.5,1.797736
7182,43,5,6,3.5,1.916584
7183,43,5,7,3.5,2.543012
7184,43,5,8,3.5,2.998596
7185,43,5,9,3.5,3.13849
7186,43,5,10,3.5,3.316762
7187,43,5,11,3.5,3.351426
7188,43,5,12,3.5,3.5
7189,43,5,13,3.5,3.5
7190,43,5,14,3.5,3.5
7191,43,5,15,3.5,3.5
7192,43,5,16,3.5,3.5
7193,43,5,17,3.5,2.997358
7194,43,5,18,3.5,2.354836
7195,43,5,19,3.5,1.92525
7196,43,5,20,3.5,1.744502
7197,43,5,21,3.5,1.827448
7198,43,5,22,3.5,1.806402
7199,43,5,23,3.5,1.610798
7200,43,6,0,3.5,1.46719
7201,43,6,1,3.5,1.32345
7202,43,6,2,3.5,1.0872
7203,43,6,3,3.5,0.9906
7204,43,6,4,3.5,0.887952
7205,43,6,5,3.5,0.857376
7206,43,6,6,3.5,0.897416
7207,43,6,7,3.5,1.419
7208,43,6,8,3.5,1.847256
7209,43,6,9,3.5,2.67424
7210,43,6,10,3.5,3.05183
7211,43,6,11,3.5,3.389804
7212,43,6,12,3.5,3.499986
7213,43,6,13,3.5,3.5
7214,43,6,14,3.5,3.39847
7215,43,6,15,3.5,3.071638
7216,43,6,16,3.5,2.658146
7217,43,6,17,3.5,2.372168
7218,43,6,18,3.5,1.536518
7219,43,6,19,3.5,1.0935
7220,43,6,20,3.5,0.873392
7221,43,6,21,3.5,0.889408
7222,43,6,22,3.5,0.858832
7223,43,6,23,3.5,0.839904
7224,44,0,0,3.5,1.21845
7225,44,0,1,3.5,1.493188
7226,44,0,2,3.5,1.582324
7227,44,0,3,3.5,1.38015
7228,44,0,4,3.5,1.16385
7229,44,0,5,3.5,0.847184
7230,44,0,6,3.5,0.847184
7231,44,0,7,3.5,1.3014
7232,44,0,8,3.5,2.05524
7233,44,0,9,3.5,2.728712
7234,44,0,10,3.5,2.888414
7235,44,0,11,3.5,3.038212
7236,44,0,12,3.5,3.358854
7237,44,0,13,3.5,3.5
7238,44,0,14,3.5,3.5
7239,44,0,15,3.5,3.5
7240,44,0,16,3.5,3.5
7241,44,0,17,3.5,3.356378
7242,44,0,18,3.5,2.33998
7243,44,0,19,3.5,1.846018
7244,44,0,20,3.5,1.594704
7245,44,0,21,3.5,1.557564
7246,44,0,22,3.5,1.716028
7247,44,0,23,3.5,1.92525
7248,44,1,0,3.5,2.394452
7249,44,1,1,3.5,2.799278
7250,44,1,2,3.5,2.8847
7251,44,1,3,3.5,2.794326
7252,44,1,4,3.5,2.638338
7253,44,1,5,3.5,2.598722
7254,44,1,6,3.5,2.435306
7255,44,1,7,3.5,2.894604
7256,44,1,8,3.5,3.325428
7257,44,1,9,3.5,3.5
7258,44,1,10,3.5,3.5
7259,44,1,11,3.5,3.5
7260,44,1,12,3.5,3.306858
7261,44,1,13,3.5,3.186772
7262,44,1,14,3.5,3.5
7263,44,1,15,3.5,3.284574
7264,44,1,16,3.5,2.772042
7265,44,1,17,3.5,2.559106
7266,44,1,18,3.5,1.998292
7267,44,1,19,3.5,1.530328
7268,44,1,20,3.5,1.555088
7269,44,1,21,3.5,1.626892
7270,44,1,22,3.5,1.77669
7271,44,1,23,3.5,1.78907
7272,44,2,0,3.5,1.798974
7273,44,2,1,3.5,1.583562
7274,44,2,2,3.5,1.586038
7275,44,2,3,3.5,1.530328
7276,44,2,4,3.5,1.2867
7277,44,2,5,3.5,1.09875
7278,44,2,6,3.5,1.729646
7279,44,2,7,3.5,2.169136
7280,44,2,8,3.5,2.720046
7281,44,2,9,3.5,3.263528
7282,44,2,10,3.5,3.5
7283,44,2,11,3.5,3.5
7284,44,2,12,3.5,3.5
7285,44,2,13,3.5,3.5
7286,44,2,14,3.5,3.5
7287,44,2,15,3.5,3.5
7288,44,2,16,3.5,3.5
7289,44,2,17,3.5,3.408374
7290,44,2,18,3.5,2.715094
7291,44,2,19,3.5,2.264462
7292,44,2,20,3.5,1.97477
7293,44,2,21,3.5,2.081238
7294,44,2,22,3.5,2.063906
7295,44,2,23,3.5,2.002006
7296,44,3,0,3.5,2.066382
7297,44,3,1,3.5,2.102284
7298,44,3,2,3.5,1.895538
7299,44,3,3,3.5,1.811354
7300,44,3,4,3.5,1.586038
7301,44,3,5,3.5,1.88811
7302,44,3,6,3.5,2.332552
7303,44,3,7,3.5,2.888414
7304,44,3,8,3.5,3.481416
7305,44,3,9,3.5,3.5
7306,44,3,10,3.5,3.5
7307,44,3,11,3.5,3.5
7308,44,3,12,3.5,3.5
7309,44,3,13,3.5,3.5
7310,44,3,14,3.5,3.5
7311,44,3,15,3.5,3.5
7312,44,3,16,3.5,3.5
7313,44,3,17,3.5,3.5
7314,44,3,18,3.5,2.769566
7315,44,3,19,3.5,2.2657
7316,44,3,20,3.5,2.102284
7317,44,3,21,3.5,2.081238
7318,44,3,22,3.5,1.90049
7319,44,3,23,3.5,1.74574
7320,44,4,0,3.5,1.647938
7321,44,4,1,3.5,1.32555
7322,44,4,2,3.5,1.27725
7323,44,4,3,3.5,1.3707
7324,44,4,4,3.5,1.619464
7325,44,4,5,3.5,1.587276
7326,44,4,6,3.5,1.92525
7327,44,4,7,3.5,2.326362
7328,44,4,8,3.5,3.253624
7329,44,4,9,3.5,3.5
7330,44,4,10,3.5,3.5
7331,44,4,11,3.5,3.5
7332,44,4,12,3.5,3.5
7333,44,4,13,3.5,3.5
7334,44,4,14,3.5,3.5
7335,44,4,15,3.5,3.5
7336,44,4,16,3.5,3.5
7337,44,4,17,3.5,3.5
7338,44,4,18,3.5,3.16325
7339,44,4,19,3.5,2.405594
7340,44,4,20,3.5,2.076286
7341,44,4,21,3.5,1.973532
7342,44,4,22,3.5,1.744502
7343,44,4,23,3.5,1.651652
7344,44,5,0,3.5,1.704886
7345,44,5,1,3.5,1.798974
7346,44,5,2,3.5,1.548898
7347,44,5,3,3.5,1.30875
7348,44,5,4,3.5,1.419
7349,44,5,5,3.5,1.44315
7350,44,5,6,3.5,1.46719
7351,44,5,7,3.5,1.907918
7352,44,5,8,3.5,2.571486
7353,44,5,9,3.5,2.97755
7354,44,5,10,3.5,3.322952
7355,44,5,11,3.5,3.5
7356,44,5,12,3.5,3.5
7357,44,5,13,3.5,3.5
7358,44,5,14,3.5,3.5
7359,44,5,15,3.5,3.5
7360,44,5,16,3.5,3.5
7361,44,5,17,3.5,3.29943
7362,44,5,18,3.5,2.505872
7363,44,5,19,3.5,2.002006
7364,44,5,20,3.5,2.0181
7365,44,5,21,3.5,2.019338
7366,44,5,22,3.5,1.977246
7367,44,5,23,3.5,2.035432
7368,44,6,0,3.5,2.541774
7369,44,6,1,3.5,2.541774
7370,44,6,2,3.5,2.608626
7371,44,6,3,3.5,2.479874
7372,44,6,4,3.5,2.399404
7373,44,6,5,3.5,2.473684
7374,44,6,6,3.5,2.567772
7375,44,6,7,3.5,2.74852
7376,44,6,8,3.5,3.154584
7377,44,6,9,3.5,3.5
7378,44,6,10,3.5,3.5
7379,44,6,11,3.5,3.5
7380,44,6,12,3.5,3.5
7381,44,6,13,3.5,3.5
7382,44,6,14,3.5,3.5
7383,44,6,15,3.5,3.5
7384,44,6,16,3.5,3.5
7385,44,6,17,3.5,3.5
7386,44,6,18,3.5,3.5
7387,44,6,19,3.5,3.067924
7388,44,6,20,3.5,2.763376
7389,44,6,21,3.5,2.720046
7390,44,6,22,3.5,2.658146
7391,44,6,23,3.5,3.055544
7392,45,0,0,3.5,3.5
7393,45,0,1,3.5,3.5
7394,45,0,2,3.5,3.300668
7395,45,0,3,3.5,3.28705
7396,45,0,4,3.5,2.815372
7397,45,0,5,3.5,2.789374
7398,45,0,6,3.5,2.712618
7399,45,0,7,3.5,2.988692
7400,45,0,8,3.5,3.23753
7401,45,0,9,3.5,3.5
7402,45,0,10,3.5,3.5
7403,45,0,11,3.5,3.5
7404,45,0,12,3.5,3.5
7405,45,0,13,3.5,3.5
7406,45,0,14,3.5,3.5
7407,45,0,15,3.5,3.5
7408,45,0,16,3.5,3.5
7409,45,0,17,3.5,3.18801
7410,45,0,18,3.5,2.348646
7411,45,0,19,3.5,1.687554
7412,45,0,20,3.5,1.25415
7413,45,0,21,3.5,1.11555
7414,45,0,22,3.5,0.927992
7415,45,0,23,3.5,1.20165
7416,45,1,0,3.5,1.34655
7417,45,1,1,3.5,1.57861
7418,45,1,2,3.5,1.500616
7419,45,1,3,3.5,1.587276
7420,45,1,4,3.5,1.36335
7421,45,1,5,3.5,1.19115
7422,45,1,6,3.5,1.43265
7423,45,1,7,3.5,1.75812
7424,45,1,8,3.5,2.413022
7425,45,1,9,3.5,2.758424
7426,45,1,10,3.5,3.413326
7427,45,1,11,3.5,3.303144
7428,45,1,12,3.5,3.5
7429,45,1,13,3.5,3.5
7430,45,1,14,3.5,3.5
7431,45,1,15,3.5,3.5
7432,45,1,16,3.5,3.5
7433,45,1,17,3.5,2.790612
7434,45,1,18,3.5,1.98096
7435,45,1,19,3.5,1.45365
7436,45,1,20,3.5,1.419
7437,45,1,21,3.5,1.3917
7438,45,1,22,3.5,1.1943
7439,45,1,23,3.5,1.21215
7440,45,2,0,3.5,1.542708
7441,45,2,1,3.5,1.797736
7442,45,2,2,3.5,2.021814
7443,45,2,3,3.5,1.879444
7444,45,2,4,3.5,1.22895
7445,45,2,5,3.5,1.09665
7446,45,2,6,3.5,1.1607
7447,45,2,7,3.5,1.37805
7448,45,2,8,3.5,2.18523
7449,45,2,9,3.5,2.902032
7450,45,2,10,3.5,3.292002
7451,45,2,11,3.5,3.5
7452,45,2,12,3.5,3.5
7453,45,2,13,3.5,3.5
7454,45,2,14,3.5,3.5
7455,45,2,15,3.5,3.5
7456,45,2,16,3.5,3.424468
7457,45,2,17,3.5,2.845084
7458,45,2,18,3.5,2.776994
7459,45,2,19,3.5,2.16666
7460,45,2,20,3.5,1.98096
7461,45,2,21,3.5,1.779166
7462,45,2,22,3.5,1.806402
7463,45,2,23,3.5,1.855922
7464,45,3,0,3.5,1.88811
7465,45,3,1,3.5,1.790308
7466,45,3,2,3.5,1.74574
7467,45,3,3,3.5,1.969818
7468,45,3,4,3.5,1.794022
7469,45,3,5,3.5,1.99334
7470,45,3,6,3.5,2.541774
7471,45,3,7,3.5,2.71138
7472,45,3,8,3.5,2.967646
7473,45,3,9,3.5,3.5
7474,45,3,10,3.5,3.5
7475,45,3,11,3.5,3.5
7476,45,3,12,3.5,3.5
7477,45,3,13,3.5,3.5
7478,45,3,14,3.5,3.5
7479,45,3,15,3.5,3.5
7480,45,3,16,3.5,3.5
7481,45,3,17,3.5,3.5
7482,45,3,18,3.5,2.582628
7483,45,3,19,3.5,2.419212
7484,45,3,20,3.5,2.322648
7485,45,3,21,3.5,2.078762
7486,45,3,22,3.5,2.175326
7487,45,3,23,3.5,2.081238
7488,45,4,0,3.5,2.128282
7489,45,4,1,3.5,1.904204
7490,45,4,2,3.5,1.924012
7491,45,4,3,3.5,2.125806
7492,45,4,4,3.5,2.344932
7493,45,4,5,3.5,2.424164
7494,45,4,6,3.5,2.861178
7495,45,4,7,3.5,2.92803
7496,45,4,8,3.5,2.936696
7497,45,4,9,3.5,3.024594
7498,45,4,10,3.5,3.414564
7499,45,4,11,3.5,3.5
7500,45,4,12,3.5,3.5
7501,45,4,13,3.5,3.5
7502,45,4,14,3.5,3.5
7503,45,4,15,3.5,3.5
7504,45,4,16,3.5,3.315524
7505,45,4,17,3.5,2.85375
7506,45,4,18,3.5,1.811354
7507,45,4,19,3.5,1.35705
7508,45,4,20,3.5,1.37385
7509,45,4,21,3.5,1.41165
7510,45,4,22,3.5,1.4505
7511,45,4,23,3.5,1.3644
7512,45,5,0,3.5,1.3014
7513,45,5,1,3.5,1.4148
7514,45,5,2,3.5,1.2363
7515,45,5,3,3.5,1.36755
7516,45,5,4,3.5,1.2489
7517,45,5,5,3.5,1.4022
7518,45,5,6,3.5,1.605846
7519,45,5,7,3.5,2.597484
7520,45,5,8,3.5,3.384852
7521,45,5,9,3.5,3.5
7522,45,5,10,3.5,3.5
7523,45,5,11,3.5,3.5
7524,45,5,12,3.5,3.5
7525,45,5,13,3.5,3.5
7526,45,5,14,3.5,3.5
7527,45,5,15,3.5,3.351426
7528,45,5,16,3.5,2.852512
7529,45,5,17,3.5,2.557868
7530,45,5,18,3.5,1.712314
7531,45,5,19,3.5,1.2468
7532,45,5,20,3.5,1.0284
7533,45,5,21,3.5,0.810784
7534,45,5,22,3.5,1.42635
7535,45,5,23,3.5,1.7086
7536,45,6,0,3.5,1.0074
7537,45,6,1,3.5,0.813696
7538,45,6,2,3.5,0.9486
7539,45,6,3,3.5,1.01265
7540,45,6,4,3.5,0.98325
7541,45,6,5,3.5,1.0011
7542,45,6,6,3.5,1.69622
7543,45,6,7,3.5,2.292936
7544,45,6,8,3.5,2.858702
7545,45,6,9,3.5,3.5
7546,45,6,10,3.5,3.5
7547,45,6,11,3.5,3.5
7548,45,6,12,3.5,3.5
7549,45,6,13,3.5,3.5
7550,45,6,14,3.5,3.5
7551,45,6,15,3.5,3.5
7552,45,6,16,3.5,3.5
7553,45,6,17,3.5,3.232578
7554,45,6,18,3.5,1.984674
7555,45,6,19,3.5,1.2321
7556,45,6,20,3.5,0.890136
7557,45,6,21,3.5,0.920712
7558,45,6,22,3.5,0.906152
7559,45,6,23,3.5,1.1796
7560,46,0,0,3.5,1.21845
7561,46,0,1,3.5,1.21425
7562,46,0,2,3.5,1.2321
7563,46,0,3,3.5,1.2468
7564,46,0,4,3.5,1.19115
7565,46,0,5,3.5,1.13235
7566,46,0,6,3.5,1.66527
7567,46,0,7,3.5,3.186772
7568,46,0,8,3.5,3.5
7569,46,0,9,3.5,3.5
7570,46,0,10,3.5,3.5
7571,46,0,11,3.5,3.325428
7572,46,0,12,3.5,3.42323
7573,46,0,13,3.5,3.5
7574,46,0,14,3.5,3.5
7575,46,0,15,3.5,3.414564
7576,46,0,16,3.5,3.072876
7577,46,0,17,3.5,2.577676
7578,46,0,18,3.5,1.704886
7579,46,0,19,3.5,1.2594
7580,46,0,20,3.5,1.0704
7581,46,0,21,3.5,1.31085
7582,46,0,22,3.5,1.3056
7583,46,0,23,3.5,1.607084
7584,46,1,0,3.5,1.594704
7585,46,1,1,3.5,1.95001
7586,46,1,2,3.5,2.171612
7587,46,1,3,3.5,2.196372
7588,46,1,4,3.5,2.487302
7589,46,1,5,3.5,2.517014
7590,46,1,6,3.5,2.627196
7591,46,1,7,3.5,2.348646
7592,46,1,8,3.5,2.77328
7593,46,1,9,3.5,2.617292
7594,46,1,10,3.5,3.269718
7595,46,1,11,3.5,3.496272
7596,46,1,12,3.5,3.480178
7597,46,1,13,3.5,3.480178
7598,46,1,14,3.5,3.350188
7599,46,1,15,3.5,3.318
7600,46,1,16,3.5,3.31181
7601,46,1,17,3.5,2.689096
7602,46,1,18,3.5,2.105998
7603,46,1,19,3.5,1.1355
7604,46,1,20,3.5,1.0158
7605,46,1,21,3.5,0.856648
7606,46,1,22,3.5,0.879944
7607,46,1,23,3.5,1.03575
7608,46,2,0,3.5,0.911976
7609,46,2,1,3.5,0.85228
7610,46,2,2,3.5,0.930904
7611,46,2,3,3.5,0.903968
7612,46,2,4,3.5,0.911976
7613,46,2,5,3.5,0.97695
7614,46,2,6,3.5,1.3161
7615,46,2,7,3.5,2.093618
7616,46,2,8,3.5,2.817848
7617,46,2,9,3.5,3.5
7618,46,2,10,3.5,3.5
7619,46,2,11,3.5,3.5
7620,46,2,12,3.5,3.5
7621,46,2,13,3.5,3.5
7622,46,2,14,3.5,3.5
7623,46,2,15,3.5,3.5
7624,46,2,16,3.5,3.5
7625,46,2,17,3.5,3.259814
7626,46,2,18,3.5,2.461304
7627,46,2,19,3.5,1.77669
7628,46,2,20,3.5,1.3959
7629,46,2,21,3.5,1.500616
7630,46,2,22,3.5,1.4148
7631,46,2,23,3.5,1.41585
7632,46,3,0,3.5,1.4253
7633,46,3,1,3.5,1.21215
7634,46,3,2,3.5,1.1565
7635,46,3,3,3.5,0.9591
7636,46,3,4,3.5,0.9906
7637,46,3,5,3.5,1.1313
7638,46,3,6,3.5,1.546422
7639,46,3,7,3.5,1.964866
7640,46,3,8,3.5,2.731188
7641,46,3,9,3.5,3.284574
7642,46,3,10,3.5,3.222674
7643,46,3,11,3.5,3.284574
7644,46,3,12,3.5,3.5
7645,46,3,13,3.5,3.5
7646,46,3,14,3.5,3.5
7647,46,3,15,3.5,3.5
7648,46,3,16,3.5,3.179344
7649,46,3,17,3.5,2.793088
7650,46,3,18,3.5,1.605846
7651,46,3,19,3.5,1.30245
7652,46,3,20,3.5,1.13235
7653,46,3,21,3.5,1.146
7654,46,3,22,3.5,1.05255
7655,46,3,23,3.5,1.23945
7656,46,4,0,3.5,1.22895
7657,46,4,1,3.5,1.11555
7658,46,4,2,3.5,1.2195
7659,46,4,3,3.5,1.477094
7660,46,4,4,3.5,1.4064
7661,46,4,5,3.5,1.569944
7662,46,4,6,3.5,1.761834
7663,46,4,7,3.5,2.164184
7664,46,4,8,3.5,2.456352
7665,46,4,9,3.5,3.015928
7666,46,4,10,3.5,3.5
7667,46,4,11,3.5,3.335332
7668,46,4,12,3.5,3.397232
7669,46,4,13,3.5,3.5
7670,46,4,14,3.5,3.5
7671,46,4,15,3.5,3.5
7672,46,4,16,3.5,3.5
7673,46,4,17,3.5,3.139728
7674,46,4,18,3.5,2.12333
7675,46,4,19,3.5,1.31505
7676,46,4,20,3.5,1.2699
7677,46,4,21,3.5,1.4295
7678,46,4,22,3.5,1.34655
7679,46,4,23,3.5,1.586038
7680,46,5,0,3.5,1.51052
7681,46,5,1,3.5,1.78907
7682,46,5,2,3.5,2.021814
7683,46,5,3,3.5,2.380834
7684,46,5,4,3.5,2.842608
7685,46,5,5,3.5,3.048116
7686,46,5,6,3.5,3.21896
7687,46,5,7,3.5,3.343998
7688,46,5,8,3.5,3.382376
7689,46,5,9,3.5,3.5
7690,46,5,10,3.5,3.5
7691,46,5,11,3.5,3.5
7692,46,5,12,3.5,3.5
7693,46,5,13,3.5,3.5
7694,46,5,14,3.5,3.5
7695,46,5,15,3.5,3.5
7696,46,5,16,3.5,3.5
7697,46,5,17,3.5,3.006024
7698,46,5,18,3.5,2.196372
7699,46,5,19,3.5,1.635558
7700,46,5,20,3.5,1.35915
7701,46,5,21,3.5,1.3329
7702,46,5,22,3.5,1.23
7703,46,5,23,3.5,1.3497
7704,46,6,0,3.5,1.598418
7705,46,6,1,3.5,1.573658
7706,46,6,2,3.5,1.45365
7707,46,6,3,3.5,1.514234
7708,46,6,4,3.5,1.534042
7709,46,6,5,3.5,1.4505
7710,46,6,6,3.5,1.80145
7711,46,6,7,3.5,2.473684
7712,46,6,8,3.5,2.780708
7713,46,6,9,3.5,3.381138
7714,46,6,10,3.5,3.5
7715,46,6,11,3.5,3.5
7716,46,6,12,3.5,3.5
7717,46,6,13,3.5,3.5
7718,46,6,14,3.5,3.5
7719,46,6,15,3.5,3.5
7720,46,6,16,3.5,2.911936
7721,46,6,17,3.5,2.378358
7722,46,6,18,3.5,1.65289
7723,46,6,19,3.5,1.3224
7724,46,6,20,3.5,1.23525
7725,46,6,21,3.5,1.11555
7726,46,6,22,3.5,1.0074
7727,46,6,23,3.5,0.883584
7728,47,0,0,3.5,0.936
7729,47,0,1,3.5,0.902512
7730,47,0,2,3.5,0.75764
7731,47,0,3,3.5,1.06935
7732,47,0,4,3.5,1.0284
7733,47,0,5,3.5,1.11765
7734,47,0,6,3.5,1.928964
7735,47,0,7,3.5,2.738616
7736,47,0,8,3.5,3.127348
7737,47,0,9,3.5,3.0704
7738,47,0,10,3.5,3.45418
7739,47,0,11,3.5,3.5
7740,47,0,12,3.5,3.5
7741,47,0,13,3.5,3.5
7742,47,0,14,3.5,3.5
7743,47,0,15,3.5,3.382376
7744,47,0,16,3.5,2.830228
7745,47,0,17,3.5,2.877272
7746,47,0,18,3.5,2.543012
7747,47,0,19,3.5,1.786594
7748,47,0,20,3.5,1.717266
7749,47,0,21,3.5,1.582324
7750,47,0,22,3.5,1.49814
7751,47,0,23,3.5,1.880682
7752,47,1,0,3.5,2.058954
7753,47,1,1,3.5,2.03048
7754,47,1,2,3.5,1.822496
7755,47,1,3,3.5,1.867064
7756,47,1,4,3.5,2.09857
7757,47,1,5,3.5,2.08
7758,47,1,6,3.5,2.651956
7759,47,1,7,3.5,3.097636
7760,47,1,8,3.5,3.341522
7761,47,1,9,3.5,3.402184
7762,47,1,10,3.5,3.5
7763,47,1,11,3.5,3.5
7764,47,1,12,3.5,3.5
7765,47,1,13,3.5,3.5
7766,47,1,14,3.5,3.5
7767,47,1,15,3.5,3.5
7768,47,1,16,3.5,3.5
7769,47,1,17,3.5,3.49132
7770,47,1,18,3.5,2.37093
7771,47,1,19,3.5,1.65289
7772,47,1,20,3.5,1.2636
7773,47,1,21,3.5,1.3434
7774,47,1,22,3.5,1.500616
7775,47,1,23,3.5,1.33605
7776,47,2,0,3.5,1.44315
7777,47,2,1,3.5,1.607084
7778,47,2,2,3.5,1.512996
7779,47,2,3,3.5,1.639272
7780,47,2,4,3.5,1.44315
7781,47,2,5,3.5,1.18695
7782,47,2,6,3.5,1.3665
7783,47,2,7,3.5,2.013148
7784,47,2,8,3.5,2.690334
7785,47,2,9,3.5,3.29324
7786,47,2,10,3.5,3.5
7787,47,2,11,3.5,3.5
7788,47,2,12,3.5,3.5
7789,47,2,13,3.5,3.5
7790,47,2,14,3.5,3.5
7791,47,2,15,3.5,3.5
7792,47,2,16,3.5,3.029546
7793,47,2,17,3.5,2.567772
7794,47,2,18,3.5,1.761834
7795,47,2,19,3.5,1.2468
7796,47,2,20,3.5,1.01265
7797,47,2,21,3.5,0.927992
7798,47,2,22,3.5,0.875576
7799,47,2,23,3.5,1.30875
7800,47,3,0,3.5,1.662794
7801,47,3,1,3.5,1.656604
7802,47,3,2,3.5,1.675174
7803,47,3,3,3.5,1.83859
7804,47,3,4,3.5,1.675174
7805,47,3,5,3.5,1.49814
7806,47,3,6,3.5,1.936392
7807,47,3,7,3.5,2.885938
7808,47,3,8,3.5,3.185534
7809,47,3,9,3.5,3.5
7810,47,3,10,3.5,3.5
7811,47,3,11,3.5,3.5
7812,47,3,12,3.5,3.5
7813,47,3,13,3.5,3.5
7814,47,3,14,3.5,3.5
7815,47,3,15,3.5,3.5
7816,47,3,16,3.5,3.197914
7817,47,3,17,3.5,2.746044
7818,47,3,18,3.5,1.78288
7819,47,3,19,3.5,1.1901
7820,47,3,20,3.5,1.3497
7821,47,3,21,3.5,1.651652
7822,47,3,22,3.5,1.717266
7823,47,3,23,3.5,1.772976
7824,47,4,0,3.5,1.827448
7825,47,4,1,3.5,1.656604
7826,47,4,2,3.5,1.495664
7827,47,4,3,3.5,1.20795
7828,47,4,4,3.5,1.2699
7829,47,4,5,3.5,1.3266
7830,47,4,6,3.5,2.08
7831,47,4,7,3.5,2.607388
7832,47,4,8,3.5,2.937934
7833,47,4,9,3.5,3.164488
7834,47,4,10,3.5,3.440562
7835,47,4,11,3.5,3.5
7836,47,4,12,3.5,3.5
7837,47,4,13,3.5,3.5
7838,47,4,14,3.5,3.5
7839,47,4,15,3.5,3.5
7840,47,4,16,3.5,3.5
7841,47,4,17,3.5,3.315524
7842,47,4,18,3.5,2.316458
7843,47,4,19,3.5,1.749454
7844,47,4,20,3.5,1.598418
7845,47,4,21,3.5,1.701172
7846,47,4,22,3.5,1.47338
7847,47,4,23,3.5,1.571182
7848,47,5,0,3.5,1.59099
7849,47,5,1,3.5,1.644224
7850,47,5,2,3.5,1.28145
7851,47,5,3,3.5,1.0326
7852,47,5,4,3.5,1.146
7853,47,5,5,3.5,1.17015
7854,47,5,6,3.5,1.508044
7855,47,5,7,3.5,2.035432
7856,47,5,8,3.5,2.592532
7857,47,5,9,3.5,3.284574
7858,47,5,10,3.5,3.5
7859,47,5,11,3.5,3.5
7860,47,5,12,3.5,3.5
7861,47,5,13,3.5,3.5
7862,47,5,14,3.5,3.5
7863,47,5,15,3.5,3.5
7864,47,5,16,3.5,3.5
7865,47,5,17,3.5,2.973836
7866,47,5,18,3.5,2.169136
7867,47,5,19,3.5,1.4295
7868,47,5,20,3.5,1.3056
7869,47,5,21,3.5,1.44735
7870,47,5,22,3.5,1.537756
7871,47,5,23,3.5,1.72098
7872,47,6,0,3.5,1.920298
7873,47,6,1,3.5,1.920298
7874,47,6,2,3.5,1.93763
7875,47,6,3,3.5,2.460066
7876,47,6,4,3.5,2.276842
7877,47,6,5,3.5,2.169136
7878,47,6,6,3.5,2.540536
7879,47,6,7,3.5,2.988692
7880,47,6,8,3.5,3.5
7881,47,6,9,3.5,3.5
7882,47,6,10,3.5,3.5
7883,47,6,11,3.5,3.5
7884,47,6,12,3.5,3.5
7885,47,6,13,3.5,3.5
7886,47,6,14,3.5,3.5
7887,47,6,15,3.5,3.49132
7888,47,6,16,3.5,2.95898
7889,47,6,17,3.5,2.603674
7890,47,6,18,3.5,2.157994
7891,47,6,19,3.5,2.0181
7892,47,6,20,3.5,1.883158
7893,47,6,21,3.5,1.774214
7894,47,6,22,3.5,1.582324
7895,47,6,23,3.5,1.647938
7896,48,0,0,3.5,1.750692
7897,48,0,1,3.5,1.463476
7898,48,0,2,3.5,1.28145
7899,48,0,3,3.5,1.3077
7900,48,0,4,3.5,1.06725
7901,48,0,5,3.5,1.07985
7902,48,0,6,3.5,1.593466
7903,48,0,7,3.5,2.595008
7904,48,0,8,3.5,3.108778
7905,48,0,9,3.5,3.347712
7906,48,0,10,3.5,3.5
7907,48,0,11,3.5,3.5
7908,48,0,12,3.5,3.5
7909,48,0,13,3.5,3.5
7910,48,0,14,3.5,3.5
7911,48,0,15,3.5,3.5
7912,48,0,16,3.5,3.5
7913,48,0,17,3.5,3.5
7914,48,0,18,3.5,2.713856
7915,48,0,19,3.5,1.895538
7916,48,0,20,3.5,1.525376
7917,48,0,21,3.5,1.3707
7918,48,0,22,3.5,1.3287
7919,48,0,23,3.5,1.3119
7920,48,1,0,3.5,1.1985
7921,48,1,1,3.5,1.3119
7922,48,1,2,3.5,1.47957
7923,48,1,3,3.5,1.791546
7924,48,1,4,3.5,1.834876
7925,48,1,5,3.5,1.562516
7926,48,1,6,3.5,1.932678
7927,48,1,7,3.5,2.372168
7928,48,1,8,3.5,2.769566
7929,48,1,9,3.5,3.252386
7930,48,1,10,3.5,3.439324
7931,48,1,11,3.5,3.314286
7932,48,1,12,3.5,3.5
7933,48,1,13,3.5,3.5
7934,48,1,14,3.5,3.5
7935,48,1,15,3.5,3.5
7936,48,1,16,3.5,3.5
7937,48,1,17,3.5,3.449228
7938,48,1,18,3.5,2.871082
7939,48,1,19,3.5,2.070096
7940,48,1,20,3.5,1.772976
7941,48,1,21,3.5,1.797736
7942,48,1,22,3.5,1.891824
7943,48,1,23,3.5,1.480808
7944,48,2,0,3.5,1.623178
7945,48,2,1,3.5,1.761834
7946,48,2,2,3.5,1.09665
7947,48,2,3,3.5,1.20375
7948,48,2,4,3.5,1.13655
7949,48,2,5,3.5,0.97275
7950,48,2,6,3.5,1.20795
7951,48,2,7,3.5,1.35705
7952,48,2,8,3.5,2.044098
7953,48,2,9,3.5,2.696524
7954,48,2,10,3.5,2.842608
7955,48,2,11,3.5,3.050592
7956,48,2,12,3.5,3.128586
7957,48,2,13,3.5,3.170678
7958,48,2,14,3.5,3.26848
7959,48,2,15,3.5,3.004786
7960,48,2,16,3.5,2.97755
7961,48,2,17,3.5,2.768328
7962,48,2,18,3.5,1.7705
7963,48,2,19,3.5,1.1019
7964,48,2,20,3.5,0.708864
7965,48,2,21,3.5,0.663
7966,48,2,22,3.5,0.663
7967,48,2,23,3.5,0.88504
7968,48,3,0,3.5,1.0809
7969,48,3,1,3.5,1.05045
7970,48,3,2,3.5,1.09875
7971,48,3,3,3.5,1.01265
7972,48,3,4,3.5,0.890864
7973,48,3,5,3.5,0.894504
7974,48,3,6,3.5,1.2846
7975,48,3,7,3.5,1.810116
7976,48,3,8,3.5,2.201324
7977,48,3,9,3.5,2.887176
7978,48,3,10,3.5,3.1323
7979,48,3,11,3.5,3.5
7980,48,3,12,3.5,3.5
7981,48,3,13,3.5,3.493796
7982,48,3,14,3.5,3.391042
7983,48,3,15,3.5,3.415802
7984,48,3,16,3.5,2.654432
7985,48,3,17,3.5,2.341218
7986,48,3,18,3.5,2.015624
7987,48,3,19,3.5,1.505568
7988,48,3,20,3.5,1.09665
7989,48,3,21,3.5,0.96645
7990,48,3,22,3.5,1.0221
7991,48,3,23,3.5,0.88504
7992,48,4,0,3.5,0.73216
7993,48,4,1,3.5,0.736528
7994,48,4,2,3.5,0.901784
7995,48,4,3,3.5,0.909064
7996,48,4,4,3.5,0.78676
7997,48,4,5,3.5,0.662272
7998,48,4,6,3.5,1.01895
7999,48,4,7,3.5,1.3455
8000,48,4,8,3.5,2.109712
8001,48,4,9,3.5,2.193896
8002,48,4,10,3.5,2.715094
8003,48,4,11,3.5,2.98374
8004,48,4,12,3.5,2.861178
8005,48,4,13,3.5,3.192962
8006,48,4,14,3.5,3.211532
8007,48,4,15,3.5,2.861178
8008,48,4,16,3.5,2.526918
8009,48,4,17,3.5,2.136948
8010,48,4,18,3.5,1.843542
8011,48,4,19,3.5,1.644224
8012,48,4,20,3.5,1.610798
8013,48,4,21,3.5,1.608322
8014,48,4,22,3.5,1.635558
8015,48,4,23,3.5,1.42635
8016,48,5,0,3.5,1.30245
8017,48,5,1,3.5,1.21215
8018,48,5,2,3.5,1.15545
8019,48,5,3,3.5,1.36755
8020,48,5,4,3.5,1.39065
8021,48,5,5,3.5,1.2846
8022,48,5,6,3.5,1.75812
8023,48,5,7,3.5,2.285508
8024,48,5,8,3.5,2.617292
8025,48,5,9,3.5,2.85375
8026,48,5,10,3.5,2.929268
8027,48,5,11,3.5,3.473988
8028,48,5,12,3.5,3.352664
8029,48,5,13,3.5,3.185534
8030,48,5,14,3.5,3.072876
8031,48,5,15,3.5,2.96517
8032,48,5,16,3.5,2.820324
8033,48,5,17,3.5,2.16666
8034,48,5,18,3.5,1.701172
8035,48,5,19,3.5,1.44
8036,48,5,20,3.5,1.33605
8037,48,5,21,3.5,1.32135
8038,48,5,22,3.5,1.20795
8039,48,5,23,3.5,1.41165
8040,48,6,0,3.5,1.40535
8041,48,6,1,3.5,1.2426
8042,48,6,2,3.5,1.21425
8043,48,6,3,3.5,0.897416
8044,48,6,4,3.5,0.99795
8045,48,6,5,3.5,0.789672
8046,48,6,6,3.5,1.1187
8047,48,6,7,3.5,1.44945
8048,48,6,8,3.5,1.977246
8049,48,6,9,3.5,2.299126
8050,48,6,10,3.5,2.628434
8051,48,6,11,3.5,2.815372
8052,48,6,12,3.5,2.871082
8053,48,6,13,3.5,3.24991
8054,48,6,14,3.5,3.02707
8055,48,6,15,3.5,3.22515
8056,48,6,16,3.5,2.90946
8057,48,6,17,3.5,2.462542
8058,48,6,18,3.5,1.83859
8059,48,6,19,3.5,1.489474
8060,48,6,20,3.5,1.3602
8061,48,6,21,3.5,1.20375
8062,48,6,22,3.5,1.03575
8063,48,6,23,3.5,1.0221
8064,49,0,0,3.5,1.02525
8065,49,0,1,3.5,1.0872
8066,49,0,2,3.5,0.930176
8067,49,0,3,3.5,0.880672
8068,49,0,4,3.5,0.834808
8069,49,0,5,3.5,0.705952
8070,49,0,6,3.5,0.9948
8071,49,0,7,3.5,1.1355
8072,49,0,8,3.5,1.65908
8073,49,0,9,3.5,1.969818
8074,49,0,10,3.5,2.250844
8075,49,0,11,3.5,2.338742
8076,49,0,12,3.5,2.285508
8077,49,0,13,3.5,2.421688
8078,49,0,14,3.5,2.560344
8079,49,0,15,3.5,2.549202
8080,49,0,16,3.5,2.226084
8081,49,0,17,3.5,1.88811
8082,49,0,18,3.5,1.520424
8083,49,0,19,3.5,1.19745
8084,49,0,20,3.5,1.35075
8085,49,0,21,3.5,1.676412
8086,49,0,22,3.5,1.9562
8087,49,0,23,3.5,1.562516
8088,49,1,0,3.5,1.45995
8089,49,1,1,3.5,1.0872
8090,49,1,2,3.5,1.00425
8091,49,1,3,3.5,1.05675
8092,49,1,4,3.5,1.0557
8093,49,1,5,3.5,0.92144
8094,49,1,6,3.5,1.21845
8095,49,1,7,3.5,1.712314
8096,49,1,8,3.5,2.264462
8097,49,1,9,3.5,2.533108
8098,49,1,10,3.5,2.888414
8099,49,1,11,3.5,3.129824
8100,49,1,12,3.5,3.049354
8101,49,1,13,3.5,2.892128
8102,49,1,14,3.5,2.53806
8103,49,1,15,3.5,2.405594
8104,49,1,16,3.5,2.274366
8105,49,1,17,3.5,2.021814
8106,49,1,18,3.5,1.562516
8107,49,1,19,3.5,1.2468
8108,49,1,20,3.5,1.26255
8109,49,1,21,3.5,1.3182
8110,49,1,22,3.5,1.4463
8111,49,1,23,3.5,1.2531
8112,49,2,0,3.5,1.0599
8113,49,2,1,3.5,1.00845
8114,49,2,2,3.5,1.0158
8115,49,2,3,3.5,0.903968
8116,49,2,4,3.5,1.0053
8117,49,2,5,3.5,0.893048
8118,49,2,6,3.5,1.24995
8119,49,2,7,3.5,1.842304
8120,49,2,8,3.5,2.493492
8121,49,2,9,3.5,2.802992
8122,49,2,10,3.5,3.195438
8123,49,2,11,3.5,3.428182
8124,49,2,12,3.5,3.185534
8125,49,2,13,3.5,3.490082
8126,49,2,14,3.5,3.0085
8127,49,2,15,3.5,2.836418
8128,49,2,16,3.5,2.670526
8129,49,2,17,3.5,2.390738
8130,49,2,18,3.5,1.879444
8131,49,2,19,3.5,1.704886
8132,49,2,20,3.5,1.651652
8133,49,2,21,3.5,1.779166
8134,49,2,22,3.5,1.786594
8135,49,2,23,3.5,1.623178
8136,49,3,0,3.5,1.82002
8137,49,3,1,3.5,1.573658
8138,49,3,2,3.5,1.4358
8139,49,3,3,3.5,1.500616
8140,49,3,4,3.5,1.496902
8141,49,3,5,3.5,1.3707
8142,49,3,6,3.5,1.717266
8143,49,3,7,3.5,1.99334
8144,49,3,8,3.5,2.689096
8145,49,3,9,3.5,2.786898
8146,49,3,10,3.5,3.048116
8147,49,3,11,3.5,3.189248
8148,49,3,12,3.5,2.837656
8149,49,3,13,3.5,2.966408
8150,49,3,14,3.5,2.862416
8151,49,3,15,3.5,2.885938
8152,49,3,16,3.5,2.91565
8153,49,3,17,3.5,2.206276
8154,49,3,18,3.5,1.92525
8155,49,3,19,3.5,1.26465
8156,49,3,20,3.5,1.30455
8157,49,3,21,3.5,1.3917
8158,49,3,22,3.5,1.4568
8159,49,3,23,3.5,1.612036
8160,49,4,0,3.5,1.555088
8161,49,4,1,3.5,1.514234
8162,49,4,2,3.5,1.525376
8163,49,4,3,3.5,1.2321
8164,49,4,4,3.5,1.39485
8165,49,4,5,3.5,1.4043
8166,49,4,6,3.5,1.72098
8167,49,4,7,3.5,2.176564
8168,49,4,8,3.5,2.673002
8169,49,4,9,3.5,3.202866
8170,49,4,10,3.5,3.5
8171,49,4,11,3.5,3.5
8172,49,4,12,3.5,3.407136
8173,49,4,13,3.5,3.5
8174,49,4,14,3.5,3.277146
8175,49,4,15,3.5,3.004786
8176,49,4,16,3.5,2.91565
8177,49,4,17,3.5,2.852512
8178,49,4,18,3.5,2.731188
8179,49,4,19,3.5,2.380834
8180,49,4,20,3.5,2.260748
8181,49,4,21,3.5,1.879444
8182,49,4,22,3.5,1.51052
8183,49,4,23,3.5,1.1838
8184,49,5,0,3.5,0.902512
8185,49,5,1,3.5,0.809328
8186,49,5,2,3.5,0.713232
8187,49,5,3,3.5,0.657904
8188,49,5,4,3.5,0.729976
8189,49,5,5,3.5,0.663
8190,49,5,6,3.5,0.84864
8191,49,5,7,3.5,1.1397
8192,49,5,8,3.5,1.49195
8193,49,5,9,3.5,2.03048
8194,49,5,10,3.5,2.337504
8195,49,5,11,3.5,2.850036
8196,49,5,12,3.5,2.820324
8197,49,5,13,3.5,2.863654
8198,49,5,14,3.5,2.994882
8199,49,5,15,3.5,2.876034
8200,49,5,16,3.5,2.63091
8201,49,5,17,3.5,2.351122
8202,49,5,18,3.5,2.455114
8203,49,5,19,3.5,1.88811
8204,49,5,20,3.5,1.911632
8205,49,5,21,3.5,2.041622
8206,49,5,22,3.5,2.258272
8207,49,5,23,3.5,2.235988
8208,49,6,0,3.5,2.405594
8209,49,6,1,3.5,2.503396
8210,49,6,2,3.5,2.493492
8211,49,6,3,3.5,1.904204
8212,49,6,4,3.5,2.232274
8213,49,6,5,3.5,1.794022
8214,49,6,6,3.5,1.398
8215,49,6,7,3.5,1.537756
8216,49,6,8,3.5,2.258272
8217,49,6,9,3.5,2.534346
8218,49,6,10,3.5,3.077828
8219,49,6,11,3.5,3.395994
8220,49,6,12,3.5,3.26848
8221,49,6,13,3.5,3.230102
8222,49,6,14,3.5,3.290764
8223,49,6,15,3.5,3.202866
8224,49,6,16,3.5,2.913174
8225,49,6,17,3.5,2.406832
8226,49,6,18,3.5,2.11714
8227,49,6,19,3.5,1.928964
8228,49,6,20,3.5,1.475856
8229,49,6,21,3.5,1.23945
8230,49,6,22,3.5,1.1334
8231,49,6,23,3.5,1.0389
8232,50,0,0,3.5,0.93915
8233,50,0,1,3.5,0.898144
8234,50,0,2,3.5,0.9801
8235,50,0,3,3.5,0.93915
8236,50,0,4,3.5,1.1943
8237,50,0,5,3.5,1.02945
8238,50,0,6,3.5,1.32555
8239,50,0,7,3.5,1.717266
8240,50,0,8,3.5,2.316458
8241,50,0,9,3.5,2.802992
8242,50,0,10,3.5,3.048116
8243,50,0,11,3.5,3.339046
8244,50,0,12,3.5,3.446752
8245,50,0,13,3.5,3.34895
8246,50,0,14,3.5,3.5
8247,50,0,15,3.5,3.5
8248,50,0,16,3.5,3.5
8249,50,0,17,3.5,3.122396
8250,50,0,18,3.5,2.98993
8251,50,0,19,3.5,2.47616
8252,50,0,20,3.5,2.218656
8253,50,0,21,3.5,1.859636
8254,50,0,22,3.5,1.781642
8255,50,0,23,3.5,1.701172
8256,50,1,0,3.5,1.990864
8257,50,1,1,3.5,2.025528
8258,50,1,2,3.5,1.959914
8259,50,1,3,3.5,2.252082
8260,50,1,4,3.5,2.014386
8261,50,1,5,3.5,1.573658
8262,50,1,6,3.5,1.818782
8263,50,1,7,3.5,2.060192
8264,50,1,8,3.5,2.659384
8265,50,1,9,3.5,3.079066
8266,50,1,10,3.5,3.28705
8267,50,1,11,3.5,3.5
8268,50,1,12,3.5,3.5
8269,50,1,13,3.5,3.5
8270,50,1,14,3.5,3.5
8271,50,1,15,3.5,3.5
8272,50,1,16,3.5,3.5
8273,50,1,17,3.5,3.450466
8274,50,1,18,3.5,3.252386
8275,50,1,19,3.5,2.673002
8276,50,1,20,3.5,2.192658
8277,50,1,21,3.5,1.63432
8278,50,1,22,3.5,1.08405
8279,50,1,23,3.5,1.0704
8280,50,2,0,3.5,0.98325
8281,50,2,1,3.5,0.95175
8282,50,2,2,3.5,0.815152
8283,50,2,3,3.5,0.957
8284,50,2,4,3.5,0.869024
8285,50,2,5,3.5,1.1901
8286,50,2,6,3.5,1.817544
8287,50,2,7,3.5,1.765548
8288,50,2,8,3.5,2.64948
8289,50,2,9,3.5,2.603674
8290,50,2,10,3.5,2.941648
8291,50,2,11,3.5,3.277146
8292,50,2,12,3.5,3.295716
8293,50,2,13,3.5,3.148394
8294,50,2,14,3.5,3.209056
8295,50,2,15,3.5,3.165726
8296,50,2,16,3.5,2.96517
8297,50,2,17,3.5,2.44521
8298,50,2,18,3.5,2.139424
8299,50,2,19,3.5,1.579848
8300,50,2,20,3.5,1.44
8301,50,2,21,3.5,1.0977
8302,50,2,22,3.5,0.909064
8303,50,2,23,3.5,0.94965
8304,50,3,0,3.5,1.2111
8305,50,3,1,3.5,1.21635
8306,50,3,2,3.5,1.29405
8307,50,3,3,3.5,1.688792
8308,50,3,4,3.5,1.676412
8309,50,3,5,3.5,1.41585
8310,50,3,6,3.5,1.37805
8311,50,3,7,3.5,1.687554
8312,50,3,8,3.5,2.32141
8313,50,3,9,3.5,2.533108
8314,50,3,10,3.5,2.838894
8315,50,3,11,3.5,2.980026
8316,50,3,12,3.5,2.749758
8317,50,3,13,3.5,2.820324
8318,50,3,14,3.5,2.85994
8319,50,3,15,3.5,2.842608
8320,50,3,16,3.5,2.549202
8321,50,3,17,3.5,2.28427
8322,50,3,18,3.5,1.74574
8323,50,3,19,3.5,1.31925
8324,50,3,20,3.5,1.13865
8325,50,3,21,3.5,1.21845
8326,50,3,22,3.5,1.18065
8327,50,3,23,3.5,0.99795
8328,50,4,0,3.5,1.146
8329,50,4,1,3.5,1.12185
8330,50,4,2,3.5,1.0704
8331,50,4,3,3.5,1.1418
8332,50,4,4,3.5,1.2363
8333,50,4,5,3.5,1.1775
8334,50,4,6,3.5,1.31925
8335,50,4,7,3.5,1.583562
8336,50,4,8,3.5,2.195134
8337,50,4,9,3.5,2.403118
8338,50,4,10,3.5,2.887176
8339,50,4,11,3.5,3.065448
8340,50,4,12,3.5,3.077828
8341,50,4,13,3.5,3.5
8342,50,4,14,3.5,2.916888
8343,50,4,15,3.5,2.87851
8344,50,4,16,3.5,2.633386
8345,50,4,17,3.5,2.338742
8346,50,4,18,3.5,1.978484
8347,50,4,19,3.5,1.7086
8348,50,4,20,3.5,1.831162
8349,50,4,21,3.5,1.88811
8350,50,4,22,3.5,1.728408
8351,50,4,23,3.5,1.542708
8352,50,5,0,3.5,1.3875
8353,50,5,1,3.5,1.1985
8354,50,5,2,3.5,1.05885
8355,50,5,3,3.5,1.04835
8356,50,5,4,3.5,1.03575
8357,50,5,5,3.5,0.909064
8358,50,5,6,3.5,1.21215
8359,50,5,7,3.5,1.512996
8360,50,5,8,3.5,2.446448
8361,50,5,9,3.5,2.902032
8362,50,5,10,3.5,3.049354
8363,50,5,11,3.5,3.186772
8364,50,5,12,3.5,3.081542
8365,50,5,13,3.5,3.147156
8366,50,5,14,3.5,3.284574
8367,50,5,15,3.5,3.384852
8368,50,5,16,3.5,3.32419
8369,50,5,17,3.5,2.608626
8370,50,5,18,3.5,2.193896
8371,50,5,19,3.5,3.266004
8372,50,5,20,3.5,3.335332
8373,50,5,21,3.5,3.006024
8374,50,5,22,3.5,2.86613
8375,50,5,23,3.5,2.112188
8376,50,6,0,3.5,1.63432
8377,50,6,1,3.5,1.419
8378,50,6,2,3.5,1.2279
8379,50,6,3,3.5,1.2783
8380,50,6,4,3.5,1.1943
8381,50,6,5,3.5,1.2258
8382,50,6,6,3.5,1.26255
8383,50,6,7,3.5,1.631844
8384,50,6,8,3.5,2.257034
8385,50,6,9,3.5,3.048116
8386,50,6,10,3.5,3.267242
8387,50,6,11,3.5,3.34895
8388,50,6,12,3.5,3.300668
8389,50,6,13,3.5,3.374948
8390,50,6,14,3.5,3.0704
8391,50,6,15,3.5,2.96517
8392,50,6,16,3.5,2.887176
8393,50,6,17,3.5,2.40807
8394,50,6,18,3.5,2.221132
8395,50,6,19,3.5,1.555088
8396,50,6,20,3.5,1.52909
8397,50,6,21,3.5,1.3476
8398,50,6,22,3.5,1.3476
8399,50,6,23,3.5,1.11765
8400,51,0,0,3.5,1.12185
8401,51,0,1,3.5,0.931632
8402,51,0,2,3.5,0.893048
8403,51,0,3,3.5,0.810784
8404,51,0,4,3.5,0.796224
8405,51,0,5,3.5,0.882856
8406,51,0,6,3.5,1.11555
8407,51,0,7,3.5,1.655366
8408,51,0,8,3.5,2.014386
8409,51,0,9,3.5,2.348646
8410,51,0,10,3.5,2.696524
8411,51,0,11,3.5,2.85375
8412,51,0,12,3.5,2.659384
8413,51,0,13,3.5,2.972598
8414,51,0,14,3.5,2.627196
8415,51,0,15,3.5,2.687858
8416,51,0,16,3.5,2.326362
8417,51,0,17,3.5,1.952486
8418,51,0,18,3.5,1.688792
8419,51,0,19,3.5,1.43055
8420,51,0,20,3.5,1.1502
8421,51,0,21,3.5,1.0767
8422,51,0,22,3.5,1.12815
8423,51,0,23,3.5,1.125
8424,51,1,0,3.5,1.11765
8425,51,1,1,3.5,1.1208
8426,51,1,2,3.5,1.13235
8427,51,1,3,3.5,1.23945
8428,51,1,4,3.5,1.02525
8429,51,1,5,3.5,0.906152
8430,51,1,6,3.5,1.01265
8431,51,1,7,3.5,1.635558
8432,51,1,8,3.5,2.226084
8433,51,1,9,3.5,2.566534
8434,51,1,10,3.5,3.071638
8435,51,1,11,3.5,3.279622
8436,51,1,12,3.5,3.153346
8437,51,1,13,3.5,3.139728
8438,51,1,14,3.5,3.184296
8439,51,1,15,3.5,2.984978
8440,51,1,16,3.5,2.919364
8441,51,1,17,3.5,2.38331
8442,51,1,18,3.5,1.822496
8443,51,1,19,3.5,1.2195
8444,51,1,20,3.5,1.1187
8445,51,1,21,3.5,1.09455
8446,51,1,22,3.5,1.15965
8447,51,1,23,3.5,1.0662
8448,51,2,0,3.5,0.97065
8449,51,2,1,3.5,0.911248
8450,51,2,2,3.5,0.87412
8451,51,2,3,3.5,1.00005
8452,51,2,4,3.5,1.02525
8453,51,2,5,3.5,1.0326
8454,51,2,6,3.5,1.28355
8455,51,2,7,3.5,1.660318
8456,51,2,8,3.5,2.363502
8457,51,2,9,3.5,2.765852
8458,51,2,10,3.5,3.006024
8459,51,2,11,3.5,3.26848
8460,51,2,12,3.5,2.906984
8461,51,2,13,3.5,3.269718
8462,51,2,14,3.5,2.98374
8463,51,2,15,3.5,2.795564
8464,51,2,16,3.5,2.90327
8465,51,2,17,3.5,2.440258
8466,51,2,18,3.5,2.034194
8467,51,2,19,3.5,1.495664
8468,51,2,20,3.5,1.4442
8469,51,2,21,3.5,1.3161
8470,51,2,22,3.5,1.20795
8471,51,2,23,3.5,0.98745
8472,51,3,0,3.5,1.167
8473,51,3,1,3.5,1.26465
8474,51,3,2,3.5,1.1985
8475,51,3,3,3.5,1.2951
8476,51,3,4,3.5,1.21845
8477,51,3,5,3.5,1.1355
8478,51,3,6,3.5,1.3854
8479,51,3,7,3.5,1.833638
8480,51,3,8,3.5,2.429116
8481,51,3,9,3.5,2.737378
8482,51,3,10,3.5,3.159536
8483,51,3,11,3.5,3.320476
8484,51,3,12,3.5,3.445514
8485,51,3,13,3.5,3.41704
8486,51,3,14,3.5,3.459132
8487,51,3,15,3.5,3.241244
8488,51,3,16,3.5,3.097636
8489,51,3,17,3.5,2.660622
8490,51,3,18,3.5,2.24094
8491,51,3,19,3.5,1.65289
8492,51,3,20,3.5,1.480808
8493,51,3,21,3.5,1.30875
8494,51,3,22,3.5,1.10505
8495,51,3,23,3.5,1.1523
8496,51,4,0,3.5,1.24995
8497,51,4,1,3.5,1.2531
8498,51,4,2,3.5,1.17645
8499,51,4,3,3.5,0.9906
8500,51,4,4,3.5,0.916344
8501,51,4,5,3.5,0.708864
8502,51,4,6,3.5,0.854464
8503,51,4,7,3.5,1.14705
8504,51,4,8,3.5,1.777928
8505,51,4,9,3.5,2.2657
8506,51,4,10,3.5,2.682906
8507,51,4,11,3.5,3.09516
8508,51,4,12,3.5,3.032022
8509,51,4,13,3.5,3.006024
8510,51,4,14,3.5,3.331618
8511,51,4,15,3.5,3.431896
8512,51,4,16,3.5,3.459132
8513,51,4,17,3.5,2.960218
8514,51,4,18,3.5,2.648242
8515,51,4,19,3.5,2.24094
8516,51,4,20,3.5,2.310268
8517,51,4,21,3.5,2.391976
8518,51,4,22,3.5,2.332552
8519,51,4,23,3.5,1.879444
8520,51,5,0,3.5,1.4295
8521,51,5,1,3.5,1.30875
8522,51,5,2,3.5,1.18485
8523,51,5,3,3.5,1.11555
8524,51,5,4,3.5,1.3875
8525,51,5,5,3.5,1.05045
8526,51,5,6,3.5,1.1502
8527,51,5,7,3.5,1.3371
8528,51,5,8,3.5,2.242178
8529,51,5,9,3.5,3.290764
8530,51,5,10,3.5,3.5
8531,51,5,11,3.5,3.5
8532,51,5,12,3.5,3.5
8533,51,5,13,3.5,3.493796
8534,51,5,14,3.5,3.5
8535,51,5,15,3.5,3.405898
8536,51,5,16,3.5,2.994882
8537,51,5,17,3.5,2.396928
8538,51,5,18,3.5,1.985912
8539,51,5,19,3.5,1.701172
8540,51,5,20,3.5,1.7086
8541,51,5,21,3.5,1.785356
8542,51,5,22,3.5,1.749454
8543,51,5,23,3.5,1.692506
8544,51,6,0,3.5,1.612036
8545,51,6,1,3.5,1.786594
8546,51,6,2,3.5,1.614512
8547,51,6,3,3.5,1.538994
8548,51,6,4,3.5,1.36335
8549,51,6,5,3.5,1.00005
8550,51,6,6,3.5,1.28775
8551,51,6,7,3.5,1.867064
8552,51,6,8,3.5,2.812896
8553,51,6,9,3.5,3.164488
8554,51,6,10,3.5,3.421992
8555,51,6,11,3.5,3.332856
8556,51,6,12,3.5,2.96517
8557,51,6,13,3.5,3.159536
8558,51,6,14,3.5,2.821562
8559,51,6,15,3.5,2.749758
8560,51,6,16,3.5,2.341218
8561,51,6,17,3.5,1.836114
8562,51,6,18,3.5,1.57861
8563,51,6,19,3.5,1.716028
8564,51,6,20,3.5,2.292936
8565,51,6,21,3.5,2.174088
8566,51,6,22,3.5,2.427878
8567,51,6,23,3.5,1.982198
8568,52,0,0,3.5,1.966104
8569,52,0,1,3.5,1.74574
8570,52,0,2,3.5,1.806402
8571,52,0,3,3.5,1.36755
8572,52,0,4,3.5,1.44315
8573,52,0,5,3.5,1.2048
8574,52,0,6,3.5,1.1187
8575,52,0,7,3.5,1.44315
8576,52,0,8,3.5,1.688792
8577,52,0,9,3.5,1.902966
8578,52,0,10,3.5,2.36474
8579,52,0,11,3.5,3.01469
8580,52,0,12,3.5,2.931744
8581,52,0,13,3.5,3.001072
8582,52,0,14,3.5,2.789374
8583,52,0,15,3.5,2.757186
8584,52,0,16,3.5,2.728712
8585,52,0,17,3.5,2.292936
8586,52,0,18,3.5,1.836114
8587,52,0,19,3.5,1.398
8588,52,0,20,3.5,1.546422
8589,52,0,21,3.5,1.834876
8590,52,0,22,3.5,1.765548
8591,52,0,23,3.5,1.872016
8592,52,1,0,3.5,1.61575
8593,52,1,1,3.5,1.4085
8594,52,1,2,3.5,1.12185
8595,52,1,3,3.5,0.902512
8596,52,1,4,3.5,0.578552
8597,52,1,5,3.5,0.514488
8598,52,1,6,3.5,0.749632
8599,52,1,7,3.5,0.778024
8600,52,1,8,3.5,1.1355
8601,52,1,9,3.5,1.574896
8602,52,1,10,3.5,2.08
8603,52,1,11,3.5,2.275604
8604,52,1,12,3.5,2.097332
8605,52,1,13,3.5,2.696524
8606,52,1,14,3.5,2.465018
8607,52,1,15,3.5,2.536822
8608,52,1,16,3.5,2.50092
8609,52,1,17,3.5,2.039146
8610,52,1,18,3.5,1.605846
8611,52,1,19,3.5,1.1334
8612,52,1,20,3.5,0.909064
8613,52,1,21,3.5,0.774384
8614,52,1,22,3.5,0.99165
8615,52,1,23,3.5,1.1334
8616,52,2,0,3.5,1.3119
8617,52,2,1,3.5,1.35915
8618,52,2,2,3.5,1.3392
8619,52,2,3,3.5,1.29405
8620,52,2,4,3.5,1.39485
8621,52,2,5,3.5,1.1145
8622,52,2,6,3.5,1.24995
8623,52,2,7,3.5,1.32135
8624,52,2,8,3.5,1.864588
8625,52,2,9,3.5,2.362264
8626,52,2,10,3.5,2.74852
8627,52,2,11,3.5,3.03945
8628,52,2,12,3.5,2.867368
8629,52,2,13,3.5,3.129824
8630,52,2,14,3.5,2.997358
8631,52,2,15,3.5,2.887176
8632,52,2,16,3.5,2.706428
8633,52,2,17,3.5,2.405594
8634,52,2,18,3.5,1.961152
8635,52,2,19,3.5,1.602132
8636,52,2,20,3.5,1.872016
8637,52,2,21,3.5,1.790308
8638,52,2,22,3.5,1.806402
8639,52,2,23,3.5,1.668984
8640,52,3,0,3.5,1.4253
8641,52,3,1,3.5,1.28775
8642,52,3,2,3.5,1.39065
8643,52,3,3,3.5,1.11135
8644,52,3,4,3.5,1.2846
8645,52,3,5,3.5,1.17435
8646,52,3,6,3.5,1.2048
8647,52,3,7,3.5,1.493188
8648,52,3,8,3.5,1.839828
8649,52,3,9,3.5,2.206276
8650,52,3,10,3.5,2.472446
8651,52,3,11,3.5,2.515776
8652,52,3,12,3.5,2.385786
8653,52,3,13,3.5,2.74852
8654,52,3,14,3.5,2.489778
8655,52,3,15,3.5,2.458828
8656,52,3,16,3.5,2.403118
8657,52,3,17,3.5,1.982198
8658,52,3,18,3.5,1.85097
8659,52,3,19,3.5,1.1565
8660,52,3,20,3.5,1.0431
8661,52,3,21,3.5,1.06305
8662,52,3,22,3.5,1.0704
8663,52,3,23,3.5,0.903968
8664,52,4,0,3.5,0.911976
8665,52,4,1,3.5,0.83772
8666,52,4,2,3.5,0.61932
8667,52,4,3,3.5,0.614952
8668,52,4,4,3.5,0.462072
8669,52,4,5,3.5,0.361488
8670,52,4,6,3.5,0.537784
8671,52,4,7,3.5,1.0242
8672,52,4,8,3.5,1.794022
8673,52,4,9,3.5,2.274366
8674,52,4,10,3.5,2.715094
8675,52,4,11,3.5,2.836418
8676,52,4,12,3.5,2.91565
8677,52,4,13,3.5,2.954028
8678,52,4,14,3.5,2.863654
8679,52,4,15,3.5,2.929268
8680,52,4,16,3.5,2.790612
8681,52,4,17,3.5,2.335028
8682,52,4,18,3.5,2.43902
8683,52,4,19,3.5,1.847256
8684,52,4,20,3.5,1.610798
8685,52,4,21,3.5,1.26045
8686,52,4,22,3.5,1.39905
8687,52,4,23,3.5,1.3014
8688,52,5,0,3.5,1.3287
8689,52,5,1,3.5,1.1985
8690,52,5,2,3.5,0.95595
8691,52,5,3,3.5,1.0158
8692,52,5,4,3.5,0.926536
8693,52,5,5,3.5,0.865384
8694,52,5,6,3.5,0.87776
8695,52,5,7,3.5,1.03995
8696,52,5,8,3.5,1.92525
8697,52,5,9,3.5,2.190182
8698,52,5,10,3.5,2.707666
8699,52,5,11,3.5,2.924316
8700,52,5,12,3.5,2.867368
8701,52,5,13,3.5,2.697762
8702,52,5,14,3.5,2.602436
8703,52,5,15,3.5,2.505872
8704,52,5,16,3.5,2.338742
8705,52,5,17,3.5,1.902966
8706,52,5,18,3.5,1.854684
8707,52,5,19,3.5,1.760596
8708,52,5,20,3.5,1.83859
8709,52,5,21,3.5,1.941344
8710,52,5,22,3.5,1.678888
8711,52,5,23,3.5,1.610798
8712,52,6,0,3.5,1.7705
8713,52,6,1,3.5,1.398
8714,52,6,2,3.5,1.2783
8715,52,6,3,3.5,1.04835
8716,52,6,4,3.5,1.44
8717,52,6,5,3.5,1.3077
8718,52,6,6,3.5,1.635558
8719,52,6,7,3.5,1.737074
8720,52,6,8,3.5,2.46378
8721,52,6,9,3.5,2.976312
8722,52,6,10,3.5,3.345236
8723,52,6,11,3.5,3.5
8724,52,6,12,3.5,3.493796
8725,52,6,13,3.5,3.5
8726,52,6,14,3.5,3.5
8727,52,6,15,3.5,3.488844
8728,52,6,16,3.5,3.310572
8729,52,6,17,3.5,2.67424
8730,52,6,18,3.5,2.208752
8731,52,6,19,3.5,1.45785
8732,52,6,20,3.5,1.209
8733,52,6,21,3.5,1.10085
8734,52,6,22,3.5,1.24995
8735,52,6,23,3.5,1.11135
