horizon_hour,week,weekday,hour,demand
0,1,0,0,14.7375
1,1,0,1,13.46625
2,1,0,2,12.5325
3,1,0,3,12.13875
4,1,0,4,11.5425
5,1,0,5,11.5425
6,1,0,6,11.025
7,1,0,7,10.6425
8,1,0,8,11.0475
9,1,0,9,12.195
10,1,0,10,13.9275
11,1,0,11,15.1425
12,1,0,12,16.5825
13,1,0,13,16.92
14,1,0,14,17.1
15,1,0,15,16.4025
16,1,0,16,16.02
17,1,0,17,15.8175
18,1,0,18,15.975
19,1,0,19,16.245
20,1,0,20,16.38
21,1,0,21,17.2575
22,1,0,22,18.70875
23,1,0,23,17.8875
24,1,1,0,15.8625
25,1,1,1,14.52375
26,1,1,2,12.94875
27,1,1,3,12.3525
28,1,1,4,11.8125
29,1,1,5,11.50875
30,1,1,6,12.02625
31,1,1,7,13.4775
32,1,1,8,16.155
33,1,1,9,18.1125
34,1,1,10,18.495
35,1,1,11,19.2825
36,1,1,12,19.485
37,1,1,13,19.8675
38,1,1,14,19.755
39,1,1,15,19.6875
40,1,1,16,19.35
41,1,1,17,19.035
42,1,1,18,18.57375
43,1,1,19,18.45
44,1,1,20,17.8875
45,1,1,21,18.54
46,1,1,22,19.60875
47,1,1,23,18.57375
48,1,2,0,16.245
49,1,2,1,14.715
50,1,2,2,13.59
51,1,2,3,12.915
52,1,2,4,12.6
53,1,2,5,12.6225
54,1,2,6,12.328875
55,1,2,7,13.1175
56,1,2,8,15.795
57,1,2,9,17.26875
58,1,2,10,18.2475
59,1,2,11,18.99
60,1,2,12,19.89
61,1,2,13,20.2275
62,1,2,14,20.16
63,1,2,15,19.6875
64,1,2,16,19.7325
65,1,2,17,19.485
66,1,2,18,19.1025
67,1,2,19,18.6975
68,1,2,20,18.4275
69,1,2,21,19.125
70,1,2,22,19.47375
71,1,2,23,18.16875
72,1,3,0,15.885
73,1,3,1,14.4225
74,1,3,2,13.14
75,1,3,3,12.29625
76,1,3,4,11.925
77,1,3,5,12.3525
78,1,3,6,12.24
79,1,3,7,13.5225
80,1,3,8,15.4125
81,1,3,9,16.92
82,1,3,10,18.36
83,1,3,11,18.585
84,1,3,12,18.9675
85,1,3,13,19.17
86,1,3,14,18.63
87,1,3,15,19.24875
88,1,3,16,18.8775
89,1,3,17,18.7425
90,1,3,18,18.55125
91,1,3,19,18.2025
92,1,3,20,17.7975
93,1,3,21,18.64125
94,1,3,22,19.42875
95,1,3,23,18.0675
96,1,4,0,16.07625
97,1,4,1,14.8725
98,1,4,2,12.97125
99,1,4,3,12.42
100,1,4,4,12.375
101,1,4,5,12.31875
102,1,4,6,12.36375
103,1,4,7,13.7475
104,1,4,8,15.5475
105,1,4,9,17.1225
106,1,4,10,18.27
107,1,4,11,18.9
108,1,4,12,19.395
109,1,4,13,19.125
110,1,4,14,19.035
111,1,4,15,18.95625
112,1,4,16,18.18
113,1,4,17,17.82
114,1,4,18,17.6175
115,1,4,19,17.415
116,1,4,20,17.595
117,1,4,21,17.7975
118,1,4,22,18.4725
119,1,4,23,17.505
120,1,5,0,16.18875
121,1,5,1,14.5575
122,1,5,2,12.915
123,1,5,3,12.6675
124,1,5,4,12.13875
125,1,5,5,11.89125
126,1,5,6,11.46375
127,1,5,7,11.9925
128,1,5,8,13.12875
129,1,5,9,14.67
130,1,5,10,15.795
131,1,5,11,16.56
132,1,5,12,17.055
133,1,5,13,17.5725
134,1,5,14,17.37
135,1,5,15,17.145
136,1,5,16,16.4025
137,1,5,17,16.155
138,1,5,18,16.14375
139,1,5,19,16.09875
140,1,5,20,16.25625
141,1,5,21,16.8075
142,1,5,22,17.3025
143,1,5,23,16.785
144,1,6,0,15.0975
145,1,6,1,13.46625
146,1,6,2,12.31875
147,1,6,3,11.64375
148,1,6,4,11.30625
149,1,6,5,11.05875
150,1,6,6,10.5975
151,1,6,7,10.5975
152,1,6,8,11.34
153,1,6,9,11.9025
154,1,6,10,13.57875
155,1,6,11,14.95125
156,1,6,12,15.435
157,1,6,13,16.2
158,1,6,14,16.38
159,1,6,15,16.2225
160,1,6,16,15.885
161,1,6,17,15.5025
162,1,6,18,15.4125
163,1,6,19,15.7725
164,1,6,20,16.4475
165,1,6,21,17.73
166,1,6,22,18.495
167,1,6,23,17.37
168,2,0,0,15.975
169,2,0,1,14.31
170,2,0,2,13.2075
171,2,0,3,12.6225
172,2,0,4,12.375
173,2,0,5,12.0825
174,2,0,6,12.56625
175,2,0,7,14.32125
176,2,0,8,16.02
177,2,0,9,17.7075
178,2,0,10,19.09125
179,2,0,11,19.2825
180,2,0,12,20.475
181,2,0,13,20.16
182,2,0,14,19.85625
183,2,0,15,19.7775
184,2,0,16,19.54125
185,2,0,17,18.75375
186,2,0,18,18.8325
187,2,0,19,18.495
188,2,0,20,18.765
189,2,0,21,19.4175
190,2,0,22,20.1375
191,2,0,23,18.1125
192,2,1,0,15.705
193,2,1,1,14.4
194,2,1,2,13.496625
195,2,1,3,12.49875
196,2,1,4,12.3075
197,2,1,5,12.5775
198,2,1,6,13.005
199,2,1,7,14.70375
200,2,1,8,16.77375
201,2,1,9,18.3375
202,2,1,10,19.06875
203,2,1,11,20.0025
204,2,1,12,20.68875
205,2,1,13,20.62125
206,2,1,14,19.9575
207,2,1,15,19.4175
208,2,1,16,19.08
209,2,1,17,18.7875
210,2,1,18,19.00125
211,2,1,19,18.495
212,2,1,20,18.59625
213,2,1,21,19.755
214,2,1,22,20.01375
215,2,1,23,18.19125
216,2,2,0,16.38
217,2,2,1,14.68125
218,2,2,2,13.5
219,2,2,3,13.03875
220,2,2,4,12.6675
221,2,2,5,12.34125
222,2,2,6,12.79125
223,2,2,7,14.74875
224,2,2,8,16.63875
225,2,2,9,18.23625
226,2,2,10,18.73125
227,2,2,11,19.17
228,2,2,12,19.935
229,2,2,13,19.44
230,2,2,14,19.2825
231,2,2,15,19.08
232,2,2,16,19.2375
233,2,2,17,18.765
234,2,2,18,18.54
235,2,2,19,17.65125
236,2,2,20,17.7975
237,2,2,21,18.405
238,2,2,22,19.27125
239,2,2,23,18.57375
240,2,3,0,15.66
241,2,3,1,14.04
242,2,3,2,12.88125
243,2,3,3,12.465
244,2,3,4,11.97
245,2,3,5,12.06
246,2,3,6,12.2625
247,2,3,7,14.22
248,2,3,8,16.05375
249,2,3,9,17.595
250,2,3,10,18.135
251,2,3,11,18.54
252,2,3,12,18.95625
253,2,3,13,18.86625
254,2,3,14,18.5175
255,2,3,15,18.2925
256,2,3,16,17.9775
257,2,3,17,17.7525
258,2,3,18,17.3925
259,2,3,19,17.26875
260,2,3,20,16.9425
261,2,3,21,17.69625
262,2,3,22,18.68625
263,2,3,23,17.33625
264,2,4,0,15.705
265,2,4,1,14.00625
266,2,4,2,12.5775
267,2,4,3,12.18375
268,2,4,4,11.93625
269,2,4,5,12.15
270,2,4,6,12.92625
271,2,4,7,14.49
272,2,4,8,16.02
273,2,4,9,17.6625
274,2,4,10,18.25875
275,2,4,11,18.88875
276,2,4,12,19.3725
277,2,4,13,19.54125
278,2,4,14,18.9225
279,2,4,15,18.2475
280,2,4,16,17.71875
281,2,4,17,17.37
282,2,4,18,17.19
283,2,4,19,16.5375
284,2,4,20,16.65
285,2,4,21,17.51625
286,2,4,22,18.28125
287,2,4,23,17.1225
288,2,5,0,15.37875
289,2,5,1,13.8375
290,2,5,2,12.70125
291,2,5,3,11.91375
292,2,5,4,11.7
293,2,5,5,11.655
294,2,5,6,11.41875
295,2,5,7,11.62125
296,2,5,8,12.92625
297,2,5,9,14.83875
298,2,5,10,16.0425
299,2,5,11,16.965
300,2,5,12,16.97625
301,2,5,13,17.2575
302,2,5,14,16.8975
303,2,5,15,16.6275
304,2,5,16,15.96375
305,2,5,17,15.615
306,2,5,18,15.975
307,2,5,19,16.065
308,2,5,20,15.975
309,2,5,21,16.9425
310,2,5,22,17.4375
311,2,5,23,16.155
312,2,6,0,14.7375
313,2,6,1,13.44375
314,2,6,2,11.61
315,2,6,3,11.025
316,2,6,4,10.665
317,2,6,5,10.5975
318,2,6,6,10.44
319,2,6,7,10.3725
320,2,6,8,11.52
321,2,6,9,12.33
322,2,6,10,13.815
323,2,6,11,14.7825
324,2,6,12,15.9075
325,2,6,13,16.63875
326,2,6,14,16.56
327,2,6,15,16.45875
328,2,6,16,15.4125
329,2,6,17,14.92875
330,2,6,18,15.17625
331,2,6,19,15.75
332,2,6,20,16.5375
333,2,6,21,17.685
334,2,6,22,17.7525
335,2,6,23,16.695
336,3,0,0,15.19875
337,3,0,1,13.6125
338,3,0,2,12.51
339,3,0,3,11.9475
340,3,0,4,11.55375
341,3,0,5,11.7225
342,3,0,6,12.02625
343,3,0,7,13.64625
344,3,0,8,14.95125
345,3,0,9,16.5825
346,3,0,10,17.505
347,3,0,11,18.8325
348,3,0,12,19.4625
349,3,0,13,19.40625
350,3,0,14,19.485
351,3,0,15,19.5075
352,3,0,16,19.1025
353,3,0,17,18.27
354,3,0,18,17.42625
355,3,0,19,17.3025
356,3,0,20,17.01
357,3,0,21,17.56125
358,3,0,22,19.035
359,3,0,23,17.7525
360,3,1,0,15.795
361,3,1,1,13.9275
362,3,1,2,12.9375
363,3,1,3,12.45375
364,3,1,4,12.15
365,3,1,5,12.195
366,3,1,6,12.47625
367,3,1,7,14.265
368,3,1,8,15.67125
369,3,1,9,17.35875
370,3,1,10,18.81
371,3,1,11,19.2375
372,3,1,12,19.83375
373,3,1,13,19.7325
374,3,1,14,19.38375
375,3,1,15,19.51875
376,3,1,16,19.0575
377,3,1,17,18.82125
378,3,1,18,18.585
379,3,1,19,18.14625
380,3,1,20,17.6175
381,3,1,21,18.4275
382,3,1,22,19.13625
383,3,1,23,18.01125
384,3,2,0,15.9525
385,3,2,1,14.3325
386,3,2,2,13.455
387,3,2,3,13.005
388,3,2,4,12.6
389,3,2,5,12.6
390,3,2,6,12.83625
391,3,2,7,14.085
392,3,2,8,15.8175
393,3,2,9,17.73
394,3,2,10,18.5175
395,3,2,11,19.1025
396,3,2,12,19.67625
397,3,2,13,19.755
398,3,2,14,19.6425
399,3,2,15,19.6875
400,3,2,16,18.9
401,3,2,17,18.1575
402,3,2,18,17.8425
403,3,2,19,18.01125
404,3,2,20,17.44875
405,3,2,21,18.03375
406,3,2,22,18.52875
407,3,2,23,17.0775
408,3,3,0,15.6375
409,3,3,1,14.0175
410,3,3,2,12.9825
411,3,3,3,12.6225
412,3,3,4,12.4425
413,3,3,5,12.1725
414,3,3,6,12.465
415,3,3,7,13.995
416,3,3,8,16.1325
417,3,3,9,17.415
418,3,3,10,18.045
419,3,3,11,19.08
420,3,3,12,19.4175
421,3,3,13,19.5075
422,3,3,14,19.305
423,3,3,15,18.9675
424,3,3,16,19.17
425,3,3,17,18.9
426,3,3,18,18.9225
427,3,3,19,19.08
428,3,3,20,18.3825
429,3,3,21,19.1025
430,3,3,22,19.5075
431,3,3,23,18.61875
432,3,4,0,16.245
433,3,4,1,14.1975
434,3,4,2,13.59
435,3,4,3,12.9825
436,3,4,4,12.67875
437,3,4,5,12.3525
438,3,4,6,12.6225
439,3,4,7,13.725
440,3,4,8,15.5925
441,3,4,9,16.92
442,3,4,10,17.9325
443,3,4,11,18.99
444,3,4,12,19.3275
445,3,4,13,19.44
446,3,4,14,18.6525
447,3,4,15,18.6525
448,3,4,16,18.39375
449,3,4,17,18.09
450,3,4,18,17.62875
451,3,4,19,17.325
452,3,4,20,16.84125
453,3,4,21,17.02125
454,3,4,22,17.83125
455,3,4,23,17.20125
456,3,5,0,15.37875
457,3,5,1,13.6125
458,3,5,2,12.3075
459,3,5,3,11.9475
460,3,5,4,11.35125
461,3,5,5,11.3175
462,3,5,6,11.295
463,3,5,7,11.1375
464,3,5,8,12.7125
465,3,5,9,14.4
466,3,5,10,16.02
467,3,5,11,17.0775
468,3,5,12,17.19
469,3,5,13,17.7525
470,3,5,14,17.11125
471,3,5,15,16.8525
472,3,5,16,16.32375
473,3,5,17,16.1775
474,3,5,18,16.4025
475,3,5,19,15.435
476,3,5,20,14.63625
477,3,5,21,16.2675
478,3,5,22,17.24625
479,3,5,23,15.64875
480,3,6,0,14.13
481,3,6,1,12.7575
482,3,6,2,11.655
483,3,6,3,11.115
484,3,6,4,10.9125
485,3,6,5,10.60875
486,3,6,6,10.17
487,3,6,7,9.99
488,3,6,8,11.26125
489,3,6,9,12.8025
490,3,6,10,14.27625
491,3,6,11,14.86125
492,3,6,12,15.66
493,3,6,13,16.2675
494,3,6,14,15.8625
495,3,6,15,15.22125
496,3,6,16,15.0075
497,3,6,17,14.85
498,3,6,18,14.94
499,3,6,19,15.255
500,3,6,20,15.39
501,3,6,21,16.3125
502,3,6,22,17.73
503,3,6,23,16.8975
504,4,0,0,15.4125
505,4,0,1,13.7925
506,4,0,2,12.2625
507,4,0,3,11.79
508,4,0,4,11.6775
509,4,0,5,11.5875
510,4,0,6,11.925
511,4,0,7,13.3425
512,4,0,8,15.0525
513,4,0,9,16.8975
514,4,0,10,18.0225
515,4,0,11,18.7875
516,4,0,12,19.4625
517,4,0,13,19.9575
518,4,0,14,19.935
519,4,0,15,20.0025
520,4,0,16,20.025
521,4,0,17,19.83375
522,4,0,18,19.485
523,4,0,19,18.99
524,4,0,20,18.73125
525,4,0,21,18.855
526,4,0,22,19.65375
527,4,0,23,18.28125
528,4,1,0,15.975
529,4,1,1,14.79375
530,4,1,2,13.33125
531,4,1,3,12.43125
532,4,1,4,12.07125
533,4,1,5,12.0375
534,4,1,6,12.6
535,4,1,7,14.2425
536,4,1,8,16.1325
537,4,1,9,17.955
538,4,1,10,18.675
539,4,1,11,19.8225
540,4,1,12,19.575
541,4,1,13,19.62
542,4,1,14,19.6425
543,4,1,15,19.845
544,4,1,16,19.4175
545,4,1,17,18.81
546,4,1,18,18.63
547,4,1,19,18.16875
548,4,1,20,17.955
549,4,1,21,19.27125
550,4,1,22,18.765
551,4,1,23,17.46
552,4,2,0,15.5025
553,4,2,1,13.59
554,4,2,2,12.4425
555,4,2,3,12.2175
556,4,2,4,11.91375
557,4,2,5,11.9475
558,4,2,6,12.85875
559,4,2,7,14.085
560,4,2,8,15.39
561,4,2,9,17.685
562,4,2,10,18.585
563,4,2,11,19.3275
564,4,2,12,19.9125
565,4,2,13,19.8675
566,4,2,14,19.63125
567,4,2,15,19.71
568,4,2,16,19.53
569,4,2,17,18.97875
570,4,2,18,18.52875
571,4,2,19,18.39375
572,4,2,20,18.70875
573,4,2,21,19.58625
574,4,2,22,18.855
575,4,2,23,17.26875
576,4,3,0,15.21
577,4,3,1,13.71375
578,4,3,2,12.8925
579,4,3,3,12.735
580,4,3,4,12.22875
581,4,3,5,12.49875
582,4,3,6,13.005
583,4,3,7,14.67
584,4,3,8,16.875
585,4,3,9,18.5175
586,4,3,10,19.305
587,4,3,11,19.845
588,4,3,12,20.385
589,4,3,13,20.115
590,4,3,14,19.51875
591,4,3,15,19.67625
592,4,3,16,19.31625
593,4,3,17,19.31625
594,4,3,18,18.72
595,4,3,19,18.495
596,4,3,20,18.207
597,4,3,21,18.8775
598,4,3,22,19.26
599,4,3,23,17.82
600,4,4,0,16.515
601,4,4,1,14.0175
602,4,4,2,13.275
603,4,4,3,12.54375
604,4,4,4,12.45375
605,4,4,5,12.375
606,4,4,6,13.01625
607,4,4,7,14.1525
608,4,4,8,16.27875
609,4,4,9,17.3025
610,4,4,10,18.54
611,4,4,11,19.04625
612,4,4,12,19.7325
613,4,4,13,19.6875
614,4,4,14,19.38375
615,4,4,15,19.29375
616,4,4,16,18.1575
617,4,4,17,18.3375
618,4,4,18,17.775
619,4,4,19,17.775
620,4,4,20,17.775
621,4,4,21,18.09
622,4,4,22,18.3375
623,4,4,23,16.47
624,4,5,0,14.6475
625,4,5,1,13.6125
626,4,5,2,12.06
627,4,5,3,11.34
628,4,5,4,11.4525
629,4,5,5,11.565
630,4,5,6,11.32875
631,4,5,7,11.88
632,4,5,8,13.03875
633,4,5,9,14.8275
634,4,5,10,15.75
635,4,5,11,16.335
636,4,5,12,17.01
637,4,5,13,17.37
638,4,5,14,17.235
639,4,5,15,17.0325
640,4,5,16,16.875
641,4,5,17,16.0875
642,4,5,18,15.5025
643,4,5,19,15.6375
644,4,5,20,15.8175
645,4,5,21,16.5825
646,4,5,22,16.515
647,4,5,23,15.4575
648,4,6,0,14.1075
649,4,6,1,12.645
650,4,6,2,11.6775
651,4,6,3,11.25
652,4,6,4,10.7775
653,4,6,5,10.62
654,4,6,6,10.60875
655,4,6,7,11.025
656,4,6,8,11.52
657,4,6,9,12.1275
658,4,6,10,13.59
659,4,6,11,14.715
660,4,6,12,15.53625
661,4,6,13,16.2225
662,4,6,14,16.45875
663,4,6,15,16.29
664,4,6,16,15.4575
665,4,6,17,15.435
666,4,6,18,15.48
667,4,6,19,15.5025
668,4,6,20,16.2
669,4,6,21,17.73
670,4,6,22,17.64
671,4,6,23,16.4475
672,5,0,0,14.1075
673,5,0,1,13.23
674,5,0,2,12.465
675,5,0,3,11.79
676,5,0,4,11.835
677,5,0,5,11.835
678,5,0,6,12.34125
679,5,0,7,14.22
680,5,0,8,15.17625
681,5,0,9,16.41375
682,5,0,10,17.4375
683,5,0,11,18.7425
684,5,0,12,19.22625
685,5,0,13,18.855
686,5,0,14,19.04625
687,5,0,15,18.9225
688,5,0,16,18.6525
689,5,0,17,18.19125
690,5,0,18,18.0
691,5,0,19,17.64
692,5,0,20,17.55
693,5,0,21,18.315
694,5,0,22,19.29375
695,5,0,23,17.9775
696,5,1,0,15.525
697,5,1,1,14.265
698,5,1,2,12.96
699,5,1,3,12.8025
700,5,1,4,11.9025
701,5,1,5,11.97
702,5,1,6,12.40875
703,5,1,7,13.9725
704,5,1,8,16.0425
705,5,1,9,17.42625
706,5,1,10,18.10125
707,5,1,11,18.95625
708,5,1,12,19.29375
709,5,1,13,19.20375
710,5,1,14,18.945
711,5,1,15,19.35
712,5,1,16,19.1025
713,5,1,17,18.43875
714,5,1,18,18.45
715,5,1,19,17.65125
716,5,1,20,18.6075
717,5,1,21,19.8
718,5,1,22,19.035
719,5,1,23,17.55
720,5,2,0,15.6375
721,5,2,1,13.8375
722,5,2,2,13.005
723,5,2,3,12.555
724,5,2,4,12.24
725,5,2,5,12.2625
726,5,2,6,13.48875
727,5,2,7,14.5575
728,5,2,8,15.5025
729,5,2,9,17.53875
730,5,2,10,18.9225
731,5,2,11,20.26125
732,5,2,12,20.205
733,5,2,13,20.64375
734,5,2,14,20.50875
735,5,2,15,20.66625
736,5,2,16,19.71
737,5,2,17,19.3275
738,5,2,18,18.4275
739,5,2,19,17.955
740,5,2,20,17.955
741,5,2,21,19.3725
742,5,2,22,19.035
743,5,2,23,17.64
744,5,3,0,15.12
745,5,3,1,13.59
746,5,3,2,13.005
747,5,3,3,12.6
748,5,3,4,12.7125
749,5,3,5,12.645
750,5,3,6,13.05
751,5,3,7,14.09625
752,5,3,8,16.57125
753,5,3,9,17.6175
754,5,3,10,18.10125
755,5,3,11,18.52875
756,5,3,12,18.99
757,5,3,13,19.3725
758,5,3,14,19.27125
759,5,3,15,19.1475
760,5,3,16,18.72
761,5,3,17,18.855
762,5,3,18,18.4275
763,5,3,19,18.09
764,5,3,20,18.54
765,5,3,21,18.9
766,5,3,22,18.945
767,5,3,23,17.55
768,5,4,0,15.9525
769,5,4,1,14.31
770,5,4,2,13.5675
771,5,4,3,13.005
772,5,4,4,12.6
773,5,4,5,12.105
774,5,4,6,13.05
775,5,4,7,14.085
776,5,4,8,15.98625
777,5,4,9,17.595
778,5,4,10,18.9675
779,5,4,11,20.1825
780,5,4,12,20.745
781,5,4,13,20.475
782,5,4,14,19.44
783,5,4,15,18.81
784,5,4,16,18.39375
785,5,4,17,18.315
786,5,4,18,18.405
787,5,4,19,16.75125
788,5,4,20,17.56125
789,5,4,21,18.7425
790,5,4,22,18.72
791,5,4,23,17.92125
792,5,5,0,15.7725
793,5,5,1,14.07375
794,5,5,2,13.4775
795,5,5,3,12.9375
796,5,5,4,12.69
797,5,5,5,12.375
798,5,5,6,11.7225
799,5,5,7,11.88
800,5,5,8,13.33125
801,5,5,9,14.985
802,5,5,10,16.65
803,5,5,11,17.67375
804,5,5,12,17.9325
805,5,5,13,18.0
806,5,5,14,17.89875
807,5,5,15,17.19
808,5,5,16,16.695
809,5,5,17,15.9975
810,5,5,18,16.1325
811,5,5,19,16.1325
812,5,5,20,16.54875
813,5,5,21,17.505
814,5,5,22,17.865
815,5,5,23,16.38
816,5,6,0,14.6475
817,5,6,1,13.5675
818,5,6,2,12.3075
819,5,6,3,11.50875
820,5,6,4,11.07
821,5,6,5,11.01375
822,5,6,6,11.0025
823,5,6,7,10.99125
824,5,6,8,11.9925
825,5,6,9,13.24125
826,5,6,10,13.8825
827,5,6,11,14.8725
828,5,6,12,15.9525
829,5,6,13,16.5825
830,5,6,14,16.5825
831,5,6,15,16.2675
832,5,6,16,15.795
833,5,6,17,15.9075
834,5,6,18,15.69375
835,5,6,19,15.39
836,5,6,20,15.71625
837,5,6,21,18.0
838,5,6,22,18.30375
839,5,6,23,16.77375
840,6,0,0,14.7375
841,6,0,1,13.095
842,6,0,2,11.925
843,6,0,3,11.2725
844,6,0,4,11.19375
845,6,0,5,11.2275
846,6,0,6,12.3975
847,6,0,7,13.455
848,6,0,8,15.66
849,6,0,9,17.3475
850,6,0,10,18.6975
851,6,0,11,19.305
852,6,0,12,19.7325
853,6,0,13,19.9125
854,6,0,14,19.35
855,6,0,15,19.1925
856,6,0,16,19.08
857,6,0,17,18.7875
858,6,0,18,18.1125
859,6,0,19,17.6625
860,6,0,20,17.83125
861,6,0,21,18.7425
862,6,0,22,18.81
863,6,0,23,17.0325
864,6,1,0,14.805
865,6,1,1,13.7025
866,6,1,2,13.0275
867,6,1,3,12.825
868,6,1,4,12.87
869,6,1,5,12.87
870,6,1,6,13.4325
871,6,1,7,14.18625
872,6,1,8,16.36875
873,6,1,9,17.91
874,6,1,10,18.52875
875,6,1,11,19.3725
876,6,1,12,19.53
877,6,1,13,19.845
878,6,1,14,19.71
879,6,1,15,19.60875
880,6,1,16,19.5075
881,6,1,17,19.1025
882,6,1,18,18.48375
883,6,1,19,18.18
884,6,1,20,19.53
885,6,1,21,20.44125
886,6,1,22,19.27125
887,6,1,23,17.235
888,6,2,0,15.4125
889,6,2,1,13.905
890,6,2,2,13.10625
891,6,2,3,12.38625
892,6,2,4,12.555
893,6,2,5,12.52125
894,6,2,6,13.41
895,6,2,7,14.49
896,6,2,8,16.875
897,6,2,9,18.39375
898,6,2,10,19.17
899,6,2,11,19.44
900,6,2,12,20.25
901,6,2,13,20.115
902,6,2,14,19.575
903,6,2,15,19.485
904,6,2,16,19.125
905,6,2,17,18.7875
906,6,2,18,18.36
907,6,2,19,17.7525
908,6,2,20,18.9
909,6,2,21,19.5525
910,6,2,22,18.855
911,6,2,23,17.325
912,6,3,0,15.2775
913,6,3,1,13.8825
914,6,3,2,13.28625
915,6,3,3,12.69
916,6,3,4,12.105
917,6,3,5,12.6
918,6,3,6,13.2525
919,6,3,7,14.3325
920,6,3,8,16.65
921,6,3,9,17.685
922,6,3,10,18.9225
923,6,3,11,19.17
924,6,3,12,19.305
925,6,3,13,19.0575
926,6,3,14,18.7425
927,6,3,15,18.7875
928,6,3,16,18.6075
929,6,3,17,18.27
930,6,3,18,18.0675
931,6,3,19,17.9325
932,6,3,20,17.9775
933,6,3,21,19.29375
934,6,3,22,18.63
935,6,3,23,17.2575
936,6,4,0,14.715
937,6,4,1,14.18625
938,6,4,2,13.71375
939,6,4,3,12.61125
940,6,4,4,12.3525
941,6,4,5,12.8925
942,6,4,6,13.59
943,6,4,7,14.4
944,6,4,8,16.785
945,6,4,9,17.9325
946,6,4,10,18.3825
947,6,4,11,18.9
948,6,4,12,19.04625
949,6,4,13,19.4625
950,6,4,14,18.9
951,6,4,15,18.9225
952,6,4,16,18.72
953,6,4,17,18.55125
954,6,4,18,18.315
955,6,4,19,17.6175
956,6,4,20,18.135
957,6,4,21,18.5175
958,6,4,22,17.7975
959,6,4,23,16.5825
960,6,5,0,15.01875
961,6,5,1,13.905
962,6,5,2,12.9825
963,6,5,3,12.195
964,6,5,4,11.565
965,6,5,5,11.95875
966,6,5,6,12.1275
967,6,5,7,12.24
968,6,5,8,13.3875
969,6,5,9,14.9175
970,6,5,10,15.8625
971,6,5,11,16.5825
972,6,5,12,17.2575
973,6,5,13,17.4825
974,6,5,14,17.055
975,6,5,15,17.1225
976,6,5,16,16.785
977,6,5,17,16.695
978,6,5,18,16.335
979,6,5,19,16.36875
980,6,5,20,16.5825
981,6,5,21,18.0225
982,6,5,22,17.3025
983,6,5,23,16.065
984,6,6,0,14.5125
985,6,6,1,13.455
986,6,6,2,12.69
987,6,6,3,11.25
988,6,6,4,11.0025
989,6,6,5,10.845
990,6,6,6,10.935
991,6,6,7,10.755
992,6,6,8,11.745
993,6,6,9,12.8475
994,6,6,10,14.58
995,6,6,11,15.255
996,6,6,12,15.93
997,6,6,13,16.11
998,6,6,14,16.2225
999,6,6,15,15.525
1000,6,6,16,15.84
1001,6,6,17,15.255
1002,6,6,18,15.42375
1003,6,6,19,15.94125
1004,6,6,20,16.6275
1005,6,6,21,18.43875
1006,6,6,22,18.2475
1007,6,6,23,16.43625
1008,7,0,0,14.67
1009,7,0,1,13.0725
1010,7,0,2,12.09375
1011,7,0,3,11.34
1012,7,0,4,11.1375
1013,7,0,5,11.9475
1014,7,0,6,12.735
1015,7,0,7,14.07375
1016,7,0,8,16.54875
1017,7,0,9,18.6075
1018,7,0,10,19.1925
1019,7,0,11,20.0475
1020,7,0,12,19.98
1021,7,0,13,19.89
1022,7,0,14,19.53
1023,7,0,15,19.305
1024,7,0,16,18.99
1025,7,0,17,18.95625
1026,7,0,18,19.20375
1027,7,0,19,19.305
1028,7,0,20,19.98
1029,7,0,21,20.97
1030,7,0,22,19.35
1031,7,0,23,17.65125
1032,7,1,0,15.57
1033,7,1,1,14.4
1034,7,1,2,13.05
1035,7,1,3,12.51
1036,7,1,4,12.33
1037,7,1,5,12.375
1038,7,1,6,13.5
1039,7,1,7,15.075
1040,7,1,8,17.2575
1041,7,1,9,19.305
1042,7,1,10,20.43
1043,7,1,11,21.1725
1044,7,1,12,21.38625
1045,7,1,13,21.2625
1046,7,1,14,20.5875
1047,7,1,15,20.3625
1048,7,1,16,20.03625
1049,7,1,17,19.9575
1050,7,1,18,19.60875
1051,7,1,19,18.675
1052,7,1,20,18.585
1053,7,1,21,19.53
1054,7,1,22,19.98
1055,7,1,23,17.58375
1056,7,2,0,15.5925
1057,7,2,1,14.1525
1058,7,2,2,13.1625
1059,7,2,3,12.7125
1060,7,2,4,12.42
1061,7,2,5,12.15
1062,7,2,6,13.64625
1063,7,2,7,15.06375
1064,7,2,8,17.235
1065,7,2,9,18.8055
1066,7,2,10,19.5975
1067,7,2,11,19.67625
1068,7,2,12,20.07
1069,7,2,13,19.9575
1070,7,2,14,19.755
1071,7,2,15,19.755
1072,7,2,16,19.4175
1073,7,2,17,19.0575
1074,7,2,18,18.765
1075,7,2,19,18.315
1076,7,2,20,18.2025
1077,7,2,21,20.385
1078,7,2,22,19.65375
1079,7,2,23,17.505
1080,7,3,0,15.6825
1081,7,3,1,14.31
1082,7,3,2,13.3875
1083,7,3,3,13.21875
1084,7,3,4,13.08375
1085,7,3,5,12.69
1086,7,3,6,14.14125
1087,7,3,7,15.71625
1088,7,3,8,17.3475
1089,7,3,9,18.4725
1090,7,3,10,19.7775
1091,7,3,11,20.0475
1092,7,3,12,20.205
1093,7,3,13,19.85625
1094,7,3,14,19.81125
1095,7,3,15,19.755
1096,7,3,16,19.44
1097,7,3,17,19.395
1098,7,3,18,19.035
1099,7,3,19,18.405
1100,7,3,20,18.2925
1101,7,3,21,19.6875
1102,7,3,22,19.2375
1103,7,3,23,17.3475
1104,7,4,0,15.21
1105,7,4,1,14.1975
1106,7,4,2,13.68
1107,7,4,3,13.1625
1108,7,4,4,12.915
1109,7,4,5,12.915
1110,7,4,6,13.5675
1111,7,4,7,14.88375
1112,7,4,8,17.04375
1113,7,4,9,18.27
1114,7,4,10,19.4625
1115,7,4,11,19.8
1116,7,4,12,20.2725
1117,7,4,13,19.65375
1118,7,4,14,19.4175
1119,7,4,15,18.9675
1120,7,4,16,18.451125
1121,7,4,17,17.5725
1122,7,4,18,18.2475
1123,7,4,19,17.64
1124,7,4,20,17.775
1125,7,4,21,18.6525
1126,7,4,22,18.405
1127,7,4,23,16.9425
1128,7,5,0,15.6375
1129,7,5,1,14.1075
1130,7,5,2,13.005
1131,7,5,3,12.42
1132,7,5,4,12.15
1133,7,5,5,12.195
1134,7,5,6,12.02625
1135,7,5,7,12.1275
1136,7,5,8,13.3425
1137,7,5,9,14.9625
1138,7,5,10,16.5375
1139,7,5,11,16.99875
1140,7,5,12,17.64
1141,7,5,13,17.83125
1142,7,5,14,17.415
1143,7,5,15,18.0
1144,7,5,16,17.55
1145,7,5,17,16.75125
1146,7,5,18,16.2225
1147,7,5,19,15.93
1148,7,5,20,16.4925
1149,7,5,21,18.1125
1150,7,5,22,17.6625
1151,7,5,23,16.38
1152,7,6,0,14.04
1153,7,6,1,12.7575
1154,7,6,2,12.015
1155,7,6,3,11.655
1156,7,6,4,11.475
1157,7,6,5,11.205
1158,7,6,6,10.99125
1159,7,6,7,10.92375
1160,7,6,8,11.655
1161,7,6,9,12.85875
1162,7,6,10,13.89375
1163,7,6,11,14.895
1164,7,6,12,15.795
1165,7,6,13,16.3575
1166,7,6,14,16.03125
1167,7,6,15,15.93
1168,7,6,16,15.66
1169,7,6,17,15.73875
1170,7,6,18,16.3575
1171,7,6,19,16.4475
1172,7,6,20,16.9875
1173,7,6,21,18.585
1174,7,6,22,18.1125
1175,7,6,23,16.515
1176,8,0,0,15.1425
1177,8,0,1,13.41
1178,8,0,2,12.78
1179,8,0,3,12.6225
1180,8,0,4,12.5775
1181,8,0,5,12.6225
1182,8,0,6,12.735
1183,8,0,7,14.355
1184,8,0,8,16.0425
1185,8,0,9,18.2025
1186,8,0,10,19.3275
1187,8,0,11,20.0925
1188,8,0,12,20.3175
1189,8,0,13,20.61
1190,8,0,14,20.16
1191,8,0,15,20.26125
1192,8,0,16,19.9575
1193,8,0,17,19.8225
1194,8,0,18,19.035
1195,8,0,19,18.855
1196,8,0,20,18.9675
1197,8,0,21,20.2275
1198,8,0,22,19.5525
1199,8,0,23,18.0675
1200,8,1,0,16.2675
1201,8,1,1,14.9175
1202,8,1,2,13.77
1203,8,1,3,13.3425
1204,8,1,4,13.185
1205,8,1,5,13.23
1206,8,1,6,14.1975
1207,8,1,7,15.17625
1208,8,1,8,17.29125
1209,8,1,9,18.75375
1210,8,1,10,19.94625
1211,8,1,11,20.385
1212,8,1,12,20.55375
1213,8,1,13,19.935
1214,8,1,14,19.575
1215,8,1,15,19.29375
1216,8,1,16,18.54
1217,8,1,17,18.4275
1218,8,1,18,18.2025
1219,8,1,19,18.225
1220,8,1,20,19.2825
1221,8,1,21,20.5875
1222,8,1,22,19.5975
1223,8,1,23,17.96625
1224,8,2,0,15.885
1225,8,2,1,14.2425
1226,8,2,2,13.4775
1227,8,2,3,13.17375
1228,8,2,4,12.0825
1229,8,2,5,12.8475
1230,8,2,6,13.455
1231,8,2,7,14.805
1232,8,2,8,16.4925
1233,8,2,9,18.18
1234,8,2,10,19.42875
1235,8,2,11,19.38375
1236,8,2,12,19.9125
1237,8,2,13,19.81125
1238,8,2,14,19.62
1239,8,2,15,19.575
1240,8,2,16,19.22625
1241,8,2,17,18.82125
1242,8,2,18,18.3375
1243,8,2,19,18.3825
1244,8,2,20,19.44
1245,8,2,21,19.845
1246,8,2,22,18.945
1247,8,2,23,17.23725
1248,8,3,0,15.45525
1249,8,3,1,14.2425
1250,8,3,2,12.96
1251,8,3,3,12.69
1252,8,3,4,12.69
1253,8,3,5,12.69
1254,8,3,6,13.1625
1255,8,3,7,15.03
1256,8,3,8,16.6725
1257,8,3,9,18.1575
1258,8,3,10,19.4625
1259,8,3,11,20.3175
1260,8,3,12,20.61
1261,8,3,13,20.4525
1262,8,3,14,20.1825
1263,8,3,15,19.755
1264,8,3,16,19.485
1265,8,3,17,19.1475
1266,8,3,18,19.215
1267,8,3,19,18.63
1268,8,3,20,20.0925
1269,8,3,21,20.925
1270,8,3,22,19.7775
1271,8,3,23,17.8875
1272,8,4,0,15.89625
1273,8,4,1,14.49
1274,8,4,2,13.41
1275,8,4,3,12.76875
1276,8,4,4,12.13875
1277,8,4,5,12.465
1278,8,4,6,13.635
1279,8,4,7,14.99625
1280,8,4,8,16.4925
1281,8,4,9,18.36
1282,8,4,10,19.40625
1283,8,4,11,19.755
1284,8,4,12,20.205
1285,8,4,13,20.25
1286,8,4,14,19.53
1287,8,4,15,19.305
1288,8,4,16,18.3825
1289,8,4,17,17.955
1290,8,4,18,17.7525
1291,8,4,19,18.28125
1292,8,4,20,19.1925
1293,8,4,21,20.16
1294,8,4,22,19.1025
1295,8,4,23,17.62875
1296,8,5,0,15.795
1297,8,5,1,14.38875
1298,8,5,2,13.3425
1299,8,5,3,12.6
1300,8,5,4,12.34125
1301,8,5,5,12.285
1302,8,5,6,12.5775
1303,8,5,7,12.7575
1304,8,5,8,13.95
1305,8,5,9,15.4125
1306,8,5,10,16.39125
1307,8,5,11,17.15625
1308,8,5,12,17.65125
1309,8,5,13,17.9325
1310,8,5,14,17.6175
1311,8,5,15,17.505
1312,8,5,16,16.8075
1313,8,5,17,17.3925
1314,8,5,18,16.56
1315,8,5,19,16.99875
1316,8,5,20,18.225
1317,8,5,21,18.99
1318,8,5,22,18.3825
1319,8,5,23,16.93125
1320,8,6,0,14.67
1321,8,6,1,13.42125
1322,8,6,2,12.40875
1323,8,6,3,11.385
1324,8,6,4,10.87875
1325,8,6,5,10.99125
1326,8,6,6,11.0475
1327,8,6,7,10.8225
1328,8,6,8,11.25
1329,8,6,9,12.3525
1330,8,6,10,14.4225
1331,8,6,11,15.345
1332,8,6,12,16.515
1333,8,6,13,17.1225
1334,8,6,14,17.145
1335,8,6,15,16.7175
1336,8,6,16,16.6275
1337,8,6,17,16.00875
1338,8,6,18,16.75125
1339,8,6,19,17.44875
1340,8,6,20,18.8775
1341,8,6,21,19.71
1342,8,6,22,18.66375
1343,8,6,23,16.8075
1344,9,0,0,14.94
1345,9,0,1,13.5
1346,9,0,2,12.51
1347,9,0,3,12.42
1348,9,0,4,12.31875
1349,9,0,5,12.09375
1350,9,0,6,13.15125
1351,9,0,7,15.255
1352,9,0,8,16.785
1353,9,0,9,18.6975
1354,9,0,10,19.13625
1355,9,0,11,19.76625
1356,9,0,12,19.63125
1357,9,0,13,20.0925
1358,9,0,14,19.71
1359,9,0,15,19.4175
1360,9,0,16,19.2375
1361,9,0,17,18.63
1362,9,0,18,18.2025
1363,9,0,19,18.5175
1364,9,0,20,19.5525
1365,9,0,21,20.5875
1366,9,0,22,19.67625
1367,9,0,23,17.56125
1368,9,1,0,15.2325
1369,9,1,1,14.3325
1370,9,1,2,12.96
1371,9,1,3,12.87
1372,9,1,4,12.7125
1373,9,1,5,12.7575
1374,9,1,6,14.14125
1375,9,1,7,15.51375
1376,9,1,8,17.69625
1377,9,1,9,19.02375
1378,9,1,10,20.3175
1379,9,1,11,19.89
1380,9,1,12,20.1375
1381,9,1,13,20.295
1382,9,1,14,20.3625
1383,9,1,15,20.19375
1384,9,1,16,20.205
1385,9,1,17,19.665
1386,9,1,18,19.11375
1387,9,1,19,19.71
1388,9,1,20,20.39625
1389,9,1,21,20.6325
1390,9,1,22,19.98
1391,9,1,23,17.65125
1392,9,2,0,15.9525
1393,9,2,1,13.8375
1394,9,2,2,13.06125
1395,9,2,3,12.465
1396,9,2,4,12.34125
1397,9,2,5,12.2625
1398,9,2,6,14.265
1399,9,2,7,16.7625
1400,9,2,8,18.36
1401,9,2,9,19.04625
1402,9,2,10,20.1825
1403,9,2,11,20.0475
1404,9,2,12,20.08125
1405,9,2,13,20.5875
1406,9,2,14,19.8
1407,9,2,15,19.845
1408,9,2,16,19.1475
1409,9,2,17,18.2925
1410,9,2,18,18.135
1411,9,2,19,18.73125
1412,9,2,20,19.26
1413,9,2,21,20.1825
1414,9,2,22,19.11375
1415,9,2,23,17.325
1416,9,3,0,15.46875
1417,9,3,1,13.95
1418,9,3,2,13.185
1419,9,3,3,12.4425
1420,9,3,4,12.00375
1421,9,3,5,12.3525
1422,9,3,6,14.4225
1423,9,3,7,16.5825
1424,9,3,8,17.67375
1425,9,3,9,19.71
1426,9,3,10,20.0025
1427,9,3,11,20.3175
1428,9,3,12,20.32875
1429,9,3,13,20.07
1430,9,3,14,19.89
1431,9,3,15,19.38375
1432,9,3,16,19.18125
1433,9,3,17,19.04625
1434,9,3,18,18.63
1435,9,3,19,18.7875
1436,9,3,20,20.28375
1437,9,3,21,20.4075
1438,9,3,22,19.22625
1439,9,3,23,17.1
1440,9,4,0,15.435
1441,9,4,1,13.95
1442,9,4,2,13.095
1443,9,4,3,12.34125
1444,9,4,4,12.02625
1445,9,4,5,12.45375
1446,9,4,6,14.4675
1447,9,4,7,16.92
1448,9,4,8,17.9325
1449,9,4,9,19.44
1450,9,4,10,19.935
1451,9,4,11,20.2275
1452,9,4,12,20.2725
1453,9,4,13,19.9575
1454,9,4,14,19.44
1455,9,4,15,18.88875
1456,9,4,16,18.405
1457,9,4,17,18.25875
1458,9,4,18,17.3925
1459,9,4,19,17.505
1460,9,4,20,18.91125
1461,9,4,21,19.6425
1462,9,4,22,18.91125
1463,9,4,23,17.13375
1464,9,5,0,15.0975
1465,9,5,1,13.68
1466,9,5,2,12.6675
1467,9,5,3,12.00375
1468,9,5,4,11.44125
1469,9,5,5,11.71125
1470,9,5,6,11.97
1471,9,5,7,12.3075
1472,9,5,8,13.3425
1473,9,5,9,15.66
1474,9,5,10,16.56
1475,9,5,11,17.415
1476,9,5,12,18.70875
1477,9,5,13,18.675
1478,9,5,14,18.5175
1479,9,5,15,18.135
1480,9,5,16,17.865
1481,9,5,17,17.3925
1482,9,5,18,17.0325
1483,9,5,19,17.8875
1484,9,5,20,19.755
1485,9,5,21,20.25
1486,9,5,22,18.36
1487,9,5,23,16.875
1488,9,6,0,15.24375
1489,9,6,1,13.5
1490,9,6,2,12.47625
1491,9,6,3,11.86875
1492,9,6,4,11.61
1493,9,6,5,11.48625
1494,9,6,6,11.4975
1495,9,6,7,11.385
1496,9,6,8,12.285
1497,9,6,9,14.4225
1498,9,6,10,16.2675
1499,9,6,11,17.145
1500,9,6,12,18.0675
1501,9,6,13,19.3275
1502,9,6,14,18.585
1503,9,6,15,19.035
1504,9,6,16,18.9
1505,9,6,17,18.8775
1506,9,6,18,18.18
1507,9,6,19,18.225
1508,9,6,20,20.0925
1509,9,6,21,20.2725
1510,9,6,22,19.215
1511,9,6,23,16.695
1512,10,0,0,14.94
1513,10,0,1,13.26375
1514,10,0,2,12.63375
1515,10,0,3,12.31875
1516,10,0,4,12.3075
1517,10,0,5,12.88125
1518,10,0,6,16.0875
1519,10,0,7,18.0225
1520,10,0,8,18.9675
1521,10,0,9,20.07
1522,10,0,10,20.32875
1523,10,0,11,20.61
1524,10,0,12,20.79
1525,10,0,13,20.23875
1526,10,0,14,20.3625
1527,10,0,15,20.05875
1528,10,0,16,20.07
1529,10,0,17,18.93375
1530,10,0,18,18.99
1531,10,0,19,19.4625
1532,10,0,20,21.18375
1533,10,0,21,21.34125
1534,10,0,22,19.83375
1535,10,0,23,16.7175
1536,10,1,0,14.4
1537,10,1,1,13.3425
1538,10,1,2,12.9375
1539,10,1,3,12.7125
1540,10,1,4,12.5325
1541,10,1,5,12.65625
1542,10,1,6,17.04375
1543,10,1,7,19.11375
1544,10,1,8,20.1375
1545,10,1,9,20.925
1546,10,1,10,21.24
1547,10,1,11,21.16125
1548,10,1,12,21.3525
1549,10,1,13,20.50875
1550,10,1,14,20.32875
1551,10,1,15,19.60875
1552,10,1,16,19.27125
1553,10,1,17,19.58625
1554,10,1,18,18.9675
1555,10,1,19,19.6425
1556,10,1,20,21.645
1557,10,1,21,21.8025
1558,10,1,22,20.2275
1559,10,1,23,17.60625
1560,10,2,0,15.1425
1561,10,2,1,13.8825
1562,10,2,2,13.59
1563,10,2,3,13.19625
1564,10,2,4,12.825
1565,10,2,5,13.0725
1566,10,2,6,16.8525
1567,10,2,7,19.78875
1568,10,2,8,20.1825
1569,10,2,9,21.105
1570,10,2,10,21.6225
1571,10,2,11,22.3425
1572,10,2,12,21.8025
1573,10,2,13,20.89125
1574,10,2,14,20.6775
1575,10,2,15,20.43
1576,10,2,16,20.28375
1577,10,2,17,20.115
1578,10,2,18,20.1375
1579,10,2,19,20.2725
1580,10,2,20,21.81375
1581,10,2,21,22.0275
1582,10,2,22,20.0475
1583,10,2,23,17.3475
1584,10,3,0,14.67
1585,10,3,1,13.84875
1586,10,3,2,13.01625
1587,10,3,3,12.56625
1588,10,3,4,12.56625
1589,10,3,5,12.735
1590,10,3,6,16.7625
1591,10,3,7,18.7425
1592,10,3,8,19.92375
1593,10,3,9,20.7675
1594,10,3,10,21.00375
1595,10,3,11,21.15
1596,10,3,12,21.3075
1597,10,3,13,21.1275
1598,10,3,14,20.7225
1599,10,3,15,20.6325
1600,10,3,16,20.4075
1601,10,3,17,20.1825
1602,10,3,18,19.8
1603,10,3,19,20.16
1604,10,3,20,22.095
1605,10,3,21,21.7575
1606,10,3,22,20.0475
1607,10,3,23,17.73
1608,10,4,0,15.435
1609,10,4,1,14.31
1610,10,4,2,13.66875
1611,10,4,3,13.185
1612,10,4,4,12.96
1613,10,4,5,13.185
1614,10,4,6,14.94
1615,10,4,7,18.6525
1616,10,4,8,19.755
1617,10,4,9,20.84625
1618,10,4,10,21.11625
1619,10,4,11,21.33
1620,10,4,12,21.36375
1621,10,4,13,21.195
1622,10,4,14,20.61
1623,10,4,15,20.4075
1624,10,4,16,19.94625
1625,10,4,17,19.665
1626,10,4,18,19.395
1627,10,4,19,19.3275
1628,10,4,20,20.79
1629,10,4,21,20.28375
1630,10,4,22,18.81
1631,10,4,23,17.28
1632,10,5,0,15.7275
1633,10,5,1,14.175
1634,10,5,2,13.2075
1635,10,5,3,12.56625
1636,10,5,4,12.24
1637,10,5,5,12.33
1638,10,5,6,12.61125
1639,10,5,7,12.87
1640,10,5,8,14.52375
1641,10,5,9,16.14375
1642,10,5,10,17.91
1643,10,5,11,19.60875
1644,10,5,12,19.81125
1645,10,5,13,19.47375
1646,10,5,14,19.3275
1647,10,5,15,18.5625
1648,10,5,16,18.09
1649,10,5,17,18.2475
1650,10,5,18,18.18
1651,10,5,19,19.04625
1652,10,5,20,20.7
1653,10,5,21,20.25
1654,10,5,22,18.2925
1655,10,5,23,16.515
1656,10,6,0,14.52375
1657,10,6,1,13.35375
1658,10,6,2,12.6675
1659,10,6,3,12.465
1660,10,6,4,12.0825
1661,10,6,5,11.43
1662,10,6,6,11.9025
1663,10,6,7,12.2175
1664,10,6,8,12.5325
1665,10,6,9,14.25375
1666,10,6,10,15.705
1667,10,6,11,17.325
1668,10,6,12,18.6525
1669,10,6,13,18.855
1670,10,6,14,18.9
1671,10,6,15,18.4725
1672,10,6,16,18.135
1673,10,6,17,18.3375
1674,10,6,18,18.225
1675,10,6,19,19.58625
1676,10,6,20,21.33
1677,10,6,21,21.0375
1678,10,6,22,19.2825
1679,10,6,23,16.92
1680,11,0,0,14.9625
1681,11,0,1,13.2525
1682,11,0,2,12.375
1683,11,0,3,12.1725
1684,11,0,4,12.465
1685,11,0,5,12.6
1686,11,0,6,17.5275
1687,11,0,7,19.44
1688,11,0,8,20.2275
1689,11,0,9,20.6325
1690,11,0,10,21.15
1691,11,0,11,21.285
1692,11,0,12,21.4425
1693,11,0,13,20.77875
1694,11,0,14,20.745
1695,11,0,15,20.2725
1696,11,0,16,20.025
1697,11,0,17,20.4525
1698,11,0,18,20.66625
1699,11,0,19,21.33
1700,11,0,20,22.365
1701,11,0,21,22.005
1702,11,0,22,20.115
1703,11,0,23,17.775
1704,11,1,0,15.615
1705,11,1,1,14.04
1706,11,1,2,13.23
1707,11,1,3,12.9825
1708,11,1,4,12.70125
1709,11,1,5,13.5
1710,11,1,6,17.78625
1711,11,1,7,20.745
1712,11,1,8,21.2175
1713,11,1,9,22.14
1714,11,1,10,22.4325
1715,11,1,11,22.0725
1716,11,1,12,21.78
1717,11,1,13,21.375
1718,11,1,14,20.835
1719,11,1,15,20.52
1720,11,1,16,20.1825
1721,11,1,17,20.3175
1722,11,1,18,20.0925
1723,11,1,19,20.7
1724,11,1,20,22.4325
1725,11,1,21,22.1175
1726,11,1,22,20.745
1727,11,1,23,18.045
1728,11,2,0,15.165
1729,11,2,1,13.68
1730,11,2,2,13.23
1731,11,2,3,12.96
1732,11,2,4,12.78
1733,11,2,5,13.6575
1734,11,2,6,17.91
1735,11,2,7,20.26125
1736,11,2,8,20.25
1737,11,2,9,20.82375
1738,11,2,10,21.51
1739,11,2,11,21.87
1740,11,2,12,22.1175
1741,11,2,13,21.8025
1742,11,2,14,21.375
1743,11,2,15,20.8575
1744,11,2,16,20.7225
1745,11,2,17,18.6975
1746,11,2,18,20.5875
1747,11,2,19,21.33
1748,11,2,20,22.41
1749,11,2,21,22.5675
1750,11,2,22,20.2275
1751,11,2,23,18.12375
1752,11,3,0,15.66
1753,11,3,1,14.34375
1754,11,3,2,13.51125
1755,11,3,3,13.095
1756,11,3,4,12.915
1757,11,3,5,13.19625
1758,11,3,6,17.4825
1759,11,3,7,18.9225
1760,11,3,8,20.475
1761,11,3,9,21.27375
1762,11,3,10,21.5325
1763,11,3,11,22.9725
1764,11,3,12,22.95
1765,11,3,13,22.8375
1766,11,3,14,22.1625
1767,11,3,15,21.69
1768,11,3,16,21.47625
1769,11,3,17,21.51
1770,11,3,18,21.06
1771,11,3,19,21.38625
1772,11,3,20,22.9275
1773,11,3,21,21.6675
1774,11,3,22,20.6325
1775,11,3,23,17.6175
1776,11,4,0,15.7275
1777,11,4,1,14.5125
1778,11,4,2,13.6575
1779,11,4,3,13.095
1780,11,4,4,12.90375
1781,11,4,5,13.35375
1782,11,4,6,16.68375
1783,11,4,7,18.9225
1784,11,4,8,20.475
1785,11,4,9,20.34
1786,11,4,10,21.5325
1787,11,4,11,21.16125
1788,11,4,12,20.93625
1789,11,4,13,20.3625
1790,11,4,14,20.0925
1791,11,4,15,19.7325
1792,11,4,16,19.305
1793,11,4,17,19.1025
1794,11,4,18,19.5525
1795,11,4,19,20.5425
1796,11,4,20,21.74625
1797,11,4,21,21.78
1798,11,4,22,20.23875
1799,11,4,23,17.6625
1800,11,5,0,15.5925
1801,11,5,1,14.32125
1802,11,5,2,13.12875
1803,11,5,3,12.54375
1804,11,5,4,12.2175
1805,11,5,5,12.51
1806,11,5,6,12.825
1807,11,5,7,13.15125
1808,11,5,8,14.58
1809,11,5,9,17.69625
1810,11,5,10,19.215
1811,11,5,11,20.55375
1812,11,5,12,20.53125
1813,11,5,13,19.935
1814,11,5,14,19.35
1815,11,5,15,18.945
1816,11,5,16,19.47375
1817,11,5,17,18.99
1818,11,5,18,18.6975
1819,11,5,19,20.07
1820,11,5,20,21.4875
1821,11,5,21,21.375
1822,11,5,22,19.89
1823,11,5,23,17.1675
1824,11,6,0,15.3
1825,11,6,1,13.9275
1826,11,6,2,12.9375
1827,11,6,3,12.3525
1828,11,6,4,12.375
1829,11,6,5,12.4875
1830,11,6,6,13.14
1831,11,6,7,13.68
1832,11,6,8,15.1425
1833,11,6,9,17.3475
1834,11,6,10,18.4725
1835,11,6,11,18.8325
1836,11,6,12,19.26
1837,11,6,13,19.71
1838,11,6,14,19.71
1839,11,6,15,18.3825
1840,11,6,16,17.82
1841,11,6,17,17.6625
1842,11,6,18,17.6175
1843,11,6,19,18.765
1844,11,6,20,21.06
1845,11,6,21,21.3975
1846,11,6,22,19.6425
1847,11,6,23,17.325
1848,12,0,0,15.28875
1849,12,0,1,13.9275
1850,12,0,2,13.095
1851,12,0,3,12.81375
1852,12,0,4,12.83625
1853,12,0,5,13.23
1854,12,0,6,15.6375
1855,12,0,7,19.9575
1856,12,0,8,20.84625
1857,12,0,9,21.94875
1858,12,0,10,22.1625
1859,12,0,11,21.7575
1860,12,0,12,17.64
1861,12,0,13,19.7325
1862,12,0,14,19.1925
1863,12,0,15,18.8325
1864,12,0,16,18.72
1865,12,0,17,18.495
1866,12,0,18,18.57375
1867,12,0,19,19.305
1868,12,0,20,22.095
1869,12,0,21,21.96
1870,12,0,22,20.16
1871,12,0,23,17.82
1872,12,1,0,15.17625
1873,12,1,1,14.09625
1874,12,1,2,13.7025
1875,12,1,3,13.1625
1876,12,1,4,13.005
1877,12,1,5,13.3875
1878,12,1,6,17.1675
1879,12,1,7,20.3175
1880,12,1,8,21.15
1881,12,1,9,21.915
1882,12,1,10,21.9375
1883,12,1,11,22.0275
1884,12,1,12,21.645
1885,12,1,13,21.51
1886,12,1,14,21.375
1887,12,1,15,20.34
1888,12,1,16,20.475
1889,12,1,17,19.8675
1890,12,1,18,19.665
1891,12,1,19,20.17125
1892,12,1,20,21.735
1893,12,1,21,21.915
1894,12,1,22,20.21625
1895,12,1,23,17.42625
1896,12,2,0,15.49125
1897,12,2,1,14.16375
1898,12,2,2,13.545
1899,12,2,3,13.26375
1900,12,2,4,13.05
1901,12,2,5,13.55625
1902,12,2,6,18.2025
1903,12,2,7,20.25
1904,12,2,8,21.06
1905,12,2,9,21.7575
1906,12,2,10,21.69
1907,12,2,11,21.2625
1908,12,2,12,21.3975
1909,12,2,13,21.195
1910,12,2,14,20.655
1911,12,2,15,20.2275
1912,12,2,16,19.6875
1913,12,2,17,19.74375
1914,12,2,18,19.83375
1915,12,2,19,20.9475
1916,12,2,20,23.04
1917,12,2,21,22.24125
1918,12,2,22,20.17125
1919,12,2,23,17.8875
1920,12,3,0,16.0875
1921,12,3,1,14.5125
1922,12,3,2,14.1075
1923,12,3,3,12.88125
1924,12,3,4,12.69
1925,12,3,5,13.73625
1926,12,3,6,17.9325
1927,12,3,7,19.575
1928,12,3,8,20.07
1929,12,3,9,21.3525
1930,12,3,10,20.16
1931,12,3,11,20.0925
1932,12,3,12,20.2725
1933,12,3,13,20.0475
1934,12,3,14,19.98
1935,12,3,15,19.44
1936,12,3,16,19.665
1937,12,3,17,19.755
1938,12,3,18,19.845
1939,12,3,19,20.9925
1940,12,3,20,22.4775
1941,12,3,21,21.7125
1942,12,3,22,20.2725
1943,12,3,23,17.6625
1944,12,4,0,15.93
1945,12,4,1,14.4225
1946,12,4,2,13.545
1947,12,4,3,12.85875
1948,12,4,4,12.78
1949,12,4,5,13.0725
1950,12,4,6,15.7725
1951,12,4,7,19.1925
1952,12,4,8,19.665
1953,12,4,9,20.52
1954,12,4,10,20.4525
1955,12,4,11,20.5875
1956,12,4,12,20.9025
1957,12,4,13,20.97
1958,12,4,14,20.3625
1959,12,4,15,20.0925
1960,12,4,16,19.845
1961,12,4,17,19.305
1962,12,4,18,19.4625
1963,12,4,19,20.925
1964,12,4,20,21.69
1965,12,4,21,21.24
1966,12,4,22,19.38375
1967,12,4,23,17.82
1968,12,5,0,16.07625
1969,12,5,1,14.625
1970,12,5,2,13.5
1971,12,5,3,13.1625
1972,12,5,4,12.72375
1973,12,5,5,12.81375
1974,12,5,6,12.42
1975,12,5,7,13.095
1976,12,5,8,15.1875
1977,12,5,9,17.055
1978,12,5,10,18.2475
1979,12,5,11,18.8775
1980,12,5,12,19.0575
1981,12,5,13,19.08
1982,12,5,14,18.495
1983,12,5,15,18.3825
1984,12,5,16,17.4825
1985,12,5,17,17.505
1986,12,5,18,18.07875
1987,12,5,19,20.16
1988,12,5,20,21.0825
1989,12,5,21,20.4525
1990,12,5,22,19.27125
1991,12,5,23,17.7075
1992,12,6,0,15.3
1993,12,6,1,13.53375
1994,12,6,2,12.6675
1995,12,6,3,12.29625
1996,12,6,4,12.33
1997,12,6,5,12.8925
1998,12,6,6,14.1075
1999,12,6,7,14.8275
2000,12,6,8,16.56
2001,12,6,9,18.1125
2002,12,6,10,19.44
2003,12,6,11,18.99
2004,12,6,12,21.195
2005,12,6,13,20.925
2006,12,6,14,20.3625
2007,12,6,15,19.9125
2008,12,6,16,19.6875
2009,12,6,17,19.8675
2010,12,6,18,20.25
2011,12,6,19,21.195
2012,12,6,20,21.1725
2013,12,6,21,20.4525
2014,12,6,22,18.57375
2015,12,6,23,16.47
2016,13,0,0,14.985
2017,13,0,1,13.7025
2018,13,0,2,12.4425
2019,13,0,3,12.285
2020,13,0,4,12.105
2021,13,0,5,11.6775
2022,13,0,6,14.58
2023,13,0,7,17.7975
2024,13,0,8,19.0575
2025,13,0,9,19.575
2026,13,0,10,20.0025
2027,13,0,11,20.07
2028,13,0,12,20.925
2029,13,0,13,21.15
2030,13,0,14,20.17125
2031,13,0,15,19.9575
2032,13,0,16,19.9125
2033,13,0,17,19.54125
2034,13,0,18,20.0925
2035,13,0,19,21.195
2036,13,0,20,22.32
2037,13,0,21,21.735
2038,13,0,22,19.8225
2039,13,0,23,17.28
2040,13,1,0,15.1875
2041,13,1,1,13.9725
2042,13,1,2,12.6675
2043,13,1,3,12.5325
2044,13,1,4,12.51
2045,13,1,5,13.5225
2046,13,1,6,17.01
2047,13,1,7,19.81125
2048,13,1,8,20.77875
2049,13,1,9,22.05
2050,13,1,10,22.9725
2051,13,1,11,23.3325
2052,13,1,12,23.5125
2053,13,1,13,22.635
2054,13,1,14,22.2525
2055,13,1,15,21.87
2056,13,1,16,20.97
2057,13,1,17,21.6
2058,13,1,18,20.9925
2059,13,1,19,22.9275
2060,13,1,20,24.1425
2061,13,1,21,23.3775
2062,13,1,22,20.64375
2063,13,1,23,17.3475
2064,13,2,0,15.3
2065,13,2,1,14.13
2066,13,2,2,13.68
2067,13,2,3,13.23
2068,13,2,4,12.3975
2069,13,2,5,13.005
2070,13,2,6,17.83125
2071,13,2,7,20.3625
2072,13,2,8,21.42
2073,13,2,9,22.7925
2074,13,2,10,21.9375
2075,13,2,11,22.5
2076,13,2,12,22.2525
2077,13,2,13,21.69
2078,13,2,14,21.3075
2079,13,2,15,20.44125
2080,13,2,16,20.52
2081,13,2,17,20.925
2082,13,2,18,21.06
2083,13,2,19,23.6475
2084,13,2,20,23.94
2085,13,2,21,22.5675
2086,13,2,22,20.6325
2087,13,2,23,17.7525
2088,13,3,0,15.93
2089,13,3,1,14.2425
2090,13,3,2,13.6575
2091,13,3,3,13.365
2092,13,3,4,13.5
2093,13,3,5,13.68
2094,13,3,6,16.72875
2095,13,3,7,21.465
2096,13,3,8,22.545
2097,13,3,9,23.31
2098,13,3,10,23.355
2099,13,3,11,22.95
2100,13,3,12,23.265
2101,13,3,13,22.4325
2102,13,3,14,22.005
2103,13,3,15,21.555
2104,13,3,16,21.105
2105,13,3,17,18.3375
2106,13,3,18,18.34875
2107,13,3,19,20.1825
2108,13,3,20,22.1625
2109,13,3,21,22.14
2110,13,3,22,20.6775
2111,13,3,23,18.0225
2112,13,4,0,15.8625
2113,13,4,1,14.2875
2114,13,4,2,13.4775
2115,13,4,3,12.8925
2116,13,4,4,12.87
2117,13,4,5,12.9375
2118,13,4,6,16.5375
2119,13,4,7,20.34
2120,13,4,8,21.87
2121,13,4,9,22.9275
2122,13,4,10,23.175
2123,13,4,11,22.4775
2124,13,4,12,23.1075
2125,13,4,13,22.06125
2126,13,4,14,21.51
2127,13,4,15,20.9025
2128,13,4,16,20.34
2129,13,4,17,20.25
2130,13,4,18,20.7225
2131,13,4,19,21.8925
2132,13,4,20,22.4325
2133,13,4,21,21.8025
2134,13,4,22,20.745
2135,13,4,23,18.405
2136,13,5,0,16.5375
2137,13,5,1,14.9625
2138,13,5,2,14.265
2139,13,5,3,13.53375
2140,13,5,4,13.23
2141,13,5,5,12.915
2142,13,5,6,13.005
2143,13,5,7,13.2525
2144,13,5,8,14.7375
2145,13,5,9,17.73
2146,13,5,10,19.08
2147,13,5,11,20.26125
2148,13,5,12,20.835
2149,13,5,13,20.41875
2150,13,5,14,20.025
2151,13,5,15,19.08
2152,13,5,16,18.2475
2153,13,5,17,17.91
2154,13,5,18,18.63
2155,13,5,19,21.3075
2156,13,5,20,22.8825
2157,13,5,21,22.32
2158,13,5,22,20.3625
2159,13,5,23,17.685
2160,13,6,0,15.8175
2161,13,6,1,13.9275
2162,13,6,2,13.2525
2163,13,6,3,13.095
2164,13,6,4,13.005
2165,13,6,5,12.7575
2166,13,6,6,13.05
2167,13,6,7,14.4675
2168,13,6,8,16.1325
2169,13,6,9,19.26
2170,13,6,10,20.2725
2171,13,6,11,20.5875
2172,13,6,12,20.34
2173,13,6,13,19.8675
2174,13,6,14,18.81
2175,13,6,15,18.45
2176,13,6,16,18.27
2177,13,6,17,17.865
2178,13,6,18,19.26
2179,13,6,19,21.465
2180,13,6,20,21.5325
2181,13,6,21,20.835
2182,13,6,22,19.3275
2183,13,6,23,17.3925
2184,14,0,0,15.2775
2185,14,0,1,13.7475
2186,14,0,2,12.825
2187,14,0,3,12.375
2188,14,0,4,12.69
2189,14,0,5,12.825
2190,14,0,6,15.66
2191,14,0,7,19.2375
2192,14,0,8,20.07
2193,14,0,9,21.3075
2194,14,0,10,21.4875
2195,14,0,11,21.78
2196,14,0,12,21.7575
2197,14,0,13,21.69
2198,14,0,14,20.93625
2199,14,0,15,19.485
2200,14,0,16,19.99125
2201,14,0,17,20.25
2202,14,0,18,21.7125
2203,14,0,19,22.905
2204,14,0,20,22.66875
2205,14,0,21,21.96
2206,14,0,22,19.81125
2207,14,0,23,16.92
2208,14,1,0,14.7825
2209,14,1,1,13.8375
2210,14,1,2,13.0725
2211,14,1,3,13.05
2212,14,1,4,12.87
2213,14,1,5,13.6575
2214,14,1,6,17.4825
2215,14,1,7,19.9575
2216,14,1,8,21.375
2217,14,1,9,21.87
2218,14,1,10,22.2975
2219,14,1,11,22.545
2220,14,1,12,21.9825
2221,14,1,13,21.2625
2222,14,1,14,21.4875
2223,14,1,15,21.5775
2224,14,1,16,21.2625
2225,14,1,17,20.7225
2226,14,1,18,21.43125
2227,14,1,19,23.1075
2228,14,1,20,24.0975
2229,14,1,21,23.085
2230,14,1,22,20.93625
2231,14,1,23,18.34875
2232,14,2,0,16.065
2233,14,2,1,14.50125
2234,14,2,2,13.59
2235,14,2,3,13.32
2236,14,2,4,13.59
2237,14,2,5,13.86
2238,14,2,6,18.12375
2239,14,2,7,20.7225
2240,14,2,8,21.645
2241,14,2,9,21.96
2242,14,2,10,22.14
2243,14,2,11,22.01625
2244,14,2,12,21.195
2245,14,2,13,20.73375
2246,14,2,14,20.475
2247,14,2,15,20.21625
2248,14,2,16,20.01375
2249,14,2,17,20.0925
2250,14,2,18,20.9475
2251,14,2,19,22.7925
2252,14,2,20,23.49
2253,14,2,21,22.78125
2254,14,2,22,21.3525
2255,14,2,23,17.955
2256,14,3,0,15.84
2257,14,3,1,14.8725
2258,14,3,2,13.68
2259,14,3,3,13.23
2260,14,3,4,13.12875
2261,14,3,5,13.73625
2262,14,3,6,17.74125
2263,14,3,7,21.15
2264,14,3,8,22.0275
2265,14,3,9,22.7475
2266,14,3,10,23.00625
2267,14,3,11,23.1075
2268,14,3,12,22.2525
2269,14,3,13,21.47625
2270,14,3,14,21.3975
2271,14,3,15,21.02625
2272,14,3,16,20.565
2273,14,3,17,20.07
2274,14,3,18,21.13875
2275,14,3,19,22.26375
2276,14,3,20,22.32
2277,14,3,21,21.74625
2278,14,3,22,20.52
2279,14,3,23,18.315
2280,14,4,0,16.0875
2281,14,4,1,14.625
2282,14,4,2,13.77
2283,14,4,3,13.23
2284,14,4,4,12.9825
2285,14,4,5,12.67875
2286,14,4,6,13.19625
2287,14,4,7,14.0625
2288,14,4,8,15.5025
2289,14,4,9,17.71875
2290,14,4,10,18.68625
2291,14,4,11,19.5525
2292,14,4,12,20.9025
2293,14,4,13,20.73375
2294,14,4,14,20.19375
2295,14,4,15,19.42875
2296,14,4,16,18.675
2297,14,4,17,18.1575
2298,14,4,18,19.00125
2299,14,4,19,20.8125
2300,14,4,20,21.52125
2301,14,4,21,20.8575
2302,14,4,22,19.83375
2303,14,4,23,17.6625
2304,14,5,0,15.255
2305,14,5,1,13.7025
2306,14,5,2,12.87
2307,14,5,3,12.45375
2308,14,5,4,12.29625
2309,14,5,5,12.20625
2310,14,5,6,12.06
2311,14,5,7,12.6675
2312,14,5,8,15.91875
2313,14,5,9,17.8875
2314,14,5,10,18.18
2315,14,5,11,18.5625
2316,14,5,12,19.2825
2317,14,5,13,19.44
2318,14,5,14,19.0125
2319,14,5,15,18.63
2320,14,5,16,18.75375
2321,14,5,17,19.00125
2322,14,5,18,20.93625
2323,14,5,19,22.815
2324,14,5,20,22.62375
2325,14,5,21,21.54375
2326,14,5,22,19.00125
2327,14,5,23,16.515
2328,14,6,0,15.3225
2329,14,6,1,14.085
2330,14,6,2,13.005
2331,14,6,3,12.9375
2332,14,6,4,12.90375
2333,14,6,5,13.05
2334,14,6,6,13.185
2335,14,6,7,14.0625
2336,14,6,8,16.2
2337,14,6,9,17.775
2338,14,6,10,19.2825
2339,14,6,11,19.53
2340,14,6,12,21.105
2341,14,6,13,21.7575
2342,14,6,14,20.3625
2343,14,6,15,19.8
2344,14,6,16,19.20375
2345,14,6,17,18.9
2346,14,6,18,19.98
2347,14,6,19,21.87
2348,14,6,20,21.9825
2349,14,6,21,21.285
2350,14,6,22,19.26
2351,14,6,23,16.8525
2352,15,0,0,15.3
2353,15,0,1,13.8825
2354,15,0,2,12.94875
2355,15,0,3,12.51
2356,15,0,4,12.58875
2357,15,0,5,12.9825
2358,15,0,6,16.3125
2359,15,0,7,20.205
2360,15,0,8,21.56625
2361,15,0,9,22.5675
2362,15,0,10,22.8825
2363,15,0,11,22.6125
2364,15,0,12,22.42125
2365,15,0,13,21.9375
2366,15,0,14,21.49875
2367,15,0,15,20.91375
2368,15,0,16,20.91375
2369,15,0,17,20.7
2370,15,0,18,22.7925
2371,15,0,19,24.075
2372,15,0,20,23.7375
2373,15,0,21,23.2425
2374,15,0,22,20.5875
2375,15,0,23,17.92125
2376,15,1,0,16.00875
2377,15,1,1,14.47875
2378,15,1,2,13.905
2379,15,1,3,13.62375
2380,15,1,4,13.62375
2381,15,1,5,13.64625
2382,15,1,6,17.8875
2383,15,1,7,21.92625
2384,15,1,8,23.05125
2385,15,1,9,23.3325
2386,15,1,10,22.93875
2387,15,1,11,22.4775
2388,15,1,12,23.22
2389,15,1,13,21.90375
2390,15,1,14,20.97
2391,15,1,15,20.6325
2392,15,1,16,20.0475
2393,15,1,17,20.655
2394,15,1,18,22.7025
2395,15,1,19,24.165
2396,15,1,20,24.2325
2397,15,1,21,23.0625
2398,15,1,22,21.34125
2399,15,1,23,18.765
2400,15,2,0,16.14375
2401,15,2,1,14.59125
2402,15,2,2,14.00625
2403,15,2,3,13.905
2404,15,2,4,13.725
2405,15,2,5,13.995
2406,15,2,6,18.1575
2407,15,2,7,20.88
2408,15,2,8,22.0725
2409,15,2,9,22.7025
2410,15,2,10,22.5675
2411,15,2,11,22.32
2412,15,2,12,21.9375
2413,15,2,13,21.3075
2414,15,2,14,20.475
2415,15,2,15,20.2725
2416,15,2,16,19.8675
2417,15,2,17,20.4075
2418,15,2,18,22.2075
2419,15,2,19,23.7825
2420,15,2,20,23.49
2421,15,2,21,23.085
2422,15,2,22,20.43
2423,15,2,23,18.25875
2424,15,3,0,15.885
2425,15,3,1,14.8725
2426,15,3,2,14.445
2427,15,3,3,14.22
2428,15,3,4,14.2425
2429,15,3,5,14.49
2430,15,3,6,18.6975
2431,15,3,7,21.6225
2432,15,3,8,22.4325
2433,15,3,9,23.0175
2434,15,3,10,23.1525
2435,15,3,11,22.55625
2436,15,3,12,21.9825
2437,15,3,13,21.4425
2438,15,3,14,21.105
2439,15,3,15,20.835
2440,15,3,16,20.205
2441,15,3,17,20.115
2442,15,3,18,22.2525
2443,15,3,19,23.76
2444,15,3,20,23.76
2445,15,3,21,23.085
2446,15,3,22,20.30625
2447,15,3,23,17.98875
2448,15,4,0,15.67125
2449,15,4,1,14.27625
2450,15,4,2,13.4325
2451,15,4,3,13.23
2452,15,4,4,13.1175
2453,15,4,5,13.33125
2454,15,4,6,17.29125
2455,15,4,7,21.1725
2456,15,4,8,22.3875
2457,15,4,9,23.13
2458,15,4,10,22.9725
2459,15,4,11,22.6575
2460,15,4,12,22.14
2461,15,4,13,21.285
2462,15,4,14,20.01375
2463,15,4,15,20.115
2464,15,4,16,18.8325
2465,15,4,17,18.9675
2466,15,4,18,21.285
2467,15,4,19,23.085
2468,15,4,20,22.7475
2469,15,4,21,22.185
2470,15,4,22,20.3175
2471,15,4,23,18.12375
2472,15,5,0,16.155
2473,15,5,1,14.20875
2474,15,5,2,13.19625
2475,15,5,3,12.825
2476,15,5,4,12.42
2477,15,5,5,12.31875
2478,15,5,6,12.6
2479,15,5,7,13.19625
2480,15,5,8,15.08625
2481,15,5,9,17.24625
2482,15,5,10,18.37125
2483,15,5,11,18.7425
2484,15,5,12,19.00125
2485,15,5,13,18.9
2486,15,5,14,18.34875
2487,15,5,15,17.55
2488,15,5,16,17.5725
2489,15,5,17,18.0
2490,15,5,18,20.3625
2491,15,5,19,21.2625
2492,15,5,20,21.15
2493,15,5,21,20.565
2494,15,5,22,19.395
2495,15,5,23,17.325
2496,15,6,0,15.75
2497,15,6,1,14.6925
2498,15,6,2,13.35375
2499,15,6,3,12.915
2500,15,6,4,12.34125
2501,15,6,5,11.84625
2502,15,6,6,12.2175
2503,15,6,7,12.5775
2504,15,6,8,14.175
2505,15,6,9,16.2675
2506,15,6,10,17.91
2507,15,6,11,19.6875
2508,15,6,12,19.935
2509,15,6,13,19.71
2510,15,6,14,19.7325
2511,15,6,15,19.125
2512,15,6,16,18.9
2513,15,6,17,18.8775
2514,15,6,18,21.42
2515,15,6,19,22.95
2516,15,6,20,21.7125
2517,15,6,21,21.06
2518,15,6,22,19.305
2519,15,6,23,17.53875
2520,16,0,0,15.69375
2521,16,0,1,13.98375
2522,16,0,2,13.23
2523,16,0,3,12.51
2524,16,0,4,12.7125
2525,16,0,5,13.35375
2526,16,0,6,17.19
2527,16,0,7,19.6875
2528,16,0,8,19.99125
2529,16,0,9,20.80125
2530,16,0,10,21.13875
2531,16,0,11,20.91375
2532,16,0,12,21.105
2533,16,0,13,21.195
2534,16,0,14,20.7675
2535,16,0,15,20.565
2536,16,0,16,20.6775
2537,16,0,17,21.015
2538,16,0,18,23.76
2539,16,0,19,23.9625
2540,16,0,20,23.67
2541,16,0,21,22.8825
2542,16,0,22,20.115
2543,16,0,23,17.40375
2544,16,1,0,15.08625
2545,16,1,1,13.4775
2546,16,1,2,13.14
2547,16,1,3,12.87
2548,16,1,4,12.7575
2549,16,1,5,13.30875
2550,16,1,6,17.595
2551,16,1,7,20.2725
2552,16,1,8,21.0825
2553,16,1,9,22.2075
2554,16,1,10,22.8825
2555,16,1,11,22.5
2556,16,1,12,22.5675
2557,16,1,13,22.1625
2558,16,1,14,21.6225
2559,16,1,15,21.465
2560,16,1,16,21.3975
2561,16,1,17,20.97
2562,16,1,18,23.31
2563,16,1,19,23.76
2564,16,1,20,23.13
2565,16,1,21,22.14
2566,16,1,22,20.53125
2567,16,1,23,17.7975
2568,16,2,0,16.155
2569,16,2,1,14.265
2570,16,2,2,13.9725
2571,16,2,3,13.815
2572,16,2,4,13.8825
2573,16,2,5,13.9725
2574,16,2,6,18.28125
2575,16,2,7,20.53125
2576,16,2,8,21.8475
2577,16,2,9,22.08375
2578,16,2,10,22.51125
2579,16,2,11,22.6125
2580,16,2,12,22.1175
2581,16,2,13,21.0825
2582,16,2,14,20.2725
2583,16,2,15,19.92375
2584,16,2,16,20.5875
2585,16,2,17,22.9275
2586,16,2,18,24.345
2587,16,2,19,25.38
2588,16,2,20,24.9525
2589,16,2,21,23.895
2590,16,2,22,21.0375
2591,16,2,23,17.96625
2592,16,3,0,15.6825
2593,16,3,1,14.49
2594,16,3,2,13.68
2595,16,3,3,13.1625
2596,16,3,4,12.852
2597,16,3,5,13.41
2598,16,3,6,18.3375
2599,16,3,7,20.9925
2600,16,3,8,22.0725
2601,16,3,9,23.175
2602,16,3,10,23.5125
2603,16,3,11,23.0175
2604,16,3,12,22.9275
2605,16,3,13,22.815
2606,16,3,14,22.3425
2607,16,3,15,22.0725
2608,16,3,16,21.8025
2609,16,3,17,21.51
2610,16,3,18,22.365
2611,16,3,19,23.0175
2612,16,3,20,23.7375
2613,16,3,21,22.3875
2614,16,3,22,20.4075
2615,16,3,23,18.36
2616,16,4,0,16.245
2617,16,4,1,14.625
2618,16,4,2,13.68
2619,16,4,3,13.3875
2620,16,4,4,13.14
2621,16,4,5,13.35375
2622,16,4,6,15.8625
2623,16,4,7,19.3725
2624,16,4,8,20.2725
2625,16,4,9,21.04875
2626,16,4,10,20.6325
2627,16,4,11,20.9025
2628,16,4,12,21.285
2629,16,4,13,21.0375
2630,16,4,14,20.37375
2631,16,4,15,19.485
2632,16,4,16,19.51875
2633,16,4,17,20.4075
2634,16,4,18,22.6125
2635,16,4,19,22.7475
2636,16,4,20,22.5
2637,16,4,21,21.5325
2638,16,4,22,20.34
2639,16,4,23,18.12375
2640,16,5,0,16.245
2641,16,5,1,14.76
2642,16,5,2,13.78125
2643,16,5,3,13.5
2644,16,5,4,13.32
2645,16,5,5,13.0275
2646,16,5,6,13.17375
2647,16,5,7,13.7475
2648,16,5,8,16.6275
2649,16,5,9,18.2475
2650,16,5,10,19.5525
2651,16,5,11,19.6425
2652,16,5,12,19.9125
2653,16,5,13,19.94625
2654,16,5,14,19.42875
2655,16,5,15,18.84375
2656,16,5,16,18.27
2657,16,5,17,20.12625
2658,16,5,18,22.815
2659,16,5,19,24.435
2660,16,5,20,24.345
2661,16,5,21,23.5125
2662,16,5,22,20.9475
2663,16,5,23,17.9775
2664,16,6,0,15.9975
2665,16,6,1,14.6925
2666,16,6,2,13.68
2667,16,6,3,13.3875
2668,16,6,4,13.32
2669,16,6,5,13.9725
2670,16,6,6,14.715
2671,16,6,7,15.885
2672,16,6,8,17.3925
2673,16,6,9,19.125
2674,16,6,10,20.97
2675,16,6,11,21.69
2676,16,6,12,22.14
2677,16,6,13,22.185
2678,16,6,14,21.8925
2679,16,6,15,21.3075
2680,16,6,16,20.9025
2681,16,6,17,21.24
2682,16,6,18,22.0275
2683,16,6,19,23.4225
2684,16,6,20,22.905
2685,16,6,21,22.005
2686,16,6,22,20.1375
2687,16,6,23,18.1125
2688,17,0,0,15.53625
2689,17,0,1,14.1975
2690,17,0,2,13.1175
2691,17,0,3,12.78
2692,17,0,4,12.6
2693,17,0,5,13.4775
2694,17,0,6,16.70625
2695,17,0,7,20.0475
2696,17,0,8,20.9925
2697,17,0,9,21.72375
2698,17,0,10,21.52125
2699,17,0,11,21.06
2700,17,0,12,21.1275
2701,17,0,13,20.55375
2702,17,0,14,20.3175
2703,17,0,15,20.84625
2704,17,0,16,21.22875
2705,17,0,17,21.52125
2706,17,0,18,23.2425
2707,17,0,19,24.15375
2708,17,0,20,23.59125
2709,17,0,21,22.905
2710,17,0,22,20.79
2711,17,0,23,17.46
2712,17,1,0,15.0525
2713,17,1,1,13.93875
2714,17,1,2,13.2075
2715,17,1,3,12.85875
2716,17,1,4,12.7575
2717,17,1,5,13.77
2718,17,1,6,18.45
2719,17,1,7,21.1725
2720,17,1,8,22.455
2721,17,1,9,23.2875
2722,17,1,10,23.6025
2723,17,1,11,23.04
2724,17,1,12,23.02875
2725,17,1,13,22.6125
2726,17,1,14,22.3875
2727,17,1,15,22.4775
2728,17,1,16,22.365
2729,17,1,17,22.1175
2730,17,1,18,23.265
2731,17,1,19,24.4575
2732,17,1,20,24.165
2733,17,1,21,23.22
2734,17,1,22,21.33
2735,17,1,23,18.54
2736,17,2,0,16.2
2737,17,2,1,14.86125
2738,17,2,2,14.56875
2739,17,2,3,14.11875
2740,17,2,4,14.1075
2741,17,2,5,14.3325
2742,17,2,6,18.45
2743,17,2,7,21.1725
2744,17,2,8,22.1625
2745,17,2,9,23.04
2746,17,2,10,23.085
2747,17,2,11,23.175
2748,17,2,12,23.2875
2749,17,2,13,22.68
2750,17,2,14,21.63375
2751,17,2,15,21.22875
2752,17,2,16,21.1725
2753,17,2,17,21.90375
2754,17,2,18,23.94
2755,17,2,19,24.62625
2756,17,2,20,24.5025
2757,17,2,21,23.43375
2758,17,2,22,21.78
2759,17,2,23,18.54
2760,17,3,0,16.63875
2761,17,3,1,15.0525
2762,17,3,2,13.87125
2763,17,3,3,13.635
2764,17,3,4,13.5
2765,17,3,5,13.96125
2766,17,3,6,18.23625
2767,17,3,7,21.195
2768,17,3,8,22.0275
2769,17,3,9,22.59
2770,17,3,10,22.995
2771,17,3,11,23.0175
2772,17,3,12,22.77
2773,17,3,13,22.15125
2774,17,3,14,22.0725
2775,17,3,15,21.6
2776,17,3,16,21.11625
2777,17,3,17,22.4325
2778,17,3,18,24.165
2779,17,3,19,22.905
2780,17,3,20,22.5
2781,17,3,21,22.005
2782,17,3,22,20.1825
2783,17,3,23,18.34875
2784,17,4,0,16.155
2785,17,4,1,14.7825
2786,17,4,2,14.355
2787,17,4,3,13.8375
2788,17,4,4,13.44375
2789,17,4,5,13.2525
2790,17,4,6,13.7925
2791,17,4,7,13.9275
2792,17,4,8,15.0975
2793,17,4,9,17.44875
2794,17,4,10,18.88875
2795,17,4,11,20.025
2796,17,4,12,20.6325
2797,17,4,13,21.06
2798,17,4,14,20.86875
2799,17,4,15,20.655
2800,17,4,16,20.79
2801,17,4,17,22.01625
2802,17,4,18,23.59125
2803,17,4,19,23.5575
2804,17,4,20,22.8375
2805,17,4,21,21.5325
2806,17,4,22,20.14875
2807,17,4,23,17.65125
2808,17,5,0,15.39
2809,17,5,1,13.995
2810,17,5,2,13.365
2811,17,5,3,13.14
2812,17,5,4,13.1175
2813,17,5,5,13.6125
2814,17,5,6,14.4675
2815,17,5,7,16.74
2816,17,5,8,19.58625
2817,17,5,9,20.79
2818,17,5,10,21.915
2819,17,5,11,22.7025
2820,17,5,12,23.445
2821,17,5,13,22.80375
2822,17,5,14,22.87125
2823,17,5,15,22.32
2824,17,5,16,20.385
2825,17,5,17,19.935
2826,17,5,18,21.3525
2827,17,5,19,21.3975
2828,17,5,20,21.375
2829,17,5,21,20.7675
2830,17,5,22,19.83375
2831,17,5,23,18.045
2832,17,6,0,16.1325
2833,17,6,1,14.8275
2834,17,6,2,13.6575
2835,17,6,3,12.6225
2836,17,6,4,12.65625
2837,17,6,5,12.555
2838,17,6,6,12.96
2839,17,6,7,13.86
2840,17,6,8,16.065
2841,17,6,9,17.71875
2842,17,6,10,19.89
2843,17,6,11,20.23875
2844,17,6,12,20.71125
2845,17,6,13,20.82375
2846,17,6,14,20.835
2847,17,6,15,20.205
2848,17,6,16,19.3275
2849,17,6,17,18.99
2850,17,6,18,20.565
2851,17,6,19,21.51
2852,17,6,20,21.2625
2853,17,6,21,20.8125
2854,17,6,22,20.1375
2855,17,6,23,18.6975
2856,18,0,0,16.3575
2857,18,0,1,14.92875
2858,18,0,2,14.0175
2859,18,0,3,13.3875
2860,18,0,4,13.1625
2861,18,0,5,12.645
2862,18,0,6,12.36375
2863,18,0,7,13.24125
2864,18,0,8,14.2875
2865,18,0,9,16.27875
2866,18,0,10,18.12375
2867,18,0,11,19.36125
2868,18,0,12,20.1375
2869,18,0,13,20.91375
2870,18,0,14,20.5425
2871,18,0,15,20.3175
2872,18,0,16,19.17
2873,18,0,17,20.115
2874,18,0,18,22.455
2875,18,0,19,23.2425
2876,18,0,20,22.995
2877,18,0,21,22.3425
2878,18,0,22,20.46375
2879,18,0,23,18.2925
2880,18,1,0,16.4025
2881,18,1,1,14.85
2882,18,1,2,14.04
2883,18,1,3,13.815
2884,18,1,4,13.8375
2885,18,1,5,14.09625
2886,18,1,6,18.0675
2887,18,1,7,22.4775
2888,18,1,8,23.8275
2889,18,1,9,24.6825
2890,18,1,10,24.7275
2891,18,1,11,23.31
2892,18,1,12,23.4
2893,18,1,13,22.995
2894,18,1,14,22.275
2895,18,1,15,21.9375
2896,18,1,16,21.51
2897,18,1,17,21.555
2898,18,1,18,23.5575
2899,18,1,19,23.535
2900,18,1,20,23.2425
2901,18,1,21,22.7475
2902,18,1,22,21.6
2903,18,1,23,18.7425
2904,18,2,0,16.245
2905,18,2,1,15.24375
2906,18,2,2,14.4675
2907,18,2,3,14.1075
2908,18,2,4,13.64625
2909,18,2,5,14.36625
2910,18,2,6,18.72
2911,18,2,7,21.0375
2912,18,2,8,23.1975
2913,18,2,9,23.1525
2914,18,2,10,23.535
2915,18,2,11,23.83875
2916,18,2,12,24.94125
2917,18,2,13,24.7275
2918,18,2,14,24.0975
2919,18,2,15,23.5575
2920,18,2,16,22.635
2921,18,2,17,22.77
2922,18,2,18,24.03
2923,18,2,19,24.3
2924,18,2,20,23.7825
2925,18,2,21,22.725
2926,18,2,22,21.5775
2927,18,2,23,19.5075
2928,18,3,0,17.2125
2929,18,3,1,15.075
2930,18,3,2,14.4
2931,18,3,3,13.93875
2932,18,3,4,13.77
2933,18,3,5,13.73625
2934,18,3,6,16.6275
2935,18,3,7,20.1825
2936,18,3,8,20.79
2937,18,3,9,21.42
2938,18,3,10,22.1625
2939,18,3,11,22.9725
2940,18,3,12,23.355
2941,18,3,13,23.8275
2942,18,3,14,23.5125
2943,18,3,15,23.49
2944,18,3,16,21.69
2945,18,3,17,20.9025
2946,18,3,18,23.0175
2947,18,3,19,23.7375
2948,18,3,20,23.3775
2949,18,3,21,22.5675
2950,18,3,22,21.2175
2951,18,3,23,19.4175
2952,18,4,0,16.92
2953,18,4,1,14.94
2954,18,4,2,13.9275
2955,18,4,3,13.275
2956,18,4,4,13.30875
2957,18,4,5,13.05
2958,18,4,6,15.39
2959,18,4,7,18.675
2960,18,4,8,19.98
2961,18,4,9,21.24
2962,18,4,10,21.825
2963,18,4,11,22.05
2964,18,4,12,22.2075
2965,18,4,13,21.78
2966,18,4,14,21.9375
2967,18,4,15,21.15
2968,18,4,16,20.88
2969,18,4,17,20.43
2970,18,4,18,23.1075
2971,18,4,19,23.86125
2972,18,4,20,23.3325
2973,18,4,21,21.97125
2974,18,4,22,21.5775
2975,18,4,23,19.08
2976,18,5,0,16.2
2977,18,5,1,14.85
2978,18,5,2,13.635
2979,18,5,3,13.2075
2980,18,5,4,13.14
2981,18,5,5,14.25375
2982,18,5,6,19.755
2983,18,5,7,23.1075
2984,18,5,8,24.21
2985,18,5,9,21.7125
2986,18,5,10,22.5225
2987,18,5,11,24.66
2988,18,5,12,25.65
2989,18,5,13,25.72875
2990,18,5,14,25.03125
2991,18,5,15,25.23375
2992,18,5,16,21.76875
2993,18,5,17,20.73375
2994,18,5,18,22.3425
2995,18,5,19,22.7925
2996,18,5,20,22.3425
2997,18,5,21,21.7575
2998,18,5,22,21.825
2999,18,5,23,19.54125
3000,18,6,0,16.965
3001,18,6,1,15.39
3002,18,6,2,14.7375
3003,18,6,3,14.3775
3004,18,6,4,14.02875
3005,18,6,5,14.1525
3006,18,6,6,14.94
3007,18,6,7,15.7725
3008,18,6,8,18.5175
3009,18,6,9,19.83375
3010,18,6,10,21.105
3011,18,6,11,21.9825
3012,18,6,12,21.915
3013,18,6,13,21.9375
3014,18,6,14,21.4875
3015,18,6,15,21.24
3016,18,6,16,19.395
3017,18,6,17,18.6525
3018,18,6,18,20.8125
3019,18,6,19,22.365
3020,18,6,20,22.05
3021,18,6,21,21.51
3022,18,6,22,20.2275
3023,18,6,23,18.45
3024,19,0,0,16.0425
3025,19,0,1,14.83875
3026,19,0,2,13.6125
3027,19,0,3,13.05
3028,19,0,4,12.915
3029,19,0,5,13.7475
3030,19,0,6,16.785
3031,19,0,7,20.475
3032,19,0,8,21.465
3033,19,0,9,22.4325
3034,19,0,10,23.625
3035,19,0,11,23.6925
3036,19,0,12,24.39
3037,19,0,13,23.6925
3038,19,0,14,21.8025
3039,19,0,15,21.5325
3040,19,0,16,22.2075
3041,19,0,17,22.185
3042,19,0,18,23.85
3043,19,0,19,24.12
3044,19,0,20,23.76
3045,19,0,21,23.2875
3046,19,0,22,21.2625
3047,19,0,23,19.305
3048,19,1,0,16.8975
3049,19,1,1,15.0975
3050,19,1,2,14.355
3051,19,1,3,13.68
3052,19,1,4,13.6125
3053,19,1,5,14.1075
3054,19,1,6,19.26
3055,19,1,7,21.69
3056,19,1,8,23.67
3057,19,1,9,24.03
3058,19,1,10,24.345
3059,19,1,11,23.85
3060,19,1,12,24.19875
3061,19,1,13,23.76
3062,19,1,14,22.2525
3063,19,1,15,21.90375
3064,19,1,16,20.3625
3065,19,1,17,20.43
3066,19,1,18,22.8825
3067,19,1,19,23.4675
3068,19,1,20,23.2425
3069,19,1,21,22.77
3070,19,1,22,21.8925
3071,19,1,23,18.81
3072,19,2,0,16.29
3073,19,2,1,15.1425
3074,19,2,2,13.86
3075,19,2,3,13.5225
3076,19,2,4,13.455
3077,19,2,5,13.725
3078,19,2,6,17.6625
3079,19,2,7,20.5425
3080,19,2,8,22.635
3081,19,2,9,23.2425
3082,19,2,10,23.65875
3083,19,2,11,23.79375
3084,19,2,12,23.985
3085,19,2,13,23.92875
3086,19,2,14,23.41125
3087,19,2,15,23.13
3088,19,2,16,22.39875
3089,19,2,17,22.95
3090,19,2,18,23.58
3091,19,2,19,23.3775
3092,19,2,20,22.905
3093,19,2,21,22.15125
3094,19,2,22,20.30625
3095,19,2,23,18.9225
3096,19,3,0,16.02
3097,19,3,1,14.9175
3098,19,3,2,14.22
3099,19,3,3,13.4325
3100,19,3,4,13.3875
3101,19,3,5,13.62375
3102,19,3,6,16.9425
3103,19,3,7,20.4525
3104,19,3,8,20.55375
3105,19,3,9,21.34125
3106,19,3,10,22.365
3107,19,3,11,23.4225
3108,19,3,12,23.32125
3109,19,3,13,23.14125
3110,19,3,14,21.4875
3111,19,3,15,20.97
3112,19,3,16,20.385
3113,19,3,17,21.58875
3114,19,3,18,23.085
3115,19,3,19,23.265
3116,19,3,20,22.905
3117,19,3,21,22.3875
3118,19,3,22,21.78
3119,19,3,23,19.395
3120,19,4,0,16.38
3121,19,4,1,15.165
3122,19,4,2,14.49
3123,19,4,3,13.9275
3124,19,4,4,13.5225
3125,19,4,5,13.7475
3126,19,4,6,16.90875
3127,19,4,7,19.9575
3128,19,4,8,20.66625
3129,19,4,9,22.01625
3130,19,4,10,22.48875
3131,19,4,11,22.7925
3132,19,4,12,23.2875
3133,19,4,13,23.355
3134,19,4,14,22.8375
3135,19,4,15,22.275
3136,19,4,16,20.4975
3137,19,4,17,21.6675
3138,19,4,18,22.84875
3139,19,4,19,22.55625
3140,19,4,20,22.0725
3141,19,4,21,21.69
3142,19,4,22,21.3525
3143,19,4,23,19.47375
3144,19,5,0,17.0325
3145,19,5,1,15.39
3146,19,5,2,14.67
3147,19,5,3,14.4675
3148,19,5,4,14.16375
3149,19,5,5,14.8275
3150,19,5,6,19.0125
3151,19,5,7,22.005
3152,19,5,8,23.8725
3153,19,5,9,24.3
3154,19,5,10,24.48
3155,19,5,11,25.47
3156,19,5,12,25.77375
3157,19,5,13,25.335
3158,19,5,14,24.3675
3159,19,5,15,23.70375
3160,19,5,16,22.0725
3161,19,5,17,23.0625
3162,19,5,18,23.7375
3163,19,5,19,23.715
3164,19,5,20,23.58
3165,19,5,21,22.905
3166,19,5,22,22.59
3167,19,5,23,20.55375
3168,19,6,0,17.60625
3169,19,6,1,15.975
3170,19,6,2,14.95125
3171,19,6,3,14.2425
3172,19,6,4,13.7925
3173,19,6,5,13.7475
3174,19,6,6,14.6475
3175,19,6,7,15.975
3176,19,6,8,18.315
3177,19,6,9,20.7225
3178,19,6,10,23.05125
3179,19,6,11,24.525
3180,19,6,12,24.4575
3181,19,6,13,24.0975
3182,19,6,14,23.6475
3183,19,6,15,23.175
3184,19,6,16,22.2075
3185,19,6,17,22.2525
3186,19,6,18,22.4325
3187,19,6,19,24.03
3188,19,6,20,23.6925
3189,19,6,21,23.1975
3190,19,6,22,21.6225
3191,19,6,23,19.7325
3192,20,0,0,16.9875
3193,20,0,1,15.1425
3194,20,0,2,14.31
3195,20,0,3,13.59
3196,20,0,4,12.8925
3197,20,0,5,13.0275
3198,20,0,6,16.39125
3199,20,0,7,19.9125
3200,20,0,8,20.655
3201,20,0,9,21.13875
3202,20,0,10,22.51125
3203,20,0,11,22.73625
3204,20,0,12,22.84875
3205,20,0,13,23.16375
3206,20,0,14,22.15125
3207,20,0,15,21.83625
3208,20,0,16,21.6675
3209,20,0,17,21.78
3210,20,0,18,24.12
3211,20,0,19,25.29
3212,20,0,20,24.885
3213,20,0,21,24.12
3214,20,0,22,21.735
3215,20,0,23,18.99
3216,20,1,0,16.605
3217,20,1,1,14.85
3218,20,1,2,13.815
3219,20,1,3,13.0275
3220,20,1,4,13.14
3221,20,1,5,13.545
3222,20,1,6,18.315
3223,20,1,7,21.9825
3224,20,1,8,24.8175
3225,20,1,9,25.92
3226,20,1,10,26.15625
3227,20,1,11,25.92
3228,20,1,12,25.9425
3229,20,1,13,25.4475
3230,20,1,14,24.57
3231,20,1,15,23.74875
3232,20,1,16,22.26375
3233,20,1,17,22.5225
3234,20,1,18,24.42375
3235,20,1,19,24.9975
3236,20,1,20,24.44625
3237,20,1,21,23.715
3238,20,1,22,22.5675
3239,20,1,23,19.9575
3240,20,2,0,17.3025
3241,20,2,1,15.7725
3242,20,2,2,13.8375
3243,20,2,3,13.7925
3244,20,2,4,13.7925
3245,20,2,5,14.22
3246,20,2,6,19.3725
3247,20,2,7,22.5225
3248,20,2,8,24.2325
3249,20,2,9,25.2
3250,20,2,10,25.2
3251,20,2,11,25.2225
3252,20,2,12,25.6725
3253,20,2,13,25.32375
3254,20,2,14,24.8175
3255,20,2,15,23.8275
3256,20,2,16,22.26375
3257,20,2,17,22.8825
3258,20,2,18,24.5925
3259,20,2,19,24.435
3260,20,2,20,23.95125
3261,20,2,21,23.31
3262,20,2,22,21.78
3263,20,2,23,20.115
3264,20,3,0,17.7525
3265,20,3,1,16.29
3266,20,3,2,15.615
3267,20,3,3,14.085
3268,20,3,4,13.95
3269,20,3,5,14.2875
3270,20,3,6,15.885
3271,20,3,7,17.35875
3272,20,3,8,20.17125
3273,20,3,9,22.14
3274,20,3,10,22.86
3275,20,3,11,23.4225
3276,20,3,12,24.0075
3277,20,3,13,24.75
3278,20,3,14,23.47875
3279,20,3,15,22.68
3280,20,3,16,21.58875
3281,20,3,17,23.0175
3282,20,3,18,24.51375
3283,20,3,19,25.57125
3284,20,3,20,25.11
3285,20,3,21,24.0975
3286,20,3,22,22.2525
3287,20,3,23,19.485
3288,20,4,0,16.9875
3289,20,4,1,15.44625
3290,20,4,2,14.355
3291,20,4,3,13.68
3292,20,4,4,13.59
3293,20,4,5,14.4
3294,20,4,6,19.08
3295,20,4,7,21.5325
3296,20,4,8,21.9825
3297,20,4,9,23.0625
3298,20,4,10,23.49
3299,20,4,11,22.995
3300,20,4,12,22.77
3301,20,4,13,22.905
3302,20,4,14,22.5225
3303,20,4,15,21.915
3304,20,4,16,21.27375
3305,20,4,17,23.1075
3306,20,4,18,24.1875
3307,20,4,19,24.3
3308,20,4,20,24.0525
3309,20,4,21,23.5575
3310,20,4,22,21.42
3311,20,4,23,18.8325
3312,20,5,0,16.59375
3313,20,5,1,14.895
3314,20,5,2,13.905
3315,20,5,3,13.59
3316,20,5,4,13.5675
3317,20,5,5,14.0625
3318,20,5,6,16.5825
3319,20,5,7,19.5525
3320,20,5,8,22.365
3321,20,5,9,23.3325
3322,20,5,10,23.70375
3323,20,5,11,24.3225
3324,20,5,12,24.53625
3325,20,5,13,24.075
3326,20,5,14,23.32125
3327,20,5,15,22.635
3328,20,5,16,22.5
3329,20,5,17,23.04
3330,20,5,18,24.15375
3331,20,5,19,23.92875
3332,20,5,20,23.23125
3333,20,5,21,22.14
3334,20,5,22,21.015
3335,20,5,23,19.2825
3336,20,6,0,17.3475
3337,20,6,1,15.615
3338,20,6,2,14.6925
3339,20,6,3,13.815
3340,20,6,4,13.32
3341,20,6,5,13.05
3342,20,6,6,13.21875
3343,20,6,7,14.6475
3344,20,6,8,15.48
3345,20,6,9,17.46
3346,20,6,10,19.1025
3347,20,6,11,20.7
3348,20,6,12,21.27375
3349,20,6,13,21.2625
3350,20,6,14,21.16125
3351,20,6,15,20.8125
3352,20,6,16,21.04875
3353,20,6,17,22.455
3354,20,6,18,24.75
3355,20,6,19,24.98625
3356,20,6,20,24.615
3357,20,6,21,23.5575
3358,20,6,22,21.51
3359,20,6,23,18.45
3360,21,0,0,16.02
3361,21,0,1,14.95125
3362,21,0,2,13.59
3363,21,0,3,13.4775
3364,21,0,4,12.78
3365,21,0,5,13.66875
3366,21,0,6,17.71875
3367,21,0,7,22.23
3368,21,0,8,23.1975
3369,21,0,9,23.9625
3370,21,0,10,24.12
3371,21,0,11,24.5475
3372,21,0,12,24.7725
3373,21,0,13,23.76
3374,21,0,14,23.085
3375,21,0,15,23.65875
3376,21,0,16,22.59
3377,21,0,17,23.445
3378,21,0,18,25.45875
3379,21,0,19,24.9975
3380,21,0,20,24.75
3381,21,0,21,23.92875
3382,21,0,22,22.80375
3383,21,0,23,20.26125
3384,21,1,0,17.4825
3385,21,1,1,15.1875
3386,21,1,2,14.445
3387,21,1,3,14.265
3388,21,1,4,14.1975
3389,21,1,5,15.0975
3390,21,1,6,18.32625
3391,21,1,7,23.1525
3392,21,1,8,24.1875
3393,21,1,9,25.59375
3394,21,1,10,25.695
3395,21,1,11,25.6275
3396,21,1,12,25.4025
3397,21,1,13,24.89625
3398,21,1,14,24.3
3399,21,1,15,23.8275
3400,21,1,16,22.815
3401,21,1,17,23.83875
3402,21,1,18,25.93125
3403,21,1,19,26.145
3404,21,1,20,25.57125
3405,21,1,21,24.39
3406,21,1,22,22.2075
3407,21,1,23,19.72125
3408,21,2,0,17.505
3409,21,2,1,16.0875
3410,21,2,2,14.95125
3411,21,2,3,14.4675
3412,21,2,4,14.36625
3413,21,2,5,14.3775
3414,21,2,6,19.7325
3415,21,2,7,23.0625
3416,21,2,8,25.2
3417,21,2,9,25.695
3418,21,2,10,26.325
3419,21,2,11,26.145
3420,21,2,12,26.62875
3421,21,2,13,26.0775
3422,21,2,14,25.3125
3423,21,2,15,24.6825
3424,21,2,16,23.22
3425,21,2,17,25.11
3426,21,2,18,25.83
3427,21,2,19,25.83
3428,21,2,20,25.335
3429,21,2,21,24.7275
3430,21,2,22,22.8825
3431,21,2,23,20.48625
3432,21,3,0,17.13375
3433,21,3,1,15.87375
3434,21,3,2,15.4575
3435,21,3,3,13.635
3436,21,3,4,13.2525
3437,21,3,5,13.9275
3438,21,3,6,17.685
3439,21,3,7,22.005
3440,21,3,8,23.50125
3441,21,3,9,24.66
3442,21,3,10,24.3
3443,21,3,11,24.4125
3444,21,3,12,24.435
3445,21,3,13,24.0975
3446,21,3,14,23.4225
3447,21,3,15,22.86
3448,21,3,16,22.5675
3449,21,3,17,23.895
3450,21,3,18,24.9525
3451,21,3,19,25.2
3452,21,3,20,24.84
3453,21,3,21,23.895
3454,21,3,22,22.545
3455,21,3,23,20.43
3456,21,4,0,17.3925
3457,21,4,1,15.66
3458,21,4,2,14.8275
3459,21,4,3,14.59125
3460,21,4,4,14.355
3461,21,4,5,14.72625
3462,21,4,6,18.18
3463,21,4,7,22.5225
3464,21,4,8,24.0975
3465,21,4,9,24.975
3466,21,4,10,25.3575
3467,21,4,11,25.6725
3468,21,4,12,25.3575
3469,21,4,13,24.93
3470,21,4,14,23.6475
3471,21,4,15,23.85
3472,21,4,16,22.28625
3473,21,4,17,24.615
3474,21,4,18,26.2125
3475,21,4,19,26.055
3476,21,4,20,25.43625
3477,21,4,21,24.39
3478,21,4,22,23.2875
3479,21,4,23,20.0025
3480,21,5,0,17.62875
3481,21,5,1,15.8625
3482,21,5,2,14.85
3483,21,5,3,14.1075
3484,21,5,4,13.815
3485,21,5,5,14.6475
3486,21,5,6,19.395
3487,21,5,7,22.5225
3488,21,5,8,24.57
3489,21,5,9,25.5375
3490,21,5,10,25.7175
3491,21,5,11,25.785
3492,21,5,12,24.0075
3493,21,5,13,23.49
3494,21,5,14,23.02875
3495,21,5,15,23.445
3496,21,5,16,22.005
3497,21,5,17,23.31
3498,21,5,18,24.6375
3499,21,5,19,24.40125
3500,21,5,20,23.8725
3501,21,5,21,22.995
3502,21,5,22,21.81375
3503,21,5,23,19.65375
3504,21,6,0,17.1675
3505,21,6,1,15.13125
3506,21,6,2,14.13
3507,21,6,3,13.185
3508,21,6,4,12.97125
3509,21,6,5,13.08375
3510,21,6,6,13.365
3511,21,6,7,14.7375
3512,21,6,8,17.58375
3513,21,6,9,19.74375
3514,21,6,10,20.9925
3515,21,6,11,21.5775
3516,21,6,12,22.095
3517,21,6,13,22.1175
3518,21,6,14,21.645
3519,21,6,15,21.2175
3520,21,6,16,20.8125
3521,21,6,17,22.905
3522,21,6,18,25.02
3523,21,6,19,25.515
3524,21,6,20,24.96375
3525,21,6,21,23.2875
3526,21,6,22,21.915
3527,21,6,23,18.855
3528,22,0,0,16.6275
3529,22,0,1,14.895
3530,22,0,2,13.86
3531,22,0,3,13.30875
3532,22,0,4,13.3425
3533,22,0,5,13.84875
3534,22,0,6,17.145
3535,22,0,7,21.375
3536,22,0,8,22.3875
3537,22,0,9,23.9625
3538,22,0,10,24.435
3539,22,0,11,24.3
3540,22,0,12,24.21
3541,22,0,13,24.9975
3542,22,0,14,24.8625
3543,22,0,15,25.02
3544,22,0,16,24.12
3545,22,0,17,25.11
3546,22,0,18,25.9425
3547,22,0,19,25.56
3548,22,0,20,25.05375
3549,22,0,21,24.165
3550,22,0,22,22.26375
3551,22,0,23,19.51875
3552,22,1,0,16.90875
3553,22,1,1,15.26625
3554,22,1,2,14.52375
3555,22,1,3,13.55625
3556,22,1,4,13.42125
3557,22,1,5,13.87125
3558,22,1,6,18.675
3559,22,1,7,22.275
3560,22,1,8,24.4575
3561,22,1,9,24.6825
3562,22,1,10,25.2225
3563,22,1,11,24.6375
3564,22,1,12,24.7275
3565,22,1,13,24.0975
3566,22,1,14,23.535
3567,22,1,15,22.995
3568,22,1,16,22.41
3569,22,1,17,23.5125
3570,22,1,18,24.435
3571,22,1,19,24.4575
3572,22,1,20,24.12
3573,22,1,21,22.815
3574,22,1,22,21.9375
3575,22,1,23,19.0575
3576,22,2,0,16.92
3577,22,2,1,15.255
3578,22,2,2,14.58
3579,22,2,3,13.905
3580,22,2,4,13.9275
3581,22,2,5,14.5125
3582,22,2,6,19.71
3583,22,2,7,22.6575
3584,22,2,8,24.73425
3585,22,2,9,25.0875
3586,22,2,10,25.11
3587,22,2,11,24.98625
3588,22,2,12,24.89625
3589,22,2,13,23.97375
3590,22,2,14,23.52375
3591,22,2,15,23.355
3592,22,2,16,22.86
3593,22,2,17,22.8825
3594,22,2,18,24.075
3595,22,2,19,24.345
3596,22,2,20,24.03
3597,22,2,21,23.0175
3598,22,2,22,22.545
3599,22,2,23,19.9125
3600,22,3,0,17.0775
3601,22,3,1,15.5475
3602,22,3,2,14.54625
3603,22,3,3,14.0625
3604,22,3,4,13.84875
3605,22,3,5,14.31
3606,22,3,6,17.11125
3607,22,3,7,21.5325
3608,22,3,8,23.04
3609,22,3,9,24.075
3610,22,3,10,24.6375
3611,22,3,11,24.85125
3612,22,3,12,24.66
3613,22,3,13,23.81625
3614,22,3,14,23.13
3615,22,3,15,22.5
3616,22,3,16,21.49875
3617,22,3,17,22.96125
3618,22,3,18,24.40125
3619,22,3,19,24.1875
3620,22,3,20,23.63625
3621,22,3,21,22.8825
3622,22,3,22,21.9825
3623,22,3,23,19.6875
3624,22,4,0,16.9875
3625,22,4,1,15.8625
3626,22,4,2,14.8275
3627,22,4,3,13.78125
3628,22,4,4,13.7475
3629,22,4,5,14.13
3630,22,4,6,17.1675
3631,22,4,7,21.31875
3632,22,4,8,22.69125
3633,22,4,9,23.85
3634,22,4,10,24.15375
3635,22,4,11,24.53625
3636,22,4,12,24.7275
3637,22,4,13,24.5925
3638,22,4,14,24.39
3639,22,4,15,23.95125
3640,22,4,16,23.72625
3641,22,4,17,24.96375
3642,22,4,18,25.2675
3643,22,4,19,24.8175
3644,22,4,20,24.48
3645,22,4,21,23.805
3646,22,4,22,22.455
3647,22,4,23,20.385
3648,22,5,0,17.865
3649,22,5,1,15.69375
3650,22,5,2,14.8725
3651,22,5,3,14.31
3652,22,5,4,14.04
3653,22,5,5,14.4
3654,22,5,6,18.99
3655,22,5,7,22.725
3656,22,5,8,24.57
3657,22,5,9,25.155
3658,22,5,10,25.4475
3659,22,5,11,25.2675
3660,22,5,12,24.84
3661,22,5,13,24.48
3662,22,5,14,23.805
3663,22,5,15,22.95
3664,22,5,16,22.095
3665,22,5,17,23.16375
3666,22,5,18,23.4675
3667,22,5,19,23.535
3668,22,5,20,22.86
3669,22,5,21,22.365
3670,22,5,22,22.2975
3671,22,5,23,19.845
3672,22,6,0,16.9425
3673,22,6,1,15.4575
3674,22,6,2,14.265
3675,22,6,3,13.8375
3676,22,6,4,13.725
3677,22,6,5,13.545
3678,22,6,6,13.995
3679,22,6,7,15.615
3680,22,6,8,18.765
3681,22,6,9,20.745
3682,22,6,10,23.175
3683,22,6,11,24.03
3684,22,6,12,24.3225
3685,22,6,13,23.79375
3686,22,6,14,22.7475
3687,22,6,15,21.645
3688,22,6,16,21.87
3689,22,6,17,22.93875
3690,22,6,18,24.03
3691,22,6,19,24.48
3692,22,6,20,24.0525
3693,22,6,21,23.6475
3694,22,6,22,21.825
3695,22,6,23,18.855
3696,23,0,0,16.6275
3697,23,0,1,15.0975
3698,23,0,2,14.1525
3699,23,0,3,13.3875
3700,23,0,4,13.2975
3701,23,0,5,13.6575
3702,23,0,6,17.28
3703,23,0,7,21.5775
3704,23,0,8,23.9175
3705,23,0,9,24.21
3706,23,0,10,24.57
3707,23,0,11,24.615
3708,23,0,12,23.985
3709,23,0,13,23.58
3710,23,0,14,23.67
3711,23,0,15,23.58
3712,23,0,16,22.725
3713,23,0,17,23.445
3714,23,0,18,23.895
3715,23,0,19,24.55875
3716,23,0,20,24.35625
3717,23,0,21,23.45625
3718,23,0,22,21.06
3719,23,0,23,18.765
3720,23,1,0,16.4925
3721,23,1,1,15.4125
3722,23,1,2,14.2425
3723,23,1,3,13.4325
3724,23,1,4,13.3875
3725,23,1,5,14.0625
3726,23,1,6,18.5625
3727,23,1,7,22.3875
3728,23,1,8,24.0075
3729,23,1,9,24.795
3730,23,1,10,25.155
3731,23,1,11,25.2675
3732,23,1,12,25.3575
3733,23,1,13,25.02
3734,23,1,14,24.2325
3735,23,1,15,24.3225
3736,23,1,16,23.445
3737,23,1,17,23.8275
3738,23,1,18,24.435
3739,23,1,19,24.147
3740,23,1,20,23.56875
3741,23,1,21,22.7925
3742,23,1,22,21.465
3743,23,1,23,19.035
3744,23,2,0,17.26875
3745,23,2,1,15.2775
3746,23,2,2,14.2875
3747,23,2,3,13.905
3748,23,2,4,14.1525
3749,23,2,5,15.165
3750,23,2,6,19.5975
3751,23,2,7,22.41
3752,23,2,8,23.1975
3753,23,2,9,24.2325
3754,23,2,10,25.47
3755,23,2,11,25.335
3756,23,2,12,25.09875
3757,23,2,13,24.9075
3758,23,2,14,24.35625
3759,23,2,15,24.6375
3760,23,2,16,23.22
3761,23,2,17,23.49
3762,23,2,18,24.62625
3763,23,2,19,24.87375
3764,23,2,20,24.255
3765,23,2,21,23.11875
3766,23,2,22,22.5225
3767,23,2,23,20.025
3768,23,3,0,17.53875
3769,23,3,1,15.75
3770,23,3,2,14.7375
3771,23,3,3,14.1525
3772,23,3,4,14.05125
3773,23,3,5,14.81625
3774,23,3,6,15.19875
3775,23,3,7,20.73375
3776,23,3,8,22.8825
3777,23,3,9,23.77125
3778,23,3,10,24.37875
3779,23,3,11,24.8625
3780,23,3,12,25.41375
3781,23,3,13,24.43725
3782,23,3,14,24.93
3783,23,3,15,24.93
3784,23,3,16,23.2875
3785,23,3,17,23.355
3786,23,3,18,24.435
3787,23,3,19,24.7725
3788,23,3,20,24.10875
3789,23,3,21,23.22
3790,23,3,22,22.05
3791,23,3,23,19.4175
3792,23,4,0,17.37
3793,23,4,1,15.5925
3794,23,4,2,14.625
3795,23,4,3,14.4
3796,23,4,4,14.3325
3797,23,4,5,14.83875
3798,23,4,6,18.12375
3799,23,4,7,22.05
3800,23,4,8,23.7825
3801,23,4,9,24.87375
3802,23,4,10,25.66125
3803,23,4,11,26.235
3804,23,4,12,26.11125
3805,23,4,13,25.27875
3806,23,4,14,25.4025
3807,23,4,15,25.2
3808,23,4,16,23.0625
3809,23,4,17,24.3225
3810,23,4,18,25.79625
3811,23,4,19,25.245
3812,23,4,20,24.8625
3813,23,4,21,23.94
3814,23,4,22,22.4775
3815,23,4,23,20.295
3816,23,5,0,17.685
3817,23,5,1,15.975
3818,23,5,2,15.525
3819,23,5,3,14.4
3820,23,5,4,13.93875
3821,23,5,5,14.81625
3822,23,5,6,19.125
3823,23,5,7,22.635
3824,23,5,8,24.525
3825,23,5,9,25.2
3826,23,5,10,25.81875
3827,23,5,11,25.38
3828,23,5,12,25.47
3829,23,5,13,24.84
3830,23,5,14,24.31125
3831,23,5,15,23.6475
3832,23,5,16,22.12875
3833,23,5,17,22.95
3834,23,5,18,23.9625
3835,23,5,19,24.0075
3836,23,5,20,23.67
3837,23,5,21,22.815
3838,23,5,22,21.6225
3839,23,5,23,19.63125
3840,23,6,0,17.2575
3841,23,6,1,15.3
3842,23,6,2,14.23125
3843,23,6,3,13.905
3844,23,6,4,13.5675
3845,23,6,5,13.46625
3846,23,6,6,14.52375
3847,23,6,7,15.48
3848,23,6,8,17.89875
3849,23,6,9,19.8675
3850,23,6,10,21.69
3851,23,6,11,23.175
3852,23,6,12,23.6475
3853,23,6,13,23.99625
3854,23,6,14,23.265
3855,23,6,15,22.8825
3856,23,6,16,22.635
3857,23,6,17,23.13
3858,23,6,18,24.64875
3859,23,6,19,24.3675
3860,23,6,20,24.075
3861,23,6,21,23.41125
3862,23,6,22,22.08375
3863,23,6,23,19.67625
3864,24,0,0,17.28
3865,24,0,1,15.58125
3866,24,0,2,14.32125
3867,24,0,3,13.1625
3868,24,0,4,12.69
3869,24,0,5,12.96
3870,24,0,6,17.955
3871,24,0,7,22.545
3872,24,0,8,23.985
3873,24,0,9,24.4125
3874,24,0,10,24.93
3875,24,0,11,25.1775
3876,24,0,12,25.335
3877,24,0,13,24.435
3878,24,0,14,24.165
3879,24,0,15,23.8725
3880,24,0,16,23.04
3881,24,0,17,24.2325
3882,24,0,18,24.71625
3883,24,0,19,24.66
3884,24,0,20,24.24375
3885,24,0,21,23.68125
3886,24,0,22,21.76875
3887,24,0,23,19.125
3888,24,1,0,17.20125
3889,24,1,1,15.3675
3890,24,1,2,14.32125
3891,24,1,3,13.95
3892,24,1,4,14.00625
3893,24,1,5,14.61375
3894,24,1,6,18.855
3895,24,1,7,22.5
3896,24,1,8,24.0075
3897,24,1,9,25.155
3898,24,1,10,25.4475
3899,24,1,11,26.28
3900,24,1,12,25.785
3901,24,1,13,24.9975
3902,24,1,14,24.9525
3903,24,1,15,24.885
3904,24,1,16,23.5575
3905,24,1,17,23.65875
3906,24,1,18,24.82875
3907,24,1,19,25.14375
3908,24,1,20,25.2225
3909,24,1,21,23.86125
3910,24,1,22,22.89375
3911,24,1,23,20.025
3912,24,2,0,17.7525
3913,24,2,1,15.85125
3914,24,2,2,14.76
3915,24,2,3,14.36625
3916,24,2,4,14.32125
3917,24,2,5,14.6025
3918,24,2,6,19.53
3919,24,2,7,22.8375
3920,24,2,8,23.4675
3921,24,2,9,24.4575
3922,24,2,10,25.2225
3923,24,2,11,25.155
3924,24,2,12,25.425
3925,24,2,13,25.4025
3926,24,2,14,24.21
3927,24,2,15,23.85
3928,24,2,16,22.80375
3929,24,2,17,24.22125
3930,24,2,18,24.9075
3931,24,2,19,24.66
3932,24,2,20,24.51375
3933,24,2,21,23.5575
3934,24,2,22,22.71375
3935,24,2,23,19.81125
3936,24,3,0,17.46
3937,24,3,1,15.4125
3938,24,3,2,14.2425
3939,24,3,3,13.5675
3940,24,3,4,13.4775
3941,24,3,5,13.5675
3942,24,3,6,16.2225
3943,24,3,7,21.15
3944,24,3,8,23.3325
3945,24,3,9,23.8275
3946,24,3,10,24.12
3947,24,3,11,24.1875
3948,24,3,12,23.85
3949,24,3,13,23.31
3950,24,3,14,22.8375
3951,24,3,15,22.59
3952,24,3,16,22.8375
3953,24,3,17,23.50125
3954,24,3,18,24.96375
3955,24,3,19,24.615
3956,24,3,20,23.52375
3957,24,3,21,22.8375
3958,24,3,22,22.01625
3959,24,3,23,19.45125
3960,24,4,0,17.40375
3961,24,4,1,15.21
3962,24,4,2,14.59125
3963,24,4,3,14.32125
3964,24,4,4,14.34375
3965,24,4,5,14.805
3966,24,4,6,18.4275
3967,24,4,7,22.815
3968,24,4,8,24.31125
3969,24,4,9,25.335
3970,24,4,10,25.3125
3971,24,4,11,25.875
3972,24,4,12,25.65
3973,24,4,13,25.29
3974,24,4,14,24.795
3975,24,4,15,24.5025
3976,24,4,16,22.4775
3977,24,4,17,24.26625
3978,24,4,18,24.8625
3979,24,4,19,25.38
3980,24,4,20,25.2675
3981,24,4,21,24.4125
3982,24,4,22,22.1175
3983,24,4,23,19.58625
3984,24,5,0,17.94375
3985,24,5,1,14.95125
3986,24,5,2,13.9725
3987,24,5,3,13.7475
3988,24,5,4,13.725
3989,24,5,5,14.49
3990,24,5,6,15.0525
3991,24,5,7,16.3575
3992,24,5,8,18.5175
3993,24,5,9,20.97
3994,24,5,10,23.6925
3995,24,5,11,24.3
3996,24,5,12,24.39
3997,24,5,13,24.615
3998,24,5,14,24.525
3999,24,5,15,23.625
4000,24,5,16,23.445
4001,24,5,17,24.39
4002,24,5,18,25.11
4003,24,5,19,24.8625
4004,24,5,20,24.5925
4005,24,5,21,23.895
4006,24,5,22,22.725
4007,24,5,23,20.115
4008,24,6,0,17.37
4009,24,6,1,15.8625
4010,24,6,2,14.49
4011,24,6,3,13.545
4012,24,6,4,13.185
4013,24,6,5,12.96
4014,24,6,6,13.59
4015,24,6,7,14.9175
4016,24,6,8,16.83
4017,24,6,9,18.6525
4018,24,6,10,20.6775
4019,24,6,11,21.645
4020,24,6,12,22.41
4021,24,6,13,22.41
4022,24,6,14,21.8925
4023,24,6,15,21.42
4024,24,6,16,20.8575
4025,24,6,17,22.2075
4026,24,6,18,24.9975
4027,24,6,19,25.74
4028,24,6,20,26.415
4029,24,6,21,25.1325
4030,24,6,22,22.8825
4031,24,6,23,19.6875
4032,25,0,0,17.4375
4033,25,0,1,16.29
4034,25,0,2,15.075
4035,25,0,3,14.4675
4036,25,0,4,14.265
4037,25,0,5,14.6925
4038,25,0,6,18.61875
4039,25,0,7,23.58
4040,25,0,8,25.21125
4041,25,0,9,26.2125
4042,25,0,10,26.8875
4043,25,0,11,20.25
4044,25,0,12,24.51375
4045,25,0,13,26.325
4046,25,0,14,25.07625
4047,25,0,15,24.87375
4048,25,0,16,24.5025
4049,25,0,17,25.875
4050,25,0,18,26.58375
4051,25,0,19,26.235
4052,25,0,20,25.965
4053,25,0,21,25.2225
4054,25,0,22,24.1875
4055,25,0,23,21.42
4056,25,1,0,18.93375
4057,25,1,1,16.9875
4058,25,1,2,15.2775
4059,25,1,3,14.76
4060,25,1,4,14.6475
4061,25,1,5,14.63625
4062,25,1,6,19.2375
4063,25,1,7,23.04
4064,25,1,8,25.1775
4065,25,1,9,26.65125
4066,25,1,10,26.55
4067,25,1,11,26.5725
4068,25,1,12,26.62875
4069,25,1,13,25.97625
4070,25,1,14,25.7175
4071,25,1,15,25.09875
4072,25,1,16,24.85125
4073,25,1,17,25.6725
4074,25,1,18,26.3925
4075,25,1,19,26.505
4076,25,1,20,26.3025
4077,25,1,21,25.2675
4078,25,1,22,24.0525
4079,25,1,23,20.79
4080,25,2,0,18.81
4081,25,2,1,16.245
4082,25,2,2,14.1075
4083,25,2,3,13.455
4084,25,2,4,14.553
4085,25,2,5,14.76
4086,25,2,6,16.92675
4087,25,2,7,19.04175
4088,25,2,8,21.9555
4089,25,2,9,24.1155
4090,25,2,10,25.27875
4091,25,2,11,25.92
4092,25,2,12,25.8525
4093,25,2,13,26.12025
4094,25,2,14,26.2935
4095,25,2,15,25.605
4096,25,2,16,24.13125
4097,25,2,17,25.1325
4098,25,2,18,25.36875
4099,25,2,19,25.6275
4100,25,2,20,25.1775
4101,25,2,21,23.985
4102,25,2,22,23.265
4103,25,2,23,20.5425
4104,25,3,0,18.3825
4105,25,3,1,16.4025
4106,25,3,2,15.4575
4107,25,3,3,15.03
4108,25,3,4,14.715
4109,25,3,5,14.7375
4110,25,3,6,17.26875
4111,25,3,7,21.56625
4112,25,3,8,23.4
4113,25,3,9,24.35625
4114,25,3,10,22.68
4115,25,3,11,23.50125
4116,25,3,12,24.705
4117,25,3,13,24.62625
4118,25,3,14,24.6375
4119,25,3,15,24.75
4120,25,3,16,24.55875
4121,25,3,17,24.98625
4122,25,3,18,25.63875
4123,25,3,19,25.8075
4124,25,3,20,25.5375
4125,25,3,21,24.975
4126,25,3,22,23.715
4127,25,3,23,20.745
4128,25,4,0,18.1575
4129,25,4,1,16.11
4130,25,4,2,15.21
4131,25,4,3,14.9625
4132,25,4,4,14.4675
4133,25,4,5,14.6025
4134,25,4,6,17.4375
4135,25,4,7,21.195
4136,25,4,8,22.87125
4137,25,4,9,23.77125
4138,25,4,10,24.13125
4139,25,4,11,24.2775
4140,25,4,12,25.4025
4141,25,4,13,25.515
4142,25,4,14,25.16625
4143,25,4,15,24.7275
4144,25,4,16,22.80375
4145,25,4,17,23.6025
4146,25,4,18,24.525
4147,25,4,19,24.7725
4148,25,4,20,24.2325
4149,25,4,21,23.805
4150,25,4,22,22.68
4151,25,4,23,20.16
4152,25,5,0,18.045
4153,25,5,1,16.0425
4154,25,5,2,15.21
4155,25,5,3,14.85
4156,25,5,4,14.715
4157,25,5,5,15.8175
4158,25,5,6,19.60875
4159,25,5,7,23.085
4160,25,5,8,25.88625
4161,25,5,9,26.94375
4162,25,5,10,27.405
4163,25,5,11,27.5175
4164,25,5,12,27.7875
4165,25,5,13,25.8525
4166,25,5,14,24.84
4167,25,5,15,24.9525
4168,25,5,16,23.0175
4169,25,5,17,22.725
4170,25,5,18,24.39
4171,25,5,19,24.93
4172,25,5,20,24.39
4173,25,5,21,23.49
4174,25,5,22,24.06375
4175,25,5,23,21.29625
4176,25,6,0,18.27
4177,25,6,1,16.81875
4178,25,6,2,15.67125
4179,25,6,3,15.5925
4180,25,6,4,13.725
4181,25,6,5,13.545
4182,25,6,6,14.13
4183,25,6,7,15.3
4184,25,6,8,18.6525
4185,25,6,9,21.33
4186,25,6,10,23.895
4187,25,6,11,25.29
4188,25,6,12,25.2675
4189,25,6,13,24.885
4190,25,6,14,24.5475
4191,25,6,15,24.615
4192,25,6,16,23.8725
4193,25,6,17,23.805
4194,25,6,18,25.335
4195,25,6,19,26.19
4196,25,6,20,25.605
4197,25,6,21,24.345
4198,25,6,22,23.7375
4199,25,6,23,19.395
4200,26,0,0,18.55125
4201,26,0,1,16.335
4202,26,0,2,15.345
4203,26,0,3,14.7825
4204,26,0,4,14.355
4205,26,0,5,14.3775
4206,26,0,6,14.7825
4207,26,0,7,16.1325
4208,26,0,8,17.4375
4209,26,0,9,19.62
4210,26,0,10,21.5325
4211,26,0,11,24.615
4212,26,0,12,24.9975
4213,26,0,13,25.425
4214,26,0,14,25.02
4215,26,0,15,24.6375
4216,26,0,16,23.805
4217,26,0,17,24.2325
4218,26,0,18,26.415
4219,26,0,19,26.56125
4220,26,0,20,25.99875
4221,26,0,21,24.58125
4222,26,0,22,23.535
4223,26,0,23,19.845
4224,26,1,0,17.82
4225,26,1,1,16.4475
4226,26,1,2,15.255
4227,26,1,3,14.715
4228,26,1,4,14.8725
4229,26,1,5,15.60375
4230,26,1,6,20.21625
4231,26,1,7,23.8275
4232,26,1,8,24.80625
4233,26,1,9,26.0325
4234,26,1,10,26.69625
4235,26,1,11,27.12375
4236,26,1,12,27.61875
4237,26,1,13,27.6975
4238,26,1,14,27.36
4239,26,1,15,27.18
4240,26,1,16,26.6175
4241,26,1,17,26.0775
4242,26,1,18,27.3375
4243,26,1,19,27.2925
4244,26,1,20,26.9325
4245,26,1,21,26.1225
4246,26,1,22,24.24375
4247,26,1,23,21.63375
4248,26,2,0,19.22625
4249,26,2,1,17.24625
4250,26,2,2,15.87375
4251,26,2,3,15.0075
4252,26,2,4,15.22125
4253,26,2,5,15.615
4254,26,2,6,20.7225
4255,26,2,7,24.03
4256,26,2,8,25.11
4257,26,2,9,26.37
4258,26,2,10,26.82
4259,26,2,11,27.315
4260,26,2,12,27.495
4261,26,2,13,27.21375
4262,26,2,14,26.3925
4263,26,2,15,26.1675
4264,26,2,16,25.335
4265,26,2,17,24.345
4266,26,2,18,25.425
4267,26,2,19,26.055
4268,26,2,20,25.68375
4269,26,2,21,24.93
4270,26,2,22,24.67125
4271,26,2,23,21.51
4272,26,3,0,18.8775
4273,26,3,1,17.0325
4274,26,3,2,15.7725
4275,26,3,3,15.1875
4276,26,3,4,15.0075
4277,26,3,5,15.435
4278,26,3,6,17.4375
4279,26,3,7,21.285
4280,26,3,8,23.7375
4281,26,3,9,25.4025
4282,26,3,10,26.85375
4283,26,3,11,27.01125
4284,26,3,12,27.045
4285,26,3,13,26.4825
4286,26,3,14,25.155
4287,26,3,15,24.8625
4288,26,3,16,25.02
4289,26,3,17,24.12
4290,26,3,18,25.5825
4291,26,3,19,25.605
4292,26,3,20,24.3225
4293,26,3,21,24.075
4294,26,3,22,23.6025
4295,26,3,23,21.4875
4296,26,4,0,18.495
4297,26,4,1,17.325
4298,26,4,2,16.34625
4299,26,4,3,15.66
4300,26,4,4,15.13125
4301,26,4,5,15.33375
4302,26,4,6,17.235
4303,26,4,7,20.75625
4304,26,4,8,24.17625
4305,26,4,9,25.18875
4306,26,4,10,26.28
4307,26,4,11,26.80875
4308,26,4,12,26.46
4309,26,4,13,25.9425
4310,26,4,14,25.00875
4311,26,4,15,24.615
4312,26,4,16,22.365
4313,26,4,17,24.2775
4314,26,4,18,25.70625
4315,26,4,19,25.38
4316,26,4,20,24.85125
4317,26,4,21,24.51375
4318,26,4,22,23.31
4319,26,4,23,20.95875
4320,26,5,0,19.0017
4321,26,5,1,17.24625
4322,26,5,2,15.3225
4323,26,5,3,14.74875
4324,26,5,4,14.29875
4325,26,5,5,15.0975
4326,26,5,6,19.215
4327,26,5,7,22.9725
4328,26,5,8,24.4125
4329,26,5,9,25.965
4330,26,5,10,26.325
4331,26,5,11,26.28
4332,26,5,12,26.28
4333,26,5,13,25.93125
4334,26,5,14,23.79375
4335,26,5,15,23.085
4336,26,5,16,22.815
4337,26,5,17,22.7925
4338,26,5,18,24.0975
4339,26,5,19,23.8275
4340,26,5,20,23.625
4341,26,5,21,23.4675
4342,26,5,22,23.355
4343,26,5,23,20.565
4344,26,6,0,17.9775
4345,26,6,1,16.14375
4346,26,6,2,15.0525
4347,26,6,3,14.715
4348,26,6,4,14.67
4349,26,6,5,15.1875
4350,26,6,6,15.40125
4351,26,6,7,16.74
4352,26,6,8,20.14875
4353,26,6,9,22.0725
4354,26,6,10,24.94125
4355,26,6,11,25.8525
4356,26,6,12,26.1675
4357,26,6,13,26.5725
4358,26,6,14,26.04375
4359,26,6,15,25.155
4360,26,6,16,23.77125
4361,26,6,17,23.265
4362,26,6,18,24.525
4363,26,6,19,24.96375
4364,26,6,20,24.3
4365,26,6,21,24.04125
4366,26,6,22,22.77
4367,26,6,23,21.4425
4368,27,0,0,18.675
4369,27,0,1,16.0875
4370,27,0,2,15.1425
4371,27,0,3,14.4
4372,27,0,4,14.02875
4373,27,0,5,14.4225
4374,27,0,6,16.32375
4375,27,0,7,19.485
4376,27,0,8,22.725
4377,27,0,9,25.1325
4378,27,0,10,26.0325
4379,27,0,11,25.965
4380,27,0,12,26.19
4381,27,0,13,26.94375
4382,27,0,14,26.2125
4383,27,0,15,26.145
4384,27,0,16,24.84
4385,27,0,17,25.47
4386,27,0,18,25.97625
4387,27,0,19,25.77375
4388,27,0,20,25.425
4389,27,0,21,24.84
4390,27,0,22,23.6475
4391,27,0,23,21.105
4392,27,1,0,18.0675
4393,27,1,1,16.1775
4394,27,1,2,15.615
4395,27,1,3,15.0975
4396,27,1,4,14.5575
4397,27,1,5,15.1425
4398,27,1,6,17.67375
4399,27,1,7,20.79
4400,27,1,8,23.895
4401,27,1,9,25.38
4402,27,1,10,26.235
4403,27,1,11,26.6625
4404,27,1,12,26.55
4405,27,1,13,26.55
4406,27,1,14,26.5275
4407,27,1,15,26.2575
4408,27,1,16,24.0075
4409,27,1,17,24.2325
4410,27,1,18,25.785
4411,27,1,19,25.6725
4412,27,1,20,25.1775
4413,27,1,21,24.5475
4414,27,1,22,23.67
4415,27,1,23,20.8575
4416,27,2,0,18.5625
4417,27,2,1,16.9425
4418,27,2,2,16.155
4419,27,2,3,15.4125
4420,27,2,4,15.48
4421,27,2,5,15.84
4422,27,2,6,18.5625
4423,27,2,7,22.23
4424,27,2,8,24.57
4425,27,2,9,25.74
4426,27,2,10,26.19
4427,27,2,11,26.9775
4428,27,2,12,27.0
4429,27,2,13,26.64
4430,27,2,14,26.235
4431,27,2,15,25.965
4432,27,2,16,24.345
4433,27,2,17,24.39
4434,27,2,18,25.2225
4435,27,2,19,24.9075
4436,27,2,20,24.12
4437,27,2,21,23.85
4438,27,2,22,23.3325
4439,27,2,23,21.7575
4440,27,3,0,19.6875
4441,27,3,1,16.6725
4442,27,3,2,15.165
4443,27,3,3,14.7375
4444,27,3,4,14.94
4445,27,3,5,14.9625
4446,27,3,6,16.785
4447,27,3,7,20.4525
4448,27,3,8,22.7475
4449,27,3,9,24.0525
4450,27,3,10,24.8175
4451,27,3,11,25.1775
4452,27,3,12,25.335
4453,27,3,13,24.9525
4454,27,3,14,24.35625
4455,27,3,15,24.4125
4456,27,3,16,22.86
4457,27,3,17,23.45625
4458,27,3,18,24.255
4459,27,3,19,23.985
4460,27,3,20,23.805
4461,27,3,21,23.49
4462,27,3,22,23.13
4463,27,3,23,20.6775
4464,27,4,0,19.08
4465,27,4,1,17.2125
4466,27,4,2,15.255
4467,27,4,3,14.67
4468,27,4,4,14.625
4469,27,4,5,15.2325
4470,27,4,6,16.9875
4471,27,4,7,20.2725
4472,27,4,8,23.445
4473,27,4,9,24.975
4474,27,4,10,25.4025
4475,27,4,11,26.0325
4476,27,4,12,26.01
4477,27,4,13,25.45875
4478,27,4,14,24.6825
4479,27,4,15,24.5025
4480,27,4,16,22.8825
4481,27,4,17,21.645
4482,27,4,18,23.74875
4483,27,4,19,23.99625
4484,27,4,20,23.59125
4485,27,4,21,22.95
4486,27,4,22,21.5325
4487,27,4,23,19.44
4488,27,5,0,17.595
4489,27,5,1,16.0875
4490,27,5,2,14.445
4491,27,5,3,13.95
4492,27,5,4,13.4775
4493,27,5,5,13.9725
4494,27,5,6,16.12125
4495,27,5,7,19.65375
4496,27,5,8,22.41
4497,27,5,9,23.70375
4498,27,5,10,24.89625
4499,27,5,11,25.02
4500,27,5,12,25.4475
4501,27,5,13,25.0875
4502,27,5,14,24.75
4503,27,5,15,24.5025
4504,27,5,16,22.59
4505,27,5,17,24.0525
4506,27,5,18,24.9525
4507,27,5,19,24.5925
4508,27,5,20,24.2325
4509,27,5,21,23.6025
4510,27,5,22,22.9275
4511,27,5,23,21.015
4512,27,6,0,18.45
4513,27,6,1,16.4925
4514,27,6,2,15.48
4515,27,6,3,14.265
4516,27,6,4,13.995
4517,27,6,5,13.9725
4518,27,6,6,14.535
4519,27,6,7,16.155
4520,27,6,8,17.91
4521,27,6,9,19.665
4522,27,6,10,21.15
4523,27,6,11,22.5675
4524,27,6,12,23.13
4525,27,6,13,23.0175
4526,27,6,14,22.905
4527,27,6,15,21.9375
4528,27,6,16,21.0825
4529,27,6,17,22.14
4530,27,6,18,23.355
4531,27,6,19,23.985
4532,27,6,20,24.5025
4533,27,6,21,23.895
4534,27,6,22,22.7925
4535,27,6,23,20.385
4536,28,0,0,18.6975
4537,28,0,1,16.605
4538,28,0,2,14.9175
4539,28,0,3,14.2875
4540,28,0,4,14.175
4541,28,0,5,14.265
4542,28,0,6,16.3125
4543,28,0,7,19.26
4544,28,0,8,22.4325
4545,28,0,9,24.2325
4546,28,0,10,25.29
4547,28,0,11,25.7625
4548,28,0,12,25.83
4549,28,0,13,24.91875
4550,28,0,14,24.35625
4551,28,0,15,23.86125
4552,28,0,16,22.5225
4553,28,0,17,23.67
4554,28,0,18,24.7725
4555,28,0,19,24.885
4556,28,0,20,24.5475
4557,28,0,21,24.0075
4558,28,0,22,23.6025
4559,28,0,23,21.06
4560,28,1,0,18.3375
4561,28,1,1,16.5375
4562,28,1,2,15.35625
4563,28,1,3,14.625
4564,28,1,4,14.76
4565,28,1,5,15.165
4566,28,1,6,17.7075
4567,28,1,7,20.79
4568,28,1,8,23.2425
4569,28,1,9,24.8625
4570,28,1,10,25.965
4571,28,1,11,26.6625
4572,28,1,12,26.5725
4573,28,1,13,26.1
4574,28,1,14,25.695
4575,28,1,15,24.4575
4576,28,1,16,22.86
4577,28,1,17,22.96125
4578,28,1,18,24.33375
4579,28,1,19,23.86125
4580,28,1,20,23.36625
4581,28,1,21,22.6575
4582,28,1,22,22.42125
4583,28,1,23,20.385
4584,28,2,0,17.7075
4585,28,2,1,16.3575
4586,28,2,2,15.35625
4587,28,2,3,14.83875
4588,28,2,4,14.7825
4589,28,2,5,15.21
4590,28,2,6,18.0
4591,28,2,7,21.0375
4592,28,2,8,23.6475
4593,28,2,9,25.0875
4594,28,2,10,25.57125
4595,28,2,11,26.78625
4596,28,2,12,27.03375
4597,28,2,13,26.6175
4598,28,2,14,26.04375
4599,28,2,15,25.29
4600,28,2,16,23.94
4601,28,2,17,23.8275
4602,28,2,18,24.71625
4603,28,2,19,24.75
4604,28,2,20,23.79375
4605,28,2,21,23.25375
4606,28,2,22,22.98375
4607,28,2,23,20.91375
4608,28,3,0,18.495
4609,28,3,1,16.74
4610,28,3,2,15.42375
4611,28,3,3,15.075
4612,28,3,4,14.99625
4613,28,3,5,15.0075
4614,28,3,6,15.53625
4615,28,3,7,17.595
4616,28,3,8,19.17
4617,28,3,9,21.67875
4618,28,3,10,22.6575
4619,28,3,11,22.96125
4620,28,3,12,23.6475
4621,28,3,13,23.50125
4622,28,3,14,23.29875
4623,28,3,15,22.46625
4624,28,3,16,21.87
4625,28,3,17,22.8825
4626,28,3,18,23.63625
4627,28,3,19,23.49
4628,28,3,20,23.36625
4629,28,3,21,22.77
4630,28,3,22,21.285
4631,28,3,23,19.26
4632,28,4,0,17.5275
4633,28,4,1,15.75
4634,28,4,2,14.54625
4635,28,4,3,13.89375
4636,28,4,4,13.8465
4637,28,4,5,14.2605
4638,28,4,6,16.695
4639,28,4,7,20.12625
4640,28,4,8,22.39875
4641,28,4,9,24.0525
4642,28,4,10,24.12
4643,28,4,11,25.6275
4644,28,4,12,26.6175
4645,28,4,13,26.3475
4646,28,4,14,25.7175
4647,28,4,15,25.39125
4648,28,4,16,23.0175
4649,28,4,17,22.95
4650,28,4,18,24.4575
4651,28,4,19,23.9175
4652,28,4,20,23.355
4653,28,4,21,22.5675
4654,28,4,22,21.45375
4655,28,4,23,19.87875
4656,28,5,0,17.4825
4657,28,5,1,15.795
4658,28,5,2,15.075
4659,28,5,3,14.58
4660,28,5,4,14.355
4661,28,5,5,14.16375
4662,28,5,6,16.34625
4663,28,5,7,19.31625
4664,28,5,8,22.095
4665,28,5,9,23.3325
4666,28,5,10,24.71625
4667,28,5,11,22.725
4668,28,5,12,22.75875
4669,28,5,13,22.545
4670,28,5,14,22.23
4671,28,5,15,21.83625
4672,28,5,16,21.67875
4673,28,5,17,23.22
4674,28,5,18,24.39
4675,28,5,19,24.15375
4676,28,5,20,23.6025
4677,28,5,21,22.26375
4678,28,5,22,21.195
4679,28,5,23,19.6875
4680,28,6,0,17.67375
4681,28,6,1,15.615
4682,28,6,2,14.7825
4683,28,6,3,14.3325
4684,28,6,4,14.13
4685,28,6,5,14.00625
4686,28,6,6,14.8725
4687,28,6,7,15.8625
4688,28,6,8,17.19
4689,28,6,9,18.81
4690,28,6,10,20.25
4691,28,6,11,21.6225
4692,28,6,12,22.60125
4693,28,6,13,22.6125
4694,28,6,14,22.23
4695,28,6,15,22.17375
4696,28,6,16,21.74625
4697,28,6,17,22.095
4698,28,6,18,24.0075
4699,28,6,19,23.99625
4700,28,6,20,23.715
4701,28,6,21,23.4
4702,28,6,22,21.8925
4703,28,6,23,20.37375
4704,29,0,0,18.405
4705,29,0,1,16.2675
4706,29,0,2,14.76
4707,29,0,3,14.4
4708,29,0,4,13.995
4709,29,0,5,14.47875
4710,29,0,6,17.44875
4711,29,0,7,20.57625
4712,29,0,8,23.16375
4713,29,0,9,25.4475
4714,29,0,10,26.3925
4715,29,0,11,27.23625
4716,29,0,12,27.9225
4717,29,0,13,26.92125
4718,29,0,14,26.37
4719,29,0,15,25.84125
4720,29,0,16,24.525
4721,29,0,17,25.11
4722,29,0,18,25.54875
4723,29,0,19,24.9975
4724,29,0,20,24.28875
4725,29,0,21,23.3775
4726,29,0,22,22.275
4727,29,0,23,20.19375
4728,29,1,0,17.64
4729,29,1,1,16.155
4730,29,1,2,14.70375
4731,29,1,3,14.31
4732,29,1,4,14.13
4733,29,1,5,15.03
4734,29,1,6,17.94375
4735,29,1,7,21.34125
4736,29,1,8,24.1425
4737,29,1,9,26.06625
4738,29,1,10,27.405
4739,29,1,11,26.76375
4740,29,1,12,27.135
4741,29,1,13,27.59625
4742,29,1,14,26.26875
4743,29,1,15,26.4825
4744,29,1,16,23.2875
4745,29,1,17,23.77125
4746,29,1,18,24.48
4747,29,1,19,24.91875
4748,29,1,20,24.76125
4749,29,1,21,24.04125
4750,29,1,22,24.345
4751,29,1,23,22.1625
4752,29,2,0,19.96875
4753,29,2,1,17.67375
4754,29,2,2,16.335
4755,29,2,3,15.76125
4756,29,2,4,15.57
4757,29,2,5,16.02
4758,29,2,6,18.225
4759,29,2,7,21.0825
4760,29,2,8,23.895
4761,29,2,9,26.2125
4762,29,2,10,27.1575
4763,29,2,11,27.5175
4764,29,2,12,27.405
4765,29,2,13,26.9775
4766,29,2,14,25.81875
4767,29,2,15,25.2225
4768,29,2,16,22.3425
4769,29,2,17,22.10625
4770,29,2,18,23.72625
4771,29,2,19,24.6375
4772,29,2,20,24.44625
4773,29,2,21,24.19875
4774,29,2,22,23.8275
4775,29,2,23,21.4875
4776,29,3,0,19.5975
4777,29,3,1,17.505
4778,29,3,2,16.3575
4779,29,3,3,15.60375
4780,29,3,4,15.4575
4781,29,3,5,15.67125
4782,29,3,6,17.325
4783,29,3,7,19.58625
4784,29,3,8,22.4325
4785,29,3,9,24.03
4786,29,3,10,25.47
4787,29,3,11,27.16875
4788,29,3,12,27.43875
4789,29,3,13,26.955
4790,29,3,14,25.77375
4791,29,3,15,25.3125
4792,29,3,16,25.14375
4793,29,3,17,23.175
4794,29,3,18,25.38
4795,29,3,19,25.90875
4796,29,3,20,25.57125
4797,29,3,21,24.795
4798,29,3,22,23.47875
4799,29,3,23,21.74625
4800,29,4,0,19.02375
4801,29,4,1,17.13375
4802,29,4,2,16.30125
4803,29,4,3,15.55875
4804,29,4,4,15.1425
4805,29,4,5,15.26625
4806,29,4,6,16.95375
4807,29,4,7,19.78875
4808,29,4,8,21.8025
4809,29,4,9,24.48
4810,29,4,10,25.50375
4811,29,4,11,25.5825
4812,29,4,12,25.66125
4813,29,4,13,25.27875
4814,29,4,14,25.18875
4815,29,4,15,24.8625
4816,29,4,16,24.49125
4817,29,4,17,24.58125
4818,29,4,18,25.2675
4819,29,4,19,25.38
4820,29,4,20,24.94125
4821,29,4,21,24.2325
4822,29,4,22,23.4
4823,29,4,23,21.465
4824,29,5,0,19.08
4825,29,5,1,17.2125
4826,29,5,2,15.58125
4827,29,5,3,14.8275
4828,29,5,4,14.6475
4829,29,5,5,14.47875
4830,29,5,6,16.5375
4831,29,5,7,18.675
4832,29,5,8,20.3625
4833,29,5,9,22.185
4834,29,5,10,23.13
4835,29,5,11,23.535
4836,29,5,12,24.1425
4837,29,5,13,23.7375
4838,29,5,14,23.1975
4839,29,5,15,23.1075
4840,29,5,16,22.6575
4841,29,5,17,23.0625
4842,29,5,18,24.46875
4843,29,5,19,25.09875
4844,29,5,20,24.82875
4845,29,5,21,24.40125
4846,29,5,22,23.31
4847,29,5,23,21.0375
4848,29,6,0,18.57375
4849,29,6,1,16.7175
4850,29,6,2,15.1425
4851,29,6,3,14.34375
4852,29,6,4,13.995
4853,29,6,5,13.98375
4854,29,6,6,16.1325
4855,29,6,7,17.82
4856,29,6,8,19.485
4857,29,6,9,21.3075
4858,29,6,10,23.265
4859,29,6,11,24.67125
4860,29,6,12,24.6375
4861,29,6,13,23.8725
4862,29,6,14,22.905
4863,29,6,15,22.21875
4864,29,6,16,20.79
4865,29,6,17,22.12875
4866,29,6,18,23.63625
4867,29,6,19,24.76125
4868,29,6,20,24.5025
4869,29,6,21,23.74875
4870,29,6,22,23.22
4871,29,6,23,20.53125
4872,30,0,0,17.98875
4873,30,0,1,16.41375
4874,30,0,2,15.01875
4875,30,0,3,14.6475
4876,30,0,4,14.31
4877,30,0,5,14.13
4878,30,0,6,16.54875
4879,30,0,7,19.42875
4880,30,0,8,21.3075
4881,30,0,9,22.635
4882,30,0,10,23.4675
4883,30,0,11,23.77125
4884,30,0,12,24.01875
4885,30,0,13,23.90625
4886,30,0,14,23.4675
4887,30,0,15,23.5575
4888,30,0,16,22.905
4889,30,0,17,22.9725
4890,30,0,18,24.795
4891,30,0,19,25.965
4892,30,0,20,25.875
4893,30,0,21,25.0875
4894,30,0,22,23.36625
4895,30,0,23,20.08125
4896,30,1,0,17.775
4897,30,1,1,15.7725
4898,30,1,2,15.1425
4899,30,1,3,14.70375
4900,30,1,4,14.47875
4901,30,1,5,15.7725
4902,30,1,6,18.86625
4903,30,1,7,22.1175
4904,30,1,8,23.50125
4905,30,1,9,25.09875
4906,30,1,10,26.46
4907,30,1,11,26.94375
4908,30,1,12,27.28125
4909,30,1,13,27.21375
4910,30,1,14,26.955
4911,30,1,15,26.67375
4912,30,1,16,25.875
4913,30,1,17,24.66
4914,30,1,18,25.7625
4915,30,1,19,25.9875
4916,30,1,20,25.54875
4917,30,1,21,24.39
4918,30,1,22,23.41125
4919,30,1,23,20.925
4920,30,2,0,18.18
4921,30,2,1,17.2575
4922,30,2,2,15.85125
4923,30,2,3,15.48
4924,30,2,4,15.0975
4925,30,2,5,15.3225
4926,30,2,6,18.55125
4927,30,2,7,22.455
4928,30,2,8,24.08625
4929,30,2,9,25.99875
4930,30,2,10,26.85375
4931,30,2,11,26.91
4932,30,2,12,26.89875
4933,30,2,13,25.8975
4934,30,2,14,25.59375
4935,30,2,15,25.2
4936,30,2,16,24.0975
4937,30,2,17,23.3775
4938,30,2,18,25.0875
4939,30,2,19,25.6725
4940,30,2,20,25.2225
4941,30,2,21,24.40125
4942,30,2,22,24.0525
4943,30,2,23,21.06
4944,30,3,0,19.18125
4945,30,3,1,16.77375
4946,30,3,2,15.24375
4947,30,3,3,14.83875
4948,30,3,4,14.6925
4949,30,3,5,15.075
4950,30,3,6,18.9225
4951,30,3,7,23.11875
4952,30,3,8,24.615
4953,30,3,9,25.61625
4954,30,3,10,26.7525
4955,30,3,11,26.7975
4956,30,3,12,26.5275
4957,30,3,13,26.22375
4958,30,3,14,25.8075
4959,30,3,15,25.39125
4960,30,3,16,24.2325
4961,30,3,17,23.085
4962,30,3,18,24.39
4963,30,3,19,25.065
4964,30,3,20,24.75
4965,30,3,21,24.2325
4966,30,3,22,23.2425
4967,30,3,23,20.1825
4968,30,4,0,18.4275
4969,30,4,1,16.6275
4970,30,4,2,15.1425
4971,30,4,3,14.805
4972,30,4,4,14.445
4973,30,4,5,14.97375
4974,30,4,6,17.775
4975,30,4,7,22.23
4976,30,4,8,22.6125
4977,30,4,9,21.5325
4978,30,4,10,23.31
4979,30,4,11,26.28
4980,30,4,12,26.9325
4981,30,4,13,26.64
4982,30,4,14,26.22375
4983,30,4,15,25.79625
4984,30,4,16,23.31
4985,30,4,17,22.62375
4986,30,4,18,24.2325
4987,30,4,19,24.9525
4988,30,4,20,24.9075
4989,30,4,21,23.715
4990,30,4,22,23.0175
4991,30,4,23,20.385
4992,30,5,0,17.64
4993,30,5,1,15.165
4994,30,5,2,14.7375
4995,30,5,3,14.265
4996,30,5,4,14.265
4997,30,5,5,14.88375
4998,30,5,6,19.9125
4999,30,5,7,23.45625
5000,30,5,8,24.69375
5001,30,5,9,25.56
5002,30,5,10,25.7625
5003,30,5,11,26.28
5004,30,5,12,26.0775
5005,30,5,13,25.155
5006,30,5,14,24.525
5007,30,5,15,23.985
5008,30,5,16,22.7475
5009,30,5,17,23.25375
5010,30,5,18,24.705
5011,30,5,19,23.4675
5012,30,5,20,23.175
5013,30,5,21,22.78125
5014,30,5,22,22.0725
5015,30,5,23,19.6875
5016,30,6,0,17.505
5017,30,6,1,16.05375
5018,30,6,2,14.85
5019,30,6,3,14.0175
5020,30,6,4,13.9275
5021,30,6,5,13.7925
5022,30,6,6,14.5125
5023,30,6,7,16.65
5024,30,6,8,18.7875
5025,30,6,9,20.475
5026,30,6,10,22.5675
5027,30,6,11,23.8725
5028,30,6,12,24.3225
5029,30,6,13,24.1875
5030,30,6,14,23.8725
5031,30,6,15,23.2425
5032,30,6,16,22.1625
5033,30,6,17,22.46625
5034,30,6,18,24.5925
5035,30,6,19,24.5475
5036,30,6,20,24.4125
5037,30,6,21,23.94
5038,30,6,22,23.265
5039,30,6,23,20.2725
5040,31,0,0,17.415
5041,31,0,1,15.89625
5042,31,0,2,14.625
5043,31,0,3,13.89375
5044,31,0,4,13.995
5045,31,0,5,14.61375
5046,31,0,6,18.52875
5047,31,0,7,22.86
5048,31,0,8,23.67
5049,31,0,9,23.88375
5050,31,0,10,24.71625
5051,31,0,11,25.25625
5052,31,0,12,25.07625
5053,31,0,13,24.76125
5054,31,0,14,24.60375
5055,31,0,15,24.51375
5056,31,0,16,23.04
5057,31,0,17,23.445
5058,31,0,18,24.62625
5059,31,0,19,25.02
5060,31,0,20,25.45875
5061,31,0,21,24.615
5062,31,0,22,22.46625
5063,31,0,23,19.62
5064,31,1,0,16.8525
5065,31,1,1,15.1875
5066,31,1,2,14.13
5067,31,1,3,13.7025
5068,31,1,4,13.59
5069,31,1,5,14.6925
5070,31,1,6,19.63125
5071,31,1,7,22.5
5072,31,1,8,23.22
5073,31,1,9,24.3225
5074,31,1,10,24.075
5075,31,1,11,24.345
5076,31,1,12,25.9875
5077,31,1,13,26.4825
5078,31,1,14,26.595
5079,31,1,15,26.29125
5080,31,1,16,24.13125
5081,31,1,17,23.535
5082,31,1,18,24.6825
5083,31,1,19,25.1775
5084,31,1,20,25.1325
5085,31,1,21,24.435
5086,31,1,22,22.32
5087,31,1,23,20.43
5088,31,2,0,16.75125
5089,31,2,1,15.8175
5090,31,2,2,14.85
5091,31,2,3,14.355
5092,31,2,4,14.265
5093,31,2,5,15.28875
5094,31,2,6,19.90125
5095,31,2,7,23.52375
5096,31,2,8,24.26625
5097,31,2,9,25.9875
5098,31,2,10,26.5275
5099,31,2,11,26.7075
5100,31,2,12,26.775
5101,31,2,13,26.505
5102,31,2,14,26.505
5103,31,2,15,24.94125
5104,31,2,16,23.49
5105,31,2,17,22.14
5106,31,2,18,23.5125
5107,31,2,19,24.48
5108,31,2,20,24.3
5109,31,2,21,23.3775
5110,31,2,22,23.1525
5111,31,2,23,20.2275
5112,31,3,0,17.5275
5113,31,3,1,15.84
5114,31,3,2,14.7825
5115,31,3,3,14.445
5116,31,3,4,14.445
5117,31,3,5,15.525
5118,31,3,6,18.135
5119,31,3,7,22.635
5120,31,3,8,23.34375
5121,31,3,9,25.05375
5122,31,3,10,25.45875
5123,31,3,11,25.4925
5124,31,3,12,25.29
5125,31,3,13,24.6825
5126,31,3,14,24.39
5127,31,3,15,23.31
5128,31,3,16,20.835
5129,31,3,17,21.375
5130,31,3,18,23.0175
5131,31,3,19,23.805
5132,31,3,20,23.535
5133,31,3,21,22.9275
5134,31,3,22,22.455
5135,31,3,23,19.485
5136,31,4,0,17.3475
5137,31,4,1,15.48
5138,31,4,2,14.8275
5139,31,4,3,14.5575
5140,31,4,4,14.5575
5141,31,4,5,15.03
5142,31,4,6,18.1125
5143,31,4,7,22.48875
5144,31,4,8,23.32125
5145,31,4,9,24.39
5146,31,4,10,24.78375
5147,31,4,11,24.94125
5148,31,4,12,24.7725
5149,31,4,13,24.615
5150,31,4,14,24.19875
5151,31,4,15,23.22
5152,31,4,16,22.1175
5153,31,4,17,23.31
5154,31,4,18,24.91875
5155,31,4,19,24.3
5156,31,4,20,24.19875
5157,31,4,21,23.6025
5158,31,4,22,22.6125
5159,31,4,23,20.59875
5160,31,5,0,18.32625
5161,31,5,1,16.245
5162,31,5,2,14.9625
5163,31,5,3,14.29875
5164,31,5,4,13.86
5165,31,5,5,14.85
5166,31,5,6,19.94625
5167,31,5,7,23.25375
5168,31,5,8,24.71625
5169,31,5,9,25.41375
5170,31,5,10,25.90875
5171,31,5,11,26.505
5172,31,5,12,26.685
5173,31,5,13,26.2575
5174,31,5,14,25.84125
5175,31,5,15,24.1875
5176,31,5,16,21.465
5177,31,5,17,20.52
5178,31,5,18,23.31
5179,31,5,19,23.79375
5180,31,5,20,23.56875
5181,31,5,21,23.11875
5182,31,5,22,22.60125
5183,31,5,23,20.115
5184,31,6,0,18.0225
5185,31,6,1,15.9975
5186,31,6,2,14.65875
5187,31,6,3,14.175
5188,31,6,4,14.0625
5189,31,6,5,14.355
5190,31,6,6,14.4675
5191,31,6,7,17.1675
5192,31,6,8,19.215
5193,31,6,9,21.2625
5194,31,6,10,23.1525
5195,31,6,11,24.6375
5196,31,6,12,24.93
5197,31,6,13,24.82875
5198,31,6,14,23.68125
5199,31,6,15,22.59
5200,31,6,16,21.51
5201,31,6,17,20.1825
5202,31,6,18,23.88375
5203,31,6,19,24.71625
5204,31,6,20,24.33375
5205,31,6,21,23.81625
5206,31,6,22,22.365
5207,31,6,23,19.51875
5208,32,0,0,16.9875
5209,32,0,1,15.31125
5210,32,0,2,14.535
5211,32,0,3,13.5225
5212,32,0,4,13.46625
5213,32,0,5,13.995
5214,32,0,6,17.865
5215,32,0,7,22.77
5216,32,0,8,23.9175
5217,32,0,9,25.38
5218,32,0,10,25.47
5219,32,0,11,25.5825
5220,32,0,12,25.3125
5221,32,0,13,24.525
5222,32,0,14,23.81625
5223,32,0,15,22.39875
5224,32,0,16,21.195
5225,32,0,17,21.3075
5226,32,0,18,23.5575
5227,32,0,19,24.885
5228,32,0,20,25.0875
5229,32,0,21,24.255
5230,32,0,22,22.2525
5231,32,0,23,20.01375
5232,32,1,0,17.24625
5233,32,1,1,15.69375
5234,32,1,2,15.21
5235,32,1,3,14.41125
5236,32,1,4,14.355
5237,32,1,5,14.625
5238,32,1,6,18.73125
5239,32,1,7,22.86
5240,32,1,8,23.9625
5241,32,1,9,23.9175
5242,32,1,10,24.8625
5243,32,1,11,23.90625
5244,32,1,12,24.15375
5245,32,1,13,24.51375
5246,32,1,14,24.7725
5247,32,1,15,25.2225
5248,32,1,16,23.6925
5249,32,1,17,23.04
5250,32,1,18,24.53625
5251,32,1,19,24.62625
5252,32,1,20,24.1875
5253,32,1,21,23.50125
5254,32,1,22,22.32
5255,32,1,23,19.36125
5256,32,2,0,16.4475
5257,32,2,1,15.33375
5258,32,2,2,14.22
5259,32,2,3,13.7475
5260,32,2,4,13.5225
5261,32,2,5,14.1525
5262,32,2,6,18.5625
5263,32,2,7,22.5
5264,32,2,8,22.905
5265,32,2,9,23.715
5266,32,2,10,24.345
5267,32,2,11,24.6825
5268,32,2,12,25.0875
5269,32,2,13,23.625
5270,32,2,14,24.04125
5271,32,2,15,22.635
5272,32,2,16,21.24
5273,32,2,17,21.69
5274,32,2,18,23.31
5275,32,2,19,23.445
5276,32,2,20,23.49
5277,32,2,21,22.86
5278,32,2,22,22.275
5279,32,2,23,19.53
5280,32,3,0,16.74
5281,32,3,1,15.165
5282,32,3,2,14.31
5283,32,3,3,13.8375
5284,32,3,4,13.7925
5285,32,3,5,14.9625
5286,32,3,6,18.0225
5287,32,3,7,21.9825
5288,32,3,8,23.31
5289,32,3,9,24.6825
5290,32,3,10,24.9975
5291,32,3,11,25.29
5292,32,3,12,25.5375
5293,32,3,13,25.1325
5294,32,3,14,24.2775
5295,32,3,15,23.0625
5296,32,3,16,21.0825
5297,32,3,17,21.40875
5298,32,3,18,22.69125
5299,32,3,19,23.2875
5300,32,3,20,23.4
5301,32,3,21,22.995
5302,32,3,22,23.3997075
5303,32,3,23,20.223495
5304,32,4,0,17.73
5305,32,4,1,15.795
5306,32,4,2,14.625
5307,32,4,3,13.815
5308,32,4,4,13.68
5309,32,4,5,14.4675
5310,32,4,6,17.98875
5311,32,4,7,22.37625
5312,32,4,8,22.93875
5313,32,4,9,23.6475
5314,32,4,10,24.3675
5315,32,4,11,24.57
5316,32,4,12,24.2775
5317,32,4,13,23.70375
5318,32,4,14,23.02875
5319,32,4,15,22.3425
5320,32,4,16,20.5425
5321,32,4,17,21.8025
5322,32,4,18,24.075
5323,32,4,19,24.46875
5324,32,4,20,24.21
5325,32,4,21,23.32125
5326,32,4,22,20.475
5327,32,4,23,18.9675
5328,32,5,0,17.55
5329,32,5,1,15.5475
5330,32,5,2,14.0625
5331,32,5,3,13.9725
5332,32,5,4,13.75875
5333,32,5,5,13.9725
5334,32,5,6,14.7825
5335,32,5,7,15.5925
5336,32,5,8,17.1225
5337,32,5,9,20.3175
5338,32,5,10,22.15125
5339,32,5,11,23.175
5340,32,5,12,23.355
5341,32,5,13,22.89375
5342,32,5,14,22.80375
5343,32,5,15,22.7025
5344,32,5,16,22.1175
5345,32,5,17,21.69
5346,32,5,18,23.0175
5347,32,5,19,23.445
5348,32,5,20,22.8375
5349,32,5,21,22.1175
5350,32,5,22,20.6775
5351,32,5,23,18.3825
5352,32,6,0,14.97375
5353,32,6,1,13.9275
5354,32,6,2,13.98375
5355,32,6,3,13.3875
5356,32,6,4,12.99375
5357,32,6,5,12.72375
5358,32,6,6,13.6125
5359,32,6,7,13.9725
5360,32,6,8,16.7175
5361,32,6,9,18.2925
5362,32,6,10,19.62
5363,32,6,11,20.8125
5364,32,6,12,22.455
5365,32,6,13,23.45625
5366,32,6,14,23.13
5367,32,6,15,22.87125
5368,32,6,16,21.56625
5369,32,6,17,21.7575
5370,32,6,18,23.5575
5371,32,6,19,23.985
5372,32,6,20,23.31
5373,32,6,21,22.4775
5374,32,6,22,21.5325
5375,32,6,23,18.16875
5376,33,0,0,16.59375
5377,33,0,1,14.67
5378,33,0,2,14.22
5379,33,0,3,13.5675
5380,33,0,4,13.2075
5381,33,0,5,13.545
5382,33,0,6,15.8175
5383,33,0,7,18.18
5384,33,0,8,20.0025
5385,33,0,9,23.1525
5386,33,0,10,23.34375
5387,33,0,11,23.3775
5388,33,0,12,22.96125
5389,33,0,13,22.3875
5390,33,0,14,21.31875
5391,33,0,15,21.9825
5392,33,0,16,20.23875
5393,33,0,17,20.52
5394,33,0,18,22.7925
5395,33,0,19,23.22
5396,33,0,20,23.175
5397,33,0,21,22.30875
5398,33,0,22,20.79
5399,33,0,23,19.4625
5400,33,1,0,16.5375
5401,33,1,1,14.535
5402,33,1,2,13.905
5403,33,1,3,13.095
5404,33,1,4,13.1175
5405,33,1,5,13.39875
5406,33,1,6,14.61375
5407,33,1,7,15.12
5408,33,1,8,16.75125
5409,33,1,9,18.63
5410,33,1,10,19.83375
5411,33,1,11,21.3975
5412,33,1,12,22.7025
5413,33,1,13,23.805
5414,33,1,14,21.49875
5415,33,1,15,20.34
5416,33,1,16,19.0125
5417,33,1,17,18.1575
5418,33,1,18,19.35
5419,33,1,19,20.9025
5420,33,1,20,21.2625
5421,33,1,21,20.835
5422,33,1,22,20.2275
5423,33,1,23,17.83125
5424,33,2,0,16.065
5425,33,2,1,14.3325
5426,33,2,2,13.5225
5427,33,2,3,13.0725
5428,33,2,4,12.825
5429,33,2,5,13.68
5430,33,2,6,19.2825
5431,33,2,7,22.7025
5432,33,2,8,24.19875
5433,33,2,9,24.39
5434,33,2,10,24.8175
5435,33,2,11,25.2675
5436,33,2,12,25.29
5437,33,2,13,25.0425
5438,33,2,14,24.17625
5439,33,2,15,23.99625
5440,33,2,16,21.79125
5441,33,2,17,21.24
5442,33,2,18,23.22
5443,33,2,19,23.0175
5444,33,2,20,22.9725
5445,33,2,21,22.2525
5446,33,2,22,21.4875
5447,33,2,23,18.855
5448,33,3,0,16.83
5449,33,3,1,15.03
5450,33,3,2,13.995
5451,33,3,3,13.815
5452,33,3,4,13.725
5453,33,3,5,14.895
5454,33,3,6,18.63
5455,33,3,7,22.68
5456,33,3,8,25.0425
5457,33,3,9,25.875
5458,33,3,10,26.8425
5459,33,3,11,27.0675
5460,33,3,12,26.8875
5461,33,3,13,26.0775
5462,33,3,14,25.02
5463,33,3,15,24.9975
5464,33,3,16,23.1075
5465,33,3,17,21.375
5466,33,3,18,22.455
5467,33,3,19,24.0975
5468,33,3,20,24.0975
5469,33,3,21,23.5125
5470,33,3,22,22.4325
5471,33,3,23,19.6425
5472,33,4,0,17.3025
5473,33,4,1,15.9975
5474,33,4,2,14.31
5475,33,4,3,13.905
5476,33,4,4,13.9275
5477,33,4,5,15.0075
5478,33,4,6,19.26
5479,33,4,7,23.4
5480,33,4,8,24.5025
5481,33,4,9,25.3125
5482,33,4,10,25.4475
5483,33,4,11,25.47
5484,33,4,12,25.2225
5485,33,4,13,23.85
5486,33,4,14,23.13
5487,33,4,15,23.265
5488,33,4,16,21.3075
5489,33,4,17,20.52
5490,33,4,18,23.79375
5491,33,4,19,24.87375
5492,33,4,20,24.6825
5493,33,4,21,24.06375
5494,33,4,22,22.005
5495,33,4,23,19.0125
5496,33,5,0,17.64
5497,33,5,1,15.1875
5498,33,5,2,14.3775
5499,33,5,3,13.995
5500,33,5,4,13.7025
5501,33,5,5,14.5575
5502,33,5,6,19.44
5503,33,5,7,22.96125
5504,33,5,8,24.26625
5505,33,5,9,24.975
5506,33,5,10,25.1325
5507,33,5,11,24.91875
5508,33,5,12,24.12
5509,33,5,13,23.625
5510,33,5,14,22.7025
5511,33,5,15,21.915
5512,33,5,16,21.195
5513,33,5,17,20.35125
5514,33,5,18,22.9275
5515,33,5,19,23.6475
5516,33,5,20,23.67
5517,33,5,21,22.9725
5518,33,5,22,21.78
5519,33,5,23,19.5075
5520,33,6,0,17.685
5521,33,6,1,15.4575
5522,33,6,2,14.265
5523,33,6,3,13.8375
5524,33,6,4,13.5225
5525,33,6,5,13.815
5526,33,6,6,14.67
5527,33,6,7,16.5825
5528,33,6,8,18.4725
5529,33,6,9,21.1725
5530,33,6,10,23.0625
5531,33,6,11,23.1075
5532,33,6,12,23.94
5533,33,6,13,23.7825
5534,33,6,14,22.995
5535,33,6,15,21.6
5536,33,6,16,21.5775
5537,33,6,17,21.49875
5538,33,6,18,23.56875
5539,33,6,19,23.85
5540,33,6,20,23.61375
5541,33,6,21,22.4775
5542,33,6,22,21.47625
5543,33,6,23,18.675
5544,34,0,0,16.515
5545,34,0,1,15.0075
5546,34,0,2,13.9725
5547,34,0,3,13.5675
5548,34,0,4,13.7475
5549,34,0,5,13.89375
5550,34,0,6,17.38125
5551,34,0,7,21.78
5552,34,0,8,22.7925
5553,34,0,9,24.4125
5554,34,0,10,24.8625
5555,34,0,11,24.9525
5556,34,0,12,24.93
5557,34,0,13,24.75
5558,34,0,14,24.075
5559,34,0,15,23.985
5560,34,0,16,22.33125
5561,34,0,17,22.095
5562,34,0,18,24.01875
5563,34,0,19,24.2775
5564,34,0,20,23.95125
5565,34,0,21,23.05125
5566,34,0,22,21.79125
5567,34,0,23,18.9
5568,34,1,0,16.695
5569,34,1,1,15.26625
5570,34,1,2,14.68125
5571,34,1,3,14.445
5572,34,1,4,14.31
5573,34,1,5,14.6925
5574,34,1,6,19.1925
5575,34,1,7,22.1175
5576,34,1,8,23.6475
5577,34,1,9,24.53625
5578,34,1,10,25.0875
5579,34,1,11,24.9075
5580,34,1,12,25.02
5581,34,1,13,24.5025
5582,34,1,14,23.85
5583,34,1,15,22.8375
5584,34,1,16,22.7025
5585,34,1,17,22.1175
5586,34,1,18,23.61375
5587,34,1,19,23.9625
5588,34,1,20,23.72625
5589,34,1,21,22.725
5590,34,1,22,21.47625
5591,34,1,23,18.9675
5592,34,2,0,17.1
5593,34,2,1,15.525
5594,34,2,2,14.1975
5595,34,2,3,13.9725
5596,34,2,4,13.7475
5597,34,2,5,14.715
5598,34,2,6,19.35
5599,34,2,7,22.80375
5600,34,2,8,23.86125
5601,34,2,9,24.2775
5602,34,2,10,24.9075
5603,34,2,11,25.065
5604,34,2,12,24.975
5605,34,2,13,24.6375
5606,34,2,14,24.03
5607,34,2,15,23.7375
5608,34,2,16,21.1275
5609,34,2,17,19.8
5610,34,2,18,22.095
5611,34,2,19,22.6125
5612,34,2,20,22.21875
5613,34,2,21,21.90375
5614,34,2,22,21.20625
5615,34,2,23,19.20375
5616,34,3,0,16.6725
5617,34,3,1,14.83875
5618,34,3,2,14.07375
5619,34,3,3,13.6125
5620,34,3,4,13.4775
5621,34,3,5,14.805
5622,34,3,6,18.88875
5623,34,3,7,22.2525
5624,34,3,8,23.085
5625,34,3,9,23.2875
5626,34,3,10,23.4225
5627,34,3,11,24.615
5628,34,3,12,25.57125
5629,34,3,13,23.4
5630,34,3,14,22.1175
5631,34,3,15,21.20625
5632,34,3,16,19.665
5633,34,3,17,19.845
5634,34,3,18,22.3875
5635,34,3,19,22.5675
5636,34,3,20,22.21875
5637,34,3,21,21.69
5638,34,3,22,20.9925
5639,34,3,23,18.405
5640,34,4,0,16.6725
5641,34,4,1,15.12
5642,34,4,2,14.2425
5643,34,4,3,13.95
5644,34,4,4,13.95
5645,34,4,5,14.715
5646,34,4,6,18.855
5647,34,4,7,22.84875
5648,34,4,8,23.41125
5649,34,4,9,24.435
5650,34,4,10,24.5925
5651,34,4,11,24.705
5652,34,4,12,24.7725
5653,34,4,13,23.34375
5654,34,4,14,21.15
5655,34,4,15,20.93625
5656,34,4,16,20.025
5657,34,4,17,21.1725
5658,34,4,18,23.2425
5659,34,4,19,24.1875
5660,34,4,20,24.2325
5661,34,4,21,23.0175
5662,34,4,22,20.9475
5663,34,4,23,18.6975
5664,34,5,0,16.6275
5665,34,5,1,14.67
5666,34,5,2,14.1525
5667,34,5,3,13.6575
5668,34,5,4,13.59
5669,34,5,5,14.0625
5670,34,5,6,18.7425
5671,34,5,7,21.72375
5672,34,5,8,22.5
5673,34,5,9,22.68
5674,34,5,10,23.1525
5675,34,5,11,23.13
5676,34,5,12,23.1975
5677,34,5,13,23.265
5678,34,5,14,22.2975
5679,34,5,15,21.79125
5680,34,5,16,21.0375
5681,34,5,17,21.0825
5682,34,5,18,22.455
5683,34,5,19,23.27625
5684,34,5,20,23.23125
5685,34,5,21,22.41
5686,34,5,22,20.8125
5687,34,5,23,18.27
5688,34,6,0,16.425
5689,34,6,1,14.7375
5690,34,6,2,13.9725
5691,34,6,3,13.4775
5692,34,6,4,13.26375
5693,34,6,5,13.2525
5694,34,6,6,13.8375
5695,34,6,7,15.66
5696,34,6,8,16.965
5697,34,6,9,19.4175
5698,34,6,10,20.97
5699,34,6,11,21.1725
5700,34,6,12,21.0825
5701,34,6,13,20.73375
5702,34,6,14,20.43
5703,34,6,15,19.7325
5704,34,6,16,19.69875
5705,34,6,17,20.52
5706,34,6,18,22.82625
5707,34,6,19,23.85
5708,34,6,20,23.63625
5709,34,6,21,22.995
5710,34,6,22,20.93625
5711,34,6,23,18.495
5712,35,0,0,16.21125
5713,35,0,1,14.43375
5714,35,0,2,13.365
5715,35,0,3,12.9825
5716,35,0,4,12.9375
5717,35,0,5,13.57875
5718,35,0,6,17.235
5719,35,0,7,21.2175
5720,35,0,8,21.87
5721,35,0,9,22.5225
5722,35,0,10,22.7925
5723,35,0,11,22.635
5724,35,0,12,22.41
5725,35,0,13,22.14
5726,35,0,14,21.24
5727,35,0,15,20.8125
5728,35,0,16,19.9575
5729,35,0,17,19.5975
5730,35,0,18,22.8375
5731,35,0,19,23.895
5732,35,0,20,23.7825
5733,35,0,21,23.1075
5734,35,0,22,21.735
5735,35,0,23,18.72
5736,35,1,0,16.7625
5737,35,1,1,14.7375
5738,35,1,2,14.0175
5739,35,1,3,13.635
5740,35,1,4,13.32
5741,35,1,5,13.995
5742,35,1,6,18.99
5743,35,1,7,21.87
5744,35,1,8,23.0625
5745,35,1,9,23.2425
5746,35,1,10,23.355
5747,35,1,11,23.34375
5748,35,1,12,23.29875
5749,35,1,13,22.8375
5750,35,1,14,22.41
5751,35,1,15,22.26375
5752,35,1,16,20.4975
5753,35,1,17,18.9675
5754,35,1,18,21.8925
5755,35,1,19,22.5675
5756,35,1,20,23.13
5757,35,1,21,22.5675
5758,35,1,22,22.095
5759,35,1,23,19.51875
5760,35,2,0,17.3025
5761,35,2,1,15.66
5762,35,2,2,14.6475
5763,35,2,3,14.09625
5764,35,2,4,14.34375
5765,35,2,5,14.74875
5766,35,2,6,19.56375
5767,35,2,7,22.725
5768,35,2,8,24.1875
5769,35,2,9,24.615
5770,35,2,10,24.75
5771,35,2,11,24.705
5772,35,2,12,24.525
5773,35,2,13,24.15375
5774,35,2,14,23.61375
5775,35,2,15,23.6925
5776,35,2,16,22.41
5777,35,2,17,20.07
5778,35,2,18,21.4425
5779,35,2,19,23.265
5780,35,2,20,23.2425
5781,35,2,21,22.5225
5782,35,2,22,22.3875
5783,35,2,23,19.3275
5784,35,3,0,17.2575
5785,35,3,1,14.97375
5786,35,3,2,13.84875
5787,35,3,3,13.62375
5788,35,3,4,13.86
5789,35,3,5,14.56875
5790,35,3,6,17.775
5791,35,3,7,19.485
5792,35,3,8,21.25125
5793,35,3,9,22.68
5794,35,3,10,22.7925
5795,35,3,11,22.7475
5796,35,3,12,22.32
5797,35,3,13,22.21875
5798,35,3,14,22.30875
5799,35,3,15,22.19625
5800,35,3,16,20.025
5801,35,3,17,19.08
5802,35,3,18,21.1725
5803,35,3,19,22.0275
5804,35,3,20,22.9725
5805,35,3,21,22.95
5806,35,3,22,20.9025
5807,35,3,23,19.36125
5808,35,4,0,17.5725
5809,35,4,1,16.0875
5810,35,4,2,15.12
5811,35,4,3,14.70375
5812,35,4,4,14.29875
5813,35,4,5,14.11875
5814,35,4,6,18.1125
5815,35,4,7,21.42
5816,35,4,8,22.4325
5817,35,4,9,23.805
5818,35,4,10,24.3
5819,35,4,11,24.345
5820,35,4,12,24.21
5821,35,4,13,23.8725
5822,35,4,14,23.265
5823,35,4,15,22.2525
5824,35,4,16,21.88125
5825,35,4,17,22.3875
5826,35,4,18,24.075
5827,35,4,19,25.155
5828,35,4,20,24.84
5829,35,4,21,23.8275
5830,35,4,22,22.59
5831,35,4,23,20.53125
5832,35,5,0,18.14625
5833,35,5,1,16.38
5834,35,5,2,15.075
5835,35,5,3,14.2425
5836,35,5,4,13.93875
5837,35,5,5,14.6925
5838,35,5,6,19.7325
5839,35,5,7,22.59
5840,35,5,8,23.895
5841,35,5,9,24.3
5842,35,5,10,24.6375
5843,35,5,11,25.0425
5844,35,5,12,24.4125
5845,35,5,13,23.52375
5846,35,5,14,23.31
5847,35,5,15,21.99375
5848,35,5,16,21.09375
5849,35,5,17,21.36375
5850,35,5,18,23.3775
5851,35,5,19,23.9625
5852,35,5,20,23.535
5853,35,5,21,22.28625
5854,35,5,22,20.98125
5855,35,5,23,19.29375
5856,35,6,0,16.9875
5857,35,6,1,15.24375
5858,35,6,2,14.43375
5859,35,6,3,13.86
5860,35,6,4,13.5675
5861,35,6,5,13.5225
5862,35,6,6,14.13
5863,35,6,7,15.3675
5864,35,6,8,17.3925
5865,35,6,9,19.4625
5866,35,6,10,20.8575
5867,35,6,11,21.42
5868,35,6,12,21.375
5869,35,6,13,21.2175
5870,35,6,14,21.5325
5871,35,6,15,21.22875
5872,35,6,16,20.5875
5873,35,6,17,20.61
5874,35,6,18,20.5425
5875,35,6,19,23.1075
5876,35,6,20,23.36625
5877,35,6,21,22.77
5878,35,6,22,21.2625
5879,35,6,23,18.18
5880,36,0,0,16.1325
5881,36,0,1,14.265
5882,36,0,2,13.4325
5883,36,0,3,13.32
5884,36,0,4,13.41
5885,36,0,5,14.355
5886,36,0,6,17.9775
5887,36,0,7,21.555
5888,36,0,8,22.8825
5889,36,0,9,23.3775
5890,36,0,10,23.4225
5891,36,0,11,23.49
5892,36,0,12,23.58
5893,36,0,13,23.00625
5894,36,0,14,22.275
5895,36,0,15,22.42125
5896,36,0,16,20.925
5897,36,0,17,21.06
5898,36,0,18,22.545
5899,36,0,19,23.97375
5900,36,0,20,23.7825
5901,36,0,21,22.89375
5902,36,0,22,21.4425
5903,36,0,23,18.6975
5904,36,1,0,16.2675
5905,36,1,1,14.9175
5906,36,1,2,14.31
5907,36,1,3,13.9725
5908,36,1,4,14.04
5909,36,1,5,14.6475
5910,36,1,6,18.45
5911,36,1,7,22.12875
5912,36,1,8,23.5125
5913,36,1,9,24.3
5914,36,1,10,24.6375
5915,36,1,11,24.49125
5916,36,1,12,24.7275
5917,36,1,13,24.48
5918,36,1,14,23.445
5919,36,1,15,22.3875
5920,36,1,16,21.3075
5921,36,1,17,20.025
5922,36,1,18,22.3875
5923,36,1,19,22.995
5924,36,1,20,22.455
5925,36,1,21,21.7575
5926,36,1,22,20.79
5927,36,1,23,17.91
5928,36,2,0,15.975
5929,36,2,1,14.2425
5930,36,2,2,13.95
5931,36,2,3,13.725
5932,36,2,4,13.68
5933,36,2,5,14.1075
5934,36,2,6,18.12375
5935,36,2,7,22.185
5936,36,2,8,23.3325
5937,36,2,9,23.4
5938,36,2,10,23.895
5939,36,2,11,23.895
5940,36,2,12,23.895
5941,36,2,13,23.5125
5942,36,2,14,23.175
5943,36,2,15,21.4425
5944,36,2,16,19.7325
5945,36,2,17,19.485
5946,36,2,18,21.87
5947,36,2,19,22.5
5948,36,2,20,21.87
5949,36,2,21,21.285
5950,36,2,22,20.9475
5951,36,2,23,18.9
5952,36,3,0,16.2
5953,36,3,1,15.39
5954,36,3,2,14.445
5955,36,3,3,13.905
5956,36,3,4,13.3875
5957,36,3,5,14.04
5958,36,3,6,18.0675
5959,36,3,7,21.9825
5960,36,3,8,23.00625
5961,36,3,9,24.075
5962,36,3,10,24.12
5963,36,3,11,24.255
5964,36,3,12,23.9625
5965,36,3,13,23.355
5966,36,3,14,22.005
5967,36,3,15,22.0275
5968,36,3,16,20.9475
5969,36,3,17,19.3725
5970,36,3,18,21.0825
5971,36,3,19,21.5775
5972,36,3,20,21.7125
5973,36,3,21,21.3075
5974,36,3,22,21.06
5975,36,3,23,18.8325
5976,36,4,0,17.325
5977,36,4,1,15.3675
5978,36,4,2,14.22
5979,36,4,3,13.5
5980,36,4,4,13.185
5981,36,4,5,14.0625
5982,36,4,6,17.37
5983,36,4,7,21.5325
5984,36,4,8,22.2975
5985,36,4,9,23.2425
5986,36,4,10,23.49
5987,36,4,11,23.5125
5988,36,4,12,23.0175
5989,36,4,13,22.4325
5990,36,4,14,21.96
5991,36,4,15,21.5325
5992,36,4,16,20.5425
5993,36,4,17,20.655
5994,36,4,18,21.42
5995,36,4,19,22.8825
5996,36,4,20,23.6025
5997,36,4,21,23.1075
5998,36,4,22,21.645
5999,36,4,23,19.1475
6000,36,5,0,16.5825
6001,36,5,1,14.9175
6002,36,5,2,14.22
6003,36,5,3,13.725
6004,36,5,4,13.5225
6005,36,5,5,13.9725
6006,36,5,6,18.2925
6007,36,5,7,21.8925
6008,36,5,8,22.6125
6009,36,5,9,23.6475
6010,36,5,10,24.12
6011,36,5,11,24.7275
6012,36,5,12,24.795
6013,36,5,13,24.40125
6014,36,5,14,24.03
6015,36,5,15,23.445
6016,36,5,16,21.42
6017,36,5,17,20.8125
6018,36,5,18,20.5875
6019,36,5,19,21.8025
6020,36,5,20,23.0175
6021,36,5,21,22.71375
6022,36,5,22,21.65625
6023,36,5,23,19.4625
6024,36,6,0,16.4925
6025,36,6,1,15.21
6026,36,6,2,13.95
6027,36,6,3,13.39875
6028,36,6,4,13.3875
6029,36,6,5,13.0725
6030,36,6,6,14.2425
6031,36,6,7,14.9625
6032,36,6,8,17.01
6033,36,6,9,19.71
6034,36,6,10,20.565
6035,36,6,11,21.105
6036,36,6,12,21.3525
6037,36,6,13,21.20625
6038,36,6,14,21.1725
6039,36,6,15,20.565
6040,36,6,16,19.6425
6041,36,6,17,19.4625
6042,36,6,18,19.8675
6043,36,6,19,22.185
6044,36,6,20,23.4675
6045,36,6,21,23.1525
6046,36,6,22,22.095
6047,36,6,23,19.3725
6048,37,0,0,15.5475
6049,37,0,1,14.085
6050,37,0,2,13.005
6051,37,0,3,12.4425
6052,37,0,4,14.4225
6053,37,0,5,14.625
6054,37,0,6,18.18
6055,37,0,7,22.005
6056,37,0,8,22.8375
6057,37,0,9,23.7375
6058,37,0,10,23.58
6059,37,0,11,23.95125
6060,37,0,12,23.985
6061,37,0,13,23.22
6062,37,0,14,22.185
6063,37,0,15,21.7575
6064,37,0,16,19.44
6065,37,0,17,18.64125
6066,37,0,18,20.34
6067,37,0,19,22.2525
6068,37,0,20,22.8375
6069,37,0,21,22.30875
6070,37,0,22,22.1625
6071,37,0,23,19.94625
6072,37,1,0,16.95375
6073,37,1,1,14.715
6074,37,1,2,13.95
6075,37,1,3,13.64625
6076,37,1,4,13.905
6077,37,1,5,14.29875
6078,37,1,6,18.14625
6079,37,1,7,22.185
6080,37,1,8,22.80375
6081,37,1,9,23.2875
6082,37,1,10,23.7375
6083,37,1,11,23.7825
6084,37,1,12,24.21
6085,37,1,13,23.805
6086,37,1,14,23.0175
6087,37,1,15,22.275
6088,37,1,16,20.48625
6089,37,1,17,19.1475
6090,37,1,18,20.61
6091,37,1,19,22.365
6092,37,1,20,22.6125
6093,37,1,21,22.2525
6094,37,1,22,21.58875
6095,37,1,23,19.125
6096,37,2,0,16.9875
6097,37,2,1,15.12
6098,37,2,2,14.3775
6099,37,2,3,13.51125
6100,37,2,4,13.365
6101,37,2,5,14.11875
6102,37,2,6,16.5375
6103,37,2,7,21.555
6104,37,2,8,22.32
6105,37,2,9,22.9725
6106,37,2,10,23.4675
6107,37,2,11,23.6025
6108,37,2,12,23.16375
6109,37,2,13,22.6575
6110,37,2,14,22.69125
6111,37,2,15,21.8475
6112,37,2,16,19.36125
6113,37,2,17,17.7975
6114,37,2,18,18.36
6115,37,2,19,20.4075
6116,37,2,20,21.33
6117,37,2,21,21.0375
6118,37,2,22,21.555
6119,37,2,23,19.6875
6120,37,3,0,16.875
6121,37,3,1,15.12
6122,37,3,2,14.085
6123,37,3,3,13.815
6124,37,3,4,13.7025
6125,37,3,5,13.69125
6126,37,3,6,15.62625
6127,37,3,7,18.50625
6128,37,3,8,20.73375
6129,37,3,9,21.76875
6130,37,3,10,22.10625
6131,37,3,11,22.28625
6132,37,3,12,22.37625
6133,37,3,13,22.815
6134,37,3,14,22.5
6135,37,3,15,21.99375
6136,37,3,16,20.4075
6137,37,3,17,19.1475
6138,37,3,18,19.9125
6139,37,3,19,21.7575
6140,37,3,20,22.3875
6141,37,3,21,22.1175
6142,37,3,22,20.9475
6143,37,3,23,18.585
6144,37,4,0,16.0875
6145,37,4,1,14.58
6146,37,4,2,13.4325
6147,37,4,3,12.8025
6148,37,4,4,12.645
6149,37,4,5,12.195
6150,37,4,6,12.735
6151,37,4,7,13.3875
6152,37,4,8,14.5125
6153,37,4,9,16.57125
6154,37,4,10,18.315
6155,37,4,11,19.18125
6156,37,4,12,20.385
6157,37,4,13,20.84625
6158,37,4,14,21.375
6159,37,4,15,20.115
6160,37,4,16,19.89
6161,37,4,17,20.025
6162,37,4,18,20.385
6163,37,4,19,21.96
6164,37,4,20,22.3875
6165,37,4,21,21.8925
6166,37,4,22,20.3625
6167,37,4,23,18.5625
6168,37,5,0,16.065
6169,37,5,1,14.0625
6170,37,5,2,13.0725
6171,37,5,3,12.8025
6172,37,5,4,12.69
6173,37,5,5,12.96
6174,37,5,6,14.355
6175,37,5,7,15.345
6176,37,5,8,17.0325
6177,37,5,9,19.755
6178,37,5,10,21.105
6179,37,5,11,21.4425
6180,37,5,12,21.5775
6181,37,5,13,21.2175
6182,37,5,14,20.565
6183,37,5,15,19.98
6184,37,5,16,19.395
6185,37,5,17,17.595
6186,37,5,18,17.5275
6187,37,5,19,19.5525
6188,37,5,20,20.835
6189,37,5,21,20.655
6190,37,5,22,20.4075
6191,37,5,23,17.9325
6192,37,6,0,15.9975
6193,37,6,1,14.58
6194,37,6,2,13.6575
6195,37,6,3,13.08375
6196,37,6,4,12.85875
6197,37,6,5,12.7575
6198,37,6,6,12.99375
6199,37,6,7,13.4325
6200,37,6,8,14.5575
6201,37,6,9,16.8075
6202,37,6,10,18.57375
6203,37,6,11,19.6425
6204,37,6,12,20.4525
6205,37,6,13,20.64375
6206,37,6,14,20.34
6207,37,6,15,19.62
6208,37,6,16,18.1125
6209,37,6,17,17.2125
6210,37,6,18,17.89875
6211,37,6,19,19.1925
6212,37,6,20,19.8225
6213,37,6,21,19.4625
6214,37,6,22,19.15875
6215,37,6,23,17.69625
6216,38,0,0,15.435
6217,38,0,1,13.8375
6218,38,0,2,12.8025
6219,38,0,3,12.3525
6220,38,0,4,12.0375
6221,38,0,5,11.9925
6222,38,0,6,12.3975
6223,38,0,7,12.78
6224,38,0,8,12.8925
6225,38,0,9,14.895
6226,38,0,10,16.965
6227,38,0,11,17.6175
6228,38,0,12,18.3375
6229,38,0,13,18.2025
6230,38,0,14,18.09
6231,38,0,15,17.235
6232,38,0,16,16.36875
6233,38,0,17,16.155
6234,38,0,18,16.52625
6235,38,0,19,17.64
6236,38,0,20,19.8225
6237,38,0,21,20.41875
6238,38,0,22,20.05875
6239,38,0,23,17.6625
6240,38,1,0,15.31125
6241,38,1,1,13.455
6242,38,1,2,12.465
6243,38,1,3,11.9475
6244,38,1,4,11.82375
6245,38,1,5,12.915
6246,38,1,6,12.69
6247,38,1,7,13.0725
6248,38,1,8,13.86
6249,38,1,9,15.705
6250,38,1,10,17.46
6251,38,1,11,18.9
6252,38,1,12,19.5525
6253,38,1,13,19.44
6254,38,1,14,18.6525
6255,38,1,15,17.64
6256,38,1,16,16.7625
6257,38,1,17,16.425
6258,38,1,18,16.56
6259,38,1,19,18.585
6260,38,1,20,21.7575
6261,38,1,21,21.3975
6262,38,1,22,21.02625
6263,38,1,23,18.54
6264,38,2,0,16.70625
6265,38,2,1,14.79375
6266,38,2,2,13.66875
6267,38,2,3,13.46625
6268,38,2,4,13.51125
6269,38,2,5,14.09625
6270,38,2,6,15.75
6271,38,2,7,18.945
6272,38,2,8,21.42
6273,38,2,9,23.94
6274,38,2,10,23.7375
6275,38,2,11,23.9175
6276,38,2,12,23.67
6277,38,2,13,22.7925
6278,38,2,14,21.42
6279,38,2,15,21.1275
6280,38,2,16,19.8
6281,38,2,17,19.5075
6282,38,2,18,19.4625
6283,38,2,19,20.5425
6284,38,2,20,21.83625
6285,38,2,21,21.5325
6286,38,2,22,21.195
6287,38,2,23,19.1475
6288,38,3,0,16.45875
6289,38,3,1,15.04125
6290,38,3,2,13.815
6291,38,3,3,13.2525
6292,38,3,4,13.0725
6293,38,3,5,13.8825
6294,38,3,6,16.1775
6295,38,3,7,19.8675
6296,38,3,8,22.0725
6297,38,3,9,23.085
6298,38,3,10,23.1975
6299,38,3,11,23.49
6300,38,3,12,23.6925
6301,38,3,13,22.275
6302,38,3,14,21.7575
6303,38,3,15,21.2175
6304,38,3,16,19.85625
6305,38,3,17,19.6875
6306,38,3,18,19.5975
6307,38,3,19,20.8125
6308,38,3,20,21.8925
6309,38,3,21,21.13875
6310,38,3,22,20.57625
6311,38,3,23,18.7425
6312,38,4,0,16.245
6313,38,4,1,14.45625
6314,38,4,2,13.635
6315,38,4,3,12.99375
6316,38,4,4,12.94875
6317,38,4,5,13.91625
6318,38,4,6,17.0775
6319,38,4,7,19.845
6320,38,4,8,22.0725
6321,38,4,9,22.77
6322,38,4,10,23.085
6323,38,4,11,23.1525
6324,38,4,12,22.095
6325,38,4,13,21.9825
6326,38,4,14,21.42
6327,38,4,15,20.7225
6328,38,4,16,19.8675
6329,38,4,17,19.2825
6330,38,4,18,18.86625
6331,38,4,19,20.64375
6332,38,4,20,22.66875
6333,38,4,21,22.7025
6334,38,4,22,21.645
6335,38,4,23,18.36
6336,38,5,0,15.82875
6337,38,5,1,14.1525
6338,38,5,2,13.17375
6339,38,5,3,12.825
6340,38,5,4,12.825
6341,38,5,5,13.12875
6342,38,5,6,16.875
6343,38,5,7,21.24
6344,38,5,8,22.2075
6345,38,5,9,22.2075
6346,38,5,10,23.715
6347,38,5,11,23.4675
6348,38,5,12,23.22
6349,38,5,13,22.59
6350,38,5,14,21.8475
6351,38,5,15,21.105
6352,38,5,16,18.7875
6353,38,5,17,18.0675
6354,38,5,18,18.2475
6355,38,5,19,19.8675
6356,38,5,20,21.5775
6357,38,5,21,21.555
6358,38,5,22,20.9025
6359,38,5,23,19.2375
6360,38,6,0,16.8525
6361,38,6,1,14.985
6362,38,6,2,14.18625
6363,38,6,3,13.6575
6364,38,6,4,13.05
6365,38,6,5,13.0725
6366,38,6,6,13.23
6367,38,6,7,14.175
6368,38,6,8,16.29
6369,38,6,9,18.2025
6370,38,6,10,19.71
6371,38,6,11,20.07
6372,38,6,12,20.8125
6373,38,6,13,20.52
6374,38,6,14,20.205
6375,38,6,15,20.0025
6376,38,6,16,19.8
6377,38,6,17,19.17
6378,38,6,18,19.2375
6379,38,6,19,21.2625
6380,38,6,20,23.25375
6381,38,6,21,22.9725
6382,38,6,22,22.32
6383,38,6,23,19.5075
6384,39,0,0,16.6725
6385,39,0,1,14.94
6386,39,0,2,13.86
6387,39,0,3,13.2525
6388,39,0,4,13.05
6389,39,0,5,13.815
6390,39,0,6,16.6725
6391,39,0,7,21.51
6392,39,0,8,22.32
6393,39,0,9,22.9275
6394,39,0,10,23.4675
6395,39,0,11,23.985
6396,39,0,12,23.6025
6397,39,0,13,22.9725
6398,39,0,14,22.635
6399,39,0,15,22.275
6400,39,0,16,21.3075
6401,39,0,17,20.385
6402,39,0,18,20.025
6403,39,0,19,22.23
6404,39,0,20,23.58
6405,39,0,21,23.355
6406,39,0,22,21.9375
6407,39,0,23,19.1475
6408,39,1,0,16.2675
6409,39,1,1,14.94
6410,39,1,2,13.815
6411,39,1,3,13.4325
6412,39,1,4,13.4325
6413,39,1,5,13.95
6414,39,1,6,18.99
6415,39,1,7,22.0275
6416,39,1,8,23.1075
6417,39,1,9,23.94
6418,39,1,10,23.985
6419,39,1,11,24.13125
6420,39,1,12,23.8275
6421,39,1,13,23.7825
6422,39,1,14,23.6025
6423,39,1,15,23.2875
6424,39,1,16,22.185
6425,39,1,17,21.7125
6426,39,1,18,22.12875
6427,39,1,19,23.49
6428,39,1,20,23.85
6429,39,1,21,22.4325
6430,39,1,22,22.32
6431,39,1,23,19.665
6432,39,2,0,16.515
6433,39,2,1,15.0525
6434,39,2,2,13.7025
6435,39,2,3,13.41
6436,39,2,4,13.4325
6437,39,2,5,14.22
6438,39,2,6,18.54
6439,39,2,7,21.54375
6440,39,2,8,22.62375
6441,39,2,9,23.54625
6442,39,2,10,24.0525
6443,39,2,11,24.525
6444,39,2,12,24.345
6445,39,2,13,24.75
6446,39,2,14,23.76
6447,39,2,15,22.635
6448,39,2,16,21.555
6449,39,2,17,20.0475
6450,39,2,18,20.295
6451,39,2,19,22.14
6452,39,2,20,23.085
6453,39,2,21,22.5675
6454,39,2,22,21.8475
6455,39,2,23,19.665
6456,39,3,0,16.8525
6457,39,3,1,15.39
6458,39,3,2,14.13
6459,39,3,3,13.7475
6460,39,3,4,13.455
6461,39,3,5,13.7925
6462,39,3,6,17.4375
6463,39,3,7,20.745
6464,39,3,8,21.6675
6465,39,3,9,18.6975
6466,39,3,10,20.84625
6467,39,3,11,21.6
6468,39,3,12,22.44375
6469,39,3,13,22.05
6470,39,3,14,21.1725
6471,39,3,15,20.4525
6472,39,3,16,19.5975
6473,39,3,17,19.2825
6474,39,3,18,19.665
6475,39,3,19,20.86875
6476,39,3,20,22.2975
6477,39,3,21,21.87
6478,39,3,22,20.8125
6479,39,3,23,19.125
6480,39,4,0,16.7175
6481,39,4,1,14.9625
6482,39,4,2,13.86
6483,39,4,3,13.3875
6484,39,4,4,12.825
6485,39,4,5,13.4775
6486,39,4,6,17.505
6487,39,4,7,19.5525
6488,39,4,8,20.52
6489,39,4,9,21.20625
6490,39,4,10,21.06
6491,39,4,11,21.24
6492,39,4,12,22.2075
6493,39,4,13,22.14
6494,39,4,14,21.15
6495,39,4,15,20.89125
6496,39,4,16,20.89125
6497,39,4,17,21.11625
6498,39,4,18,21.9375
6499,39,4,19,22.995
6500,39,4,20,23.9625
6501,39,4,21,23.2875
6502,39,4,22,20.925
6503,39,4,23,18.405
6504,39,5,0,16.2225
6505,39,5,1,14.6475
6506,39,5,2,13.8825
6507,39,5,3,13.5225
6508,39,5,4,13.185
6509,39,5,5,14.0625
6510,39,5,6,18.45
6511,39,5,7,21.3525
6512,39,5,8,22.9725
6513,39,5,9,24.165
6514,39,5,10,24.7275
6515,39,5,11,24.66
6516,39,5,12,24.7725
6517,39,5,13,24.3225
6518,39,5,14,23.445
6519,39,5,15,23.34375
6520,39,5,16,20.59875
6521,39,5,17,19.7325
6522,39,5,18,19.8
6523,39,5,19,21.29625
6524,39,5,20,23.625
6525,39,5,21,23.38875
6526,39,5,22,22.15125
6527,39,5,23,19.887564433
6528,39,6,0,18.135
6529,39,6,1,15.7725
6530,39,6,2,15.0075
6531,39,6,3,14.6025
6532,39,6,4,13.9725
6533,39,6,5,13.2975
6534,39,6,6,13.9725
6535,39,6,7,14.9625
6536,39,6,8,17.325
6537,39,6,9,19.0551804107
6538,39,6,10,19.0162113462
6539,39,6,11,18.9772422736
6540,39,6,12,18.938273201
6541,39,6,13,19.29375
6542,39,6,14,18.88875
6543,39,6,15,18.8213659831
6544,39,6,16,18.7823969105
6545,39,6,17,18.7434278379
6546,39,6,18,18.7044587653
6547,39,6,19,19.9125
6548,39,6,20,23.02875
6549,39,6,21,22.57875
6550,39,6,22,21.285
6551,39,6,23,18.72
6552,40,0,0,16.425
6553,40,0,1,14.85
6554,40,0,2,13.905
6555,40,0,3,13.365
6556,40,0,4,12.96
6557,40,0,5,13.1625
6558,40,0,6,16.79625
6559,40,0,7,20.37375
6560,40,0,8,22.19625
6561,40,0,9,22.60125
6562,40,0,10,22.815
6563,40,0,11,22.82625
6564,40,0,12,22.96125
6565,40,0,13,22.39875
6566,40,0,14,21.6225
6567,40,0,15,20.46375
6568,40,0,16,20.0475
6569,40,0,17,19.575
6570,40,0,18,20.2275
6571,40,0,19,21.8475
6572,40,0,20,23.81625
6573,40,0,21,23.45625
6574,40,0,22,21.69
6575,40,0,23,19.29375
6576,40,1,0,16.56
6577,40,1,1,14.715
6578,40,1,2,14.02875
6579,40,1,3,13.14
6580,40,1,4,13.14
6581,40,1,5,13.7475
6582,40,1,6,18.7875
6583,40,1,7,21.4875
6584,40,1,8,23.3325
6585,40,1,9,23.625
6586,40,1,10,22.9275
6587,40,1,11,22.87125
6588,40,1,12,22.905
6589,40,1,13,22.77
6590,40,1,14,22.2975
6591,40,1,15,21.74625
6592,40,1,16,21.52125
6593,40,1,17,20.9025
6594,40,1,18,21.22875
6595,40,1,19,22.6575
6596,40,1,20,23.92875
6597,40,1,21,23.31
6598,40,1,22,22.2075
6599,40,1,23,19.395
6600,40,2,0,16.77375
6601,40,2,1,14.7375
6602,40,2,2,13.6125
6603,40,2,3,13.55625
6604,40,2,4,13.77
6605,40,2,5,14.085
6606,40,2,6,18.4275
6607,40,2,7,20.64375
6608,40,2,8,22.545
6609,40,2,9,23.5125
6610,40,2,10,23.4
6611,40,2,11,23.16375
6612,40,2,12,22.68
6613,40,2,13,22.15125
6614,40,2,14,22.39875
6615,40,2,15,21.92625
6616,40,2,16,21.65625
6617,40,2,17,21.09375
6618,40,2,18,21.27375
6619,40,2,19,22.725
6620,40,2,20,24.2775
6621,40,2,21,23.4225
6622,40,2,22,21.105
6623,40,2,23,18.36
6624,40,3,0,16.11
6625,40,3,1,14.535
6626,40,3,2,13.815
6627,40,3,3,13.365
6628,40,3,4,13.1625
6629,40,3,5,13.7025
6630,40,3,6,18.14625
6631,40,3,7,20.50875
6632,40,3,8,22.2975
6633,40,3,9,22.905
6634,40,3,10,22.75875
6635,40,3,11,22.82625
6636,40,3,12,22.53375
6637,40,3,13,22.51125
6638,40,3,14,21.90375
6639,40,3,15,21.52125
6640,40,3,16,20.84625
6641,40,3,17,20.59875
6642,40,3,18,21.27375
6643,40,3,19,19.845
6644,40,3,20,22.1175
6645,40,3,21,21.8475
6646,40,3,22,21.015
6647,40,3,23,19.71
6648,40,4,0,16.47
6649,40,4,1,14.805
6650,40,4,2,13.455
6651,40,4,3,12.87
6652,40,4,4,12.7125
6653,40,4,5,13.14
6654,40,4,6,16.52625
6655,40,4,7,19.5075
6656,40,4,8,20.93625
6657,40,4,9,21.465
6658,40,4,10,22.23
6659,40,4,11,22.4325
6660,40,4,12,22.33125
6661,40,4,13,21.78
6662,40,4,14,19.26
6663,40,4,15,18.4275
6664,40,4,16,18.18
6665,40,4,17,18.045
6666,40,4,18,18.57375
6667,40,4,19,20.16
6668,40,4,20,22.6125
6669,40,4,21,22.5675
6670,40,4,22,20.91375
6671,40,4,23,18.84375
6672,40,5,0,17.1225
6673,40,5,1,15.615
6674,40,5,2,13.635
6675,40,5,3,13.59
6676,40,5,4,13.35375
6677,40,5,5,13.19625
6678,40,5,6,13.365
6679,40,5,7,13.7925
6680,40,5,8,15.8175
6681,40,5,9,17.5275
6682,40,5,10,19.58625
6683,40,5,11,20.4075
6684,40,5,12,19.90125
6685,40,5,13,20.30625
6686,40,5,14,17.9325
6687,40,5,15,18.6975
6688,40,5,16,18.99
6689,40,5,17,18.45
6690,40,5,18,18.7425
6691,40,5,19,19.395
6692,40,5,20,21.87
6693,40,5,21,21.92625
6694,40,5,22,20.34
6695,40,5,23,17.5275
6696,40,6,0,14.92875
6697,40,6,1,13.7475
6698,40,6,2,12.7125
6699,40,6,3,12.645
6700,40,6,4,12.555
6701,40,6,5,13.5225
6702,40,6,6,13.9275
6703,40,6,7,15.0525
6704,40,6,8,17.775
6705,40,6,9,19.3725
6706,40,6,10,20.9925
6707,40,6,11,21.34125
6708,40,6,12,21.69
6709,40,6,13,21.3525
6710,40,6,14,20.0925
6711,40,6,15,19.2375
6712,40,6,16,18.4275
6713,40,6,17,18.765
6714,40,6,18,19.08
6715,40,6,19,20.205
6716,40,6,20,21.34125
6717,40,6,21,21.1275
6718,40,6,22,19.935
6719,40,6,23,17.9775
6720,41,0,0,15.87375
6721,41,0,1,14.1525
6722,41,0,2,13.185
6723,41,0,3,12.81375
6724,41,0,4,12.33
6725,41,0,5,12.6675
6726,41,0,6,12.3975
6727,41,0,7,12.915
6728,41,0,8,14.355
6729,41,0,9,15.6375
6730,41,0,10,18.18
6731,41,0,11,19.6425
6732,41,0,12,20.115
6733,41,0,13,20.745
6734,41,0,14,19.6425
6735,41,0,15,19.17
6736,41,0,16,18.63
6737,41,0,17,18.81
6738,41,0,18,19.62
6739,41,0,19,19.9125
6740,41,0,20,23.085
6741,41,0,21,22.3875
6742,41,0,22,20.53125
6743,41,0,23,17.82
6744,41,1,0,14.99625
6745,41,1,1,13.75875
6746,41,1,2,12.825
6747,41,1,3,12.61125
6748,41,1,4,12.5325
6749,41,1,5,13.4775
6750,41,1,6,17.58375
6751,41,1,7,20.79
6752,41,1,8,22.005
6753,41,1,9,22.8375
6754,41,1,10,22.815
6755,41,1,11,22.905
6756,41,1,12,23.04
6757,41,1,13,22.95
6758,41,1,14,22.5225
6759,41,1,15,22.005
6760,41,1,16,21.195
6761,41,1,17,20.7675
6762,41,1,18,20.07
6763,41,1,19,20.565
6764,41,1,20,24.53625
6765,41,1,21,24.2325
6766,41,1,22,22.12875
6767,41,1,23,18.25875
6768,41,2,0,15.8175
6769,41,2,1,14.86125
6770,41,2,2,13.96125
6771,41,2,3,13.66875
6772,41,2,4,13.46625
6773,41,2,5,13.46625
6774,41,2,6,17.51625
6775,41,2,7,20.475
6776,41,2,8,21.735
6777,41,2,9,22.32
6778,41,2,10,21.735
6779,41,2,11,21.87
6780,41,2,12,21.7575
6781,41,2,13,21.645
6782,41,2,14,20.835
6783,41,2,15,20.835
6784,41,2,16,20.6775
6785,41,2,17,20.6775
6786,41,2,18,21.105
6787,41,2,19,21.195
6788,41,2,20,22.8825
6789,41,2,21,23.6925
6790,41,2,22,22.01625
6791,41,2,23,18.30375
6792,41,3,0,15.98625
6793,41,3,1,14.175
6794,41,3,2,13.77
6795,41,3,3,13.41
6796,41,3,4,13.26375
6797,41,3,5,13.9725
6798,41,3,6,17.5275
6799,41,3,7,21.1725
6800,41,3,8,21.6225
6801,41,3,9,21.915
6802,41,3,10,21.735
6803,41,3,11,21.645
6804,41,3,12,22.8375
6805,41,3,13,22.1175
6806,41,3,14,22.32
6807,41,3,15,21.81375
6808,41,3,16,21.4875
6809,41,3,17,21.34125
6810,41,3,18,21.61125
6811,41,3,19,22.3875
6812,41,3,20,23.16375
6813,41,3,21,22.78125
6814,41,3,22,21.06
6815,41,3,23,18.63
6816,41,4,0,16.48125
6817,41,4,1,14.67
6818,41,4,2,13.7925
6819,41,4,3,12.87
6820,41,4,4,12.7125
6821,41,4,5,12.8025
6822,41,4,6,14.8725
6823,41,4,7,18.63
6824,41,4,8,20.52
6825,41,4,9,20.9475
6826,41,4,10,21.465
6827,41,4,11,21.15
6828,41,4,12,20.4975
6829,41,4,13,21.4425
6830,41,4,14,21.51
6831,41,4,15,20.6325
6832,41,4,16,19.44
6833,41,4,17,19.2375
6834,41,4,18,18.4725
6835,41,4,19,19.0125
6836,41,4,20,20.8575
6837,41,4,21,21.06
6838,41,4,22,20.1825
6839,41,4,23,18.09
6840,41,5,0,15.75
6841,41,5,1,15.0525
6842,41,5,2,14.1075
6843,41,5,3,13.05
6844,41,5,4,12.6225
6845,41,5,5,12.645
6846,41,5,6,12.96
6847,41,5,7,13.275
6848,41,5,8,15.48
6849,41,5,9,17.055
6850,41,5,10,18.2025
6851,41,5,11,18.7875
6852,41,5,12,18.945
6853,41,5,13,19.1025
6854,41,5,14,18.93375
6855,41,5,15,17.98875
6856,41,5,16,18.045
6857,41,5,17,17.28
6858,41,5,18,17.7975
6859,41,5,19,19.53
6860,41,5,20,21.9375
6861,41,5,21,21.7575
6862,41,5,22,19.8225
6863,41,5,23,17.595
6864,41,6,0,15.4125
6865,41,6,1,13.635
6866,41,6,2,12.8925
6867,41,6,3,12.51
6868,41,6,4,12.6225
6869,41,6,5,12.65625
6870,41,6,6,13.1175
6871,41,6,7,14.1975
6872,41,6,8,16.3125
6873,41,6,9,18.41625
6874,41,6,10,19.395
6875,41,6,11,19.90125
6876,41,6,12,19.98
6877,41,6,13,19.6875
6878,41,6,14,19.305
6879,41,6,15,18.45
6880,41,6,16,18.2025
6881,41,6,17,17.46
6882,41,6,18,17.3475
6883,41,6,19,18.1125
6884,41,6,20,20.2275
6885,41,6,21,20.5425
6886,41,6,22,19.1475
6887,41,6,23,17.0775
6888,42,0,0,14.7375
6889,42,0,1,13.12875
6890,42,0,2,12.2175
6891,42,0,3,11.9925
6892,42,0,4,11.3175
6893,42,0,5,11.655
6894,42,0,6,14.5125
6895,42,0,7,17.3925
6896,42,0,8,19.26
6897,42,0,9,20.475
6898,42,0,10,20.5425
6899,42,0,11,20.37375
6900,42,0,12,20.50875
6901,42,0,13,20.16
6902,42,0,14,19.71
6903,42,0,15,19.035
6904,42,0,16,18.81
6905,42,0,17,18.315
6906,42,0,18,18.0225
6907,42,0,19,18.45
6908,42,0,20,22.005
6909,42,0,21,21.8925
6910,42,0,22,19.8
6911,42,0,23,17.145
6912,42,1,0,15.255
6913,42,1,1,13.6575
6914,42,1,2,12.555
6915,42,1,3,12.465
6916,42,1,4,12.465
6917,42,1,5,13.1625
6918,42,1,6,17.42625
6919,42,1,7,19.36125
6920,42,1,8,20.64375
6921,42,1,9,20.7
6922,42,1,10,20.57625
6923,42,1,11,20.385
6924,42,1,12,20.59875
6925,42,1,13,20.0025
6926,42,1,14,19.575
6927,42,1,15,18.99
6928,42,1,16,18.91125
6929,42,1,17,18.59625
6930,42,1,18,18.765
6931,42,1,19,19.8
6932,42,1,20,21.465
6933,42,1,21,21.3975
6934,42,1,22,19.8675
6935,42,1,23,17.3475
6936,42,2,0,15.0525
6937,42,2,1,13.9725
6938,42,2,2,13.3425
6939,42,2,3,13.005
6940,42,2,4,12.8475
6941,42,2,5,13.4325
6942,42,2,6,17.4375
6943,42,2,7,19.485
6944,42,2,8,20.925
6945,42,2,9,21.724875
6946,42,2,10,21.9375
6947,42,2,11,21.6225
6948,42,2,12,21.13875
6949,42,2,13,21.24
6950,42,2,14,20.295
6951,42,2,15,20.2275
6952,42,2,16,19.755
6953,42,2,17,20.07
6954,42,2,18,19.305
6955,42,2,19,20.565
6956,42,2,20,22.6125
6957,42,2,21,22.3425
6958,42,2,22,20.9025
6959,42,2,23,17.8875
6960,42,3,0,15.84
6961,42,3,1,14.2425
6962,42,3,2,13.275
6963,42,3,3,13.095
6964,42,3,4,13.005
6965,42,3,5,13.28625
6966,42,3,6,17.235
6967,42,3,7,18.86625
6968,42,3,8,20.37375
6969,42,3,9,20.835
6970,42,3,10,20.82375
6971,42,3,11,20.9025
6972,42,3,12,21.0825
6973,42,3,13,20.385
6974,42,3,14,20.025
6975,42,3,15,19.5075
6976,42,3,16,18.70875
6977,42,3,17,18.4725
6978,42,3,18,18.2475
6979,42,3,19,19.1025
6980,42,3,20,20.7
6981,42,3,21,21.7125
6982,42,3,22,20.4075
6983,42,3,23,17.8425
6984,42,4,0,15.885
6985,42,4,1,14.1525
6986,42,4,2,13.455
6987,42,4,3,13.095
6988,42,4,4,12.825
6989,42,4,5,12.7575
6990,42,4,6,15.5925
6991,42,4,7,18.10125
6992,42,4,8,19.56375
6993,42,4,9,20.35125
6994,42,4,10,20.53125
6995,42,4,11,20.925
6996,42,4,12,19.215
6997,42,4,13,19.035
6998,42,4,14,19.71
6999,42,4,15,19.035
7000,42,4,16,18.75375
7001,42,4,17,19.26
7002,42,4,18,18.765
7003,42,4,19,18.3375
7004,42,4,20,19.8675
7005,42,4,21,20.59875
7006,42,4,22,19.35
7007,42,4,23,17.91
7008,42,5,0,15.84
7009,42,5,1,14.175
7010,42,5,2,13.365
7011,42,5,3,12.735
7012,42,5,4,12.645
7013,42,5,5,12.645
7014,42,5,6,12.97125
7015,42,5,7,13.4775
7016,42,5,8,15.39
7017,42,5,9,16.34625
7018,42,5,10,17.7975
7019,42,5,11,18.135
7020,42,5,12,18.2475
7021,42,5,13,18.2475
7022,42,5,14,17.64
7023,42,5,15,17.145
7024,42,5,16,16.6275
7025,42,5,17,16.09875
7026,42,5,18,16.425
7027,42,5,19,17.83125
7028,42,5,20,20.05875
7029,42,5,21,19.81125
7030,42,5,22,18.5625
7031,42,5,23,16.8525
7032,42,6,0,15.255
7033,42,6,1,13.725
7034,42,6,2,12.15
7035,42,6,3,11.97
7036,42,6,4,11.62125
7037,42,6,5,12.42
7038,42,6,6,13.77
7039,42,6,7,14.8275
7040,42,6,8,17.1
7041,42,6,9,19.72125
7042,42,6,10,21.645
7043,42,6,11,21.25125
7044,42,6,12,21.42
7045,42,6,13,21.02625
7046,42,6,14,20.6775
7047,42,6,15,20.115
7048,42,6,16,19.5075
7049,42,6,17,19.26
7050,42,6,18,19.17
7051,42,6,19,19.26
7052,42,6,20,21.42
7053,42,6,21,21.3075
7054,42,6,22,19.35
7055,42,6,23,16.9875
7056,43,0,0,14.9175
7057,43,0,1,13.41
7058,43,0,2,12.915
7059,43,0,3,12.105
7060,43,0,4,12.24
7061,43,0,5,12.51
7062,43,0,6,15.345
7063,43,0,7,18.2925
7064,43,0,8,19.8225
7065,43,0,9,20.3175
7066,43,0,10,20.4525
7067,43,0,11,20.3625
7068,43,0,12,20.01375
7069,43,0,13,19.8
7070,43,0,14,19.935
7071,43,0,15,19.3725
7072,43,0,16,18.9
7073,43,0,17,19.485
7074,43,0,18,19.485
7075,43,0,19,19.49625
7076,43,0,20,20.9925
7077,43,0,21,21.47625
7078,43,0,22,19.8
7079,43,0,23,17.51625
7080,43,1,0,15.1425
7081,43,1,1,13.23
7082,43,1,2,12.4875
7083,43,1,3,12.375
7084,43,1,4,12.09375
7085,43,1,5,12.8025
7086,43,1,6,16.2675
7087,43,1,7,18.225
7088,43,1,8,19.1025
7089,43,1,9,19.9125
7090,43,1,10,20.61
7091,43,1,11,20.71125
7092,43,1,12,20.91375
7093,43,1,13,20.7225
7094,43,1,14,19.74375
7095,43,1,15,19.35
7096,43,1,16,19.3725
7097,43,1,17,19.08
7098,43,1,18,18.8325
7099,43,1,19,19.20375
7100,43,1,20,21.29625
7101,43,1,21,21.97125
7102,43,1,22,20.2725
7103,43,1,23,18.18
7104,43,2,0,16.11
7105,43,2,1,13.78125
7106,43,2,2,13.19625
7107,43,2,3,12.87
7108,43,2,4,12.8475
7109,43,2,5,12.99375
7110,43,2,6,15.48
7111,43,2,7,18.52875
7112,43,2,8,19.98
7113,43,2,9,20.66625
7114,43,2,10,21.02625
7115,43,2,11,20.9925
7116,43,2,12,20.8575
7117,43,2,13,20.925
7118,43,2,14,20.2725
7119,43,2,15,19.94625
7120,43,2,16,20.26125
7121,43,2,17,19.87875
7122,43,2,18,19.8675
7123,43,2,19,20.205
7124,43,2,20,21.4875
7125,43,2,21,21.6225
7126,43,2,22,19.35
7127,43,2,23,17.415
7128,43,3,0,15.6825
7129,43,3,1,14.175
7130,43,3,2,13.32
7131,43,3,3,12.99375
7132,43,3,4,12.42
7133,43,3,5,12.915
7134,43,3,6,16.11
7135,43,3,7,18.585
7136,43,3,8,19.5525
7137,43,3,9,20.23875
7138,43,3,10,20.3175
7139,43,3,11,21.51
7140,43,3,12,21.7125
7141,43,3,13,21.11625
7142,43,3,14,20.8575
7143,43,3,15,20.05875
7144,43,3,16,20.55375
7145,43,3,17,19.72125
7146,43,3,18,19.71
7147,43,3,19,19.7775
7148,43,3,20,21.69
7149,43,3,21,21.555
7150,43,3,22,20.16
7151,43,3,23,18.1575
7152,43,4,0,16.1325
7153,43,4,1,14.1975
7154,43,4,2,13.4325
7155,43,4,3,12.74625
7156,43,4,4,12.6
7157,43,4,5,12.4875
7158,43,4,6,12.87
7159,43,4,7,13.2525
7160,43,4,8,15.1875
7161,43,4,9,17.145
7162,43,4,10,16.92
7163,43,4,11,18.36
7164,43,4,12,19.81125
7165,43,4,13,20.7225
7166,43,4,14,20.5425
7167,43,4,15,19.47375
7168,43,4,16,18.73125
7169,43,4,17,18.70875
7170,43,4,18,19.305
7171,43,4,19,19.31625
7172,43,4,20,21.07125
7173,43,4,21,21.015
7174,43,4,22,19.935
7175,43,4,23,18.2025
7176,43,5,0,15.4575
7177,43,5,1,13.8825
7178,43,5,2,13.275
7179,43,5,3,12.69
7180,43,5,4,12.4425
7181,43,5,5,12.02625
7182,43,5,6,12.22875
7183,43,5,7,12.72375
7184,43,5,8,14.76
7185,43,5,9,15.9525
7186,43,5,10,17.7975
7187,43,5,11,18.88875
7188,43,5,12,20.07
7189,43,5,13,20.025
7190,43,5,14,18.9
7191,43,5,15,18.5625
7192,43,5,16,18.0
7193,43,5,17,17.7975
7194,43,5,18,17.8425
7195,43,5,19,18.3825
7196,43,5,20,20.0025
7197,43,5,21,20.61
7198,43,5,22,19.1025
7199,43,5,23,16.965
7200,43,6,0,14.5125
7201,43,6,1,13.3875
7202,43,6,2,12.3075
7203,43,6,3,11.9025
7204,43,6,4,12.015
7205,43,6,5,12.36375
7206,43,6,6,12.0825
7207,43,6,7,12.015
7208,43,6,8,13.48875
7209,43,6,9,15.975
7210,43,6,10,17.145
7211,43,6,11,18.7875
7212,43,6,12,19.665
7213,43,6,13,19.9125
7214,43,6,14,19.8
7215,43,6,15,19.62
7216,43,6,16,19.08
7217,43,6,17,18.84375
7218,43,6,18,18.765
7219,43,6,19,19.1025
7220,43,6,20,21.1725
7221,43,6,21,21.4425
7222,43,6,22,19.1475
7223,43,6,23,16.515
7224,44,0,0,14.175
7225,44,0,1,13.3425
7226,44,0,2,12.465
7227,44,0,3,12.285
7228,44,0,4,12.375
7229,44,0,5,12.8025
7230,44,0,6,16.00875
7231,44,0,7,17.9775
7232,44,0,8,19.2375
7233,44,0,9,20.03625
7234,44,0,10,20.3175
7235,44,0,11,20.295
7236,44,0,12,20.52
7237,44,0,13,20.1825
7238,44,0,14,19.7775
7239,44,0,15,19.035
7240,44,0,16,16.7175
7241,44,0,17,17.91
7242,44,0,18,18.18
7243,44,0,19,18.9675
7244,44,0,20,20.025
7245,44,0,21,21.015
7246,44,0,22,19.7775
7247,44,0,23,17.955
7248,44,1,0,15.885
7249,44,1,1,14.04
7250,44,1,2,12.87
7251,44,1,3,12.5325
7252,44,1,4,12.6675
7253,44,1,5,12.915
7254,44,1,6,15.705
7255,44,1,7,18.91125
7256,44,1,8,20.385
7257,44,1,9,21.285
7258,44,1,10,21.6225
7259,44,1,11,21.5325
7260,44,1,12,21.25125
7261,44,1,13,20.925
7262,44,1,14,19.89
7263,44,1,15,19.71
7264,44,1,16,18.68625
7265,44,1,17,18.675
7266,44,1,18,18.135
7267,44,1,19,17.6175
7268,44,1,20,18.6975
7269,44,1,21,20.4525
7270,44,1,22,19.8
7271,44,1,23,17.65125
7272,44,2,0,15.51375
7273,44,2,1,14.4225
7274,44,2,2,13.46625
7275,44,2,3,12.7575
7276,44,2,4,12.3525
7277,44,2,5,12.33
7278,44,2,6,11.9925
7279,44,2,7,12.8475
7280,44,2,8,13.9275
7281,44,2,9,15.2325
7282,44,2,10,16.515
7283,44,2,11,17.28
7284,44,2,12,17.6625
7285,44,2,13,17.7075
7286,44,2,14,17.595
7287,44,2,15,16.8075
7288,44,2,16,16.27875
7289,44,2,17,15.705
7290,44,2,18,15.885
7291,44,2,19,16.2
7292,44,2,20,18.0
7293,44,2,21,20.0925
7294,44,2,22,19.6875
7295,44,2,23,16.86375
7296,44,3,0,14.77125
7297,44,3,1,13.75875
7298,44,3,2,12.8925
7299,44,3,3,12.2625
7300,44,3,4,12.0375
7301,44,3,5,12.2625
7302,44,3,6,14.72625
7303,44,3,7,18.25875
7304,44,3,8,19.6875
7305,44,3,9,20.565
7306,44,3,10,20.79
7307,44,3,11,21.1725
7308,44,3,12,20.835
7309,44,3,13,20.475
7310,44,3,14,19.53
7311,44,3,15,19.35
7312,44,3,16,18.81
7313,44,3,17,18.03375
7314,44,3,18,18.54
7315,44,3,19,18.86625
7316,44,3,20,20.61
7317,44,3,21,21.5775
7318,44,3,22,20.295
7319,44,3,23,17.5725
7320,44,4,0,15.82875
7321,44,4,1,13.71375
7322,44,4,2,13.03875
7323,44,4,3,12.74625
7324,44,4,4,12.555
7325,44,4,5,13.095
7326,44,4,6,15.12
7327,44,4,7,18.0
7328,44,4,8,19.26
7329,44,4,9,19.7775
7330,44,4,10,20.0475
7331,44,4,11,20.475
7332,44,4,12,20.745
7333,44,4,13,20.295
7334,44,4,14,20.07
7335,44,4,15,19.5525
7336,44,4,16,18.6075
7337,44,4,17,18.28125
7338,44,4,18,18.81
7339,44,4,19,19.125
7340,44,4,20,20.2275
7341,44,4,21,20.835
7342,44,4,22,19.8225
7343,44,4,23,17.19
7344,44,5,0,15.1875
7345,44,5,1,13.8375
7346,44,5,2,13.0725
7347,44,5,3,12.5775
7348,44,5,4,12.51
7349,44,5,5,12.33
7350,44,5,6,12.3075
7351,44,5,7,13.185
7352,44,5,8,14.76
7353,44,5,9,16.7175
7354,44,5,10,18.48375
7355,44,5,11,19.27125
7356,44,5,12,19.935
7357,44,5,13,19.7775
7358,44,5,14,19.485
7359,44,5,15,19.575
7360,44,5,16,17.685
7361,44,5,17,18.18
7362,44,5,18,18.81
7363,44,5,19,19.395
7364,44,5,20,20.2275
7365,44,5,21,21.0825
7366,44,5,22,18.99
7367,44,5,23,16.5375
7368,44,6,0,14.67
7369,44,6,1,13.2075
7370,44,6,2,12.0375
7371,44,6,3,11.7225
7372,44,6,4,11.745
7373,44,6,5,12.105
7374,44,6,6,11.925
7375,44,6,7,12.4425
7376,44,6,8,14.22
7377,44,6,9,15.8175
7378,44,6,10,16.875
7379,44,6,11,17.415
7380,44,6,12,18.09
7381,44,6,13,18.7425
7382,44,6,14,18.0225
7383,44,6,15,17.415
7384,44,6,16,16.74
7385,44,6,17,16.605
7386,44,6,18,16.605
7387,44,6,19,17.19
7388,44,6,20,18.5625
7389,44,6,21,20.9925
7390,44,6,22,19.8675
7391,44,6,23,17.775
7392,45,0,0,15.66
7393,45,0,1,13.59
7394,45,0,2,12.915
7395,45,0,3,12.4425
7396,45,0,4,12.42
7397,45,0,5,12.7575
7398,45,0,6,14.5125
7399,45,0,7,18.5175
7400,45,0,8,20.0025
7401,45,0,9,21.0825
7402,45,0,10,21.5325
7403,45,0,11,21.8475
7404,45,0,12,21.3525
7405,45,0,13,20.39625
7406,45,0,14,18.8775
7407,45,0,15,19.8675
7408,45,0,16,20.57625
7409,45,0,17,19.94625
7410,45,0,18,19.5075
7411,45,0,19,19.7325
7412,45,0,20,20.295
7413,45,0,21,21.7575
7414,45,0,22,20.835
7415,45,0,23,17.60625
7416,45,1,0,14.99625
7417,45,1,1,14.02875
7418,45,1,2,13.365
7419,45,1,3,13.19625
7420,45,1,4,12.9375
7421,45,1,5,13.05
7422,45,1,6,15.39
7423,45,1,7,18.3825
7424,45,1,8,19.9575
7425,45,1,9,21.2625
7426,45,1,10,21.105
7427,45,1,11,21.42
7428,45,1,12,21.78
7429,45,1,13,21.645
7430,45,1,14,21.16125
7431,45,1,15,20.59875
7432,45,1,16,20.3625
7433,45,1,17,20.05875
7434,45,1,18,20.25
7435,45,1,19,19.71
7436,45,1,20,20.34
7437,45,1,21,21.94875
7438,45,1,22,21.31875
7439,45,1,23,19.08
7440,45,2,0,16.5375
7441,45,2,1,14.50125
7442,45,2,2,13.75875
7443,45,2,3,13.05
7444,45,2,4,12.9825
7445,45,2,5,13.19625
7446,45,2,6,15.615
7447,45,2,7,18.9225
7448,45,2,8,20.3175
7449,45,2,9,20.7225
7450,45,2,10,20.7
7451,45,2,11,20.86875
7452,45,2,12,20.7675
7453,45,2,13,20.43
7454,45,2,14,20.0925
7455,45,2,15,19.92375
7456,45,2,16,19.69875
7457,45,2,17,19.305
7458,45,2,18,19.27125
7459,45,2,19,20.025
7460,45,2,20,21.00375
7461,45,2,21,22.30875
7462,45,2,22,20.7225
7463,45,2,23,18.405
7464,45,3,0,16.29
7465,45,3,1,14.45625
7466,45,3,2,13.7475
7467,45,3,3,13.185
7468,45,3,4,13.0275
7469,45,3,5,13.42125
7470,45,3,6,16.21125
7471,45,3,7,18.1575
7472,45,3,8,19.575
7473,45,3,9,20.3175
7474,45,3,10,20.61
7475,45,3,11,20.9925
7476,45,3,12,20.8575
7477,45,3,13,20.43
7478,45,3,14,20.1825
7479,45,3,15,19.98
7480,45,3,16,19.9125
7481,45,3,17,19.54125
7482,45,3,18,19.7775
7483,45,3,19,19.71
7484,45,3,20,20.2725
7485,45,3,21,21.645
7486,45,3,22,20.565
7487,45,3,23,18.03375
7488,45,4,0,15.75
7489,45,4,1,14.0175
7490,45,4,2,13.0725
7491,45,4,3,12.78
7492,45,4,4,12.4425
7493,45,4,5,12.7575
7494,45,4,6,15.345
7495,45,4,7,18.18
7496,45,4,8,19.2825
7497,45,4,9,20.16
7498,45,4,10,20.19375
7499,45,4,11,20.4975
7500,45,4,12,20.07
7501,45,4,13,20.34
7502,45,4,14,20.475
7503,45,4,15,20.0025
7504,45,4,16,19.4175
7505,45,4,17,19.1025
7506,45,4,18,18.495
7507,45,4,19,19.35
7508,45,4,20,20.0925
7509,45,4,21,20.9475
7510,45,4,22,20.16
7511,45,4,23,17.58375
7512,45,5,0,15.96375
7513,45,5,1,14.4675
7514,45,5,2,13.0725
7515,45,5,3,12.51
7516,45,5,4,12.465
7517,45,5,5,12.465
7518,45,5,6,12.65625
7519,45,5,7,13.05
7520,45,5,8,14.90625
7521,45,5,9,16.95375
7522,45,5,10,18.45
7523,45,5,11,19.40625
7524,45,5,12,19.6425
7525,45,5,13,19.6425
7526,45,5,14,19.36125
7527,45,5,15,19.035
7528,45,5,16,18.21375
7529,45,5,17,17.9775
7530,45,5,18,18.585
7531,45,5,19,18.99
7532,45,5,20,20.1375
7533,45,5,21,21.06
7534,45,5,22,20.4975
7535,45,5,23,17.92125
7536,45,6,0,15.58125
7537,45,6,1,14.1525
7538,45,6,2,12.735
7539,45,6,3,12.2625
7540,45,6,4,12.24
7541,45,6,5,11.835
7542,45,6,6,11.91375
7543,45,6,7,12.6675
7544,45,6,8,14.65875
7545,45,6,9,16.65
7546,45,6,10,17.7525
7547,45,6,11,18.48375
7548,45,6,12,19.3275
7549,45,6,13,19.71
7550,45,6,14,19.51875
7551,45,6,15,19.20375
7552,45,6,16,18.84375
7553,45,6,17,19.035
7554,45,6,18,19.2825
7555,45,6,19,19.9125
7556,45,6,20,21.3075
7557,45,6,21,22.68
7558,45,6,22,20.7225
7559,45,6,23,18.0225
7560,46,0,0,15.40125
7561,46,0,1,13.5
7562,46,0,2,12.8475
7563,46,0,3,12.0825
7564,46,0,4,12.195
7565,46,0,5,12.7125
7566,46,0,6,15.075
7567,46,0,7,18.3825
7568,46,0,8,19.90125
7569,46,0,9,21.63375
7570,46,0,10,22.455
7571,46,0,11,22.82625
7572,46,0,12,22.905
7573,46,0,13,22.5225
7574,46,0,14,21.6225
7575,46,0,15,21.015
7576,46,0,16,21.3975
7577,46,0,17,21.2625
7578,46,0,18,21.51
7579,46,0,19,21.825
7580,46,0,20,22.635
7581,46,0,21,22.4775
7582,46,0,22,21.3525
7583,46,0,23,19.2825
7584,46,1,0,15.885
7585,46,1,1,13.9275
7586,46,1,2,13.275
7587,46,1,3,12.825
7588,46,1,4,12.8475
7589,46,1,5,13.275
7590,46,1,6,16.425
7591,46,1,7,18.99
7592,46,1,8,20.30625
7593,46,1,9,21.105
7594,46,1,10,21.2625
7595,46,1,11,21.51
7596,46,1,12,21.735
7597,46,1,13,21.195
7598,46,1,14,20.655
7599,46,1,15,20.1375
7600,46,1,16,19.9125
7601,46,1,17,19.755
7602,46,1,18,20.2275
7603,46,1,19,20.2275
7604,46,1,20,21.3075
7605,46,1,21,21.7125
7606,46,1,22,19.9575
7607,46,1,23,17.0775
7608,46,2,0,14.94
7609,46,2,1,13.35375
7610,46,2,2,12.735
7611,46,2,3,12.8475
7612,46,2,4,12.9375
7613,46,2,5,13.005
7614,46,2,6,16.30125
7615,46,2,7,18.8775
7616,46,2,8,20.6325
7617,46,2,9,21.3075
7618,46,2,10,21.33
7619,46,2,11,21.58875
7620,46,2,12,21.735
7621,46,2,13,22.0275
7622,46,2,14,21.42
7623,46,2,15,20.50875
7624,46,2,16,20.68875
7625,46,2,17,20.62125
7626,46,2,18,20.66625
7627,46,2,19,21.13875
7628,46,2,20,21.92625
7629,46,2,21,22.8375
7630,46,2,22,21.105
7631,46,2,23,17.89875
7632,46,3,0,15.9975
7633,46,3,1,14.2875
7634,46,3,2,13.39875
7635,46,3,3,12.92625
7636,46,3,4,12.88125
7637,46,3,5,13.32
7638,46,3,6,16.4025
7639,46,3,7,19.125
7640,46,3,8,20.98125
7641,46,3,9,22.08375
7642,46,3,10,22.44375
7643,46,3,11,22.635
7644,46,3,12,22.77
7645,46,3,13,22.185
7646,46,3,14,22.0725
7647,46,3,15,21.6675
7648,46,3,16,20.7
7649,46,3,17,20.6775
7650,46,3,18,20.5425
7651,46,3,19,21.07125
7652,46,3,20,22.2525
7653,46,3,21,22.8825
7654,46,3,22,21.76875
7655,46,3,23,19.575
7656,46,4,0,16.77375
7657,46,4,1,15.24375
7658,46,4,2,14.15295
7659,46,4,3,13.44375
7660,46,4,4,13.2975
7661,46,4,5,13.3425
7662,46,4,6,15.5475
7663,46,4,7,18.855
7664,46,4,8,20.08125
7665,46,4,9,20.86875
7666,46,4,10,19.5075
7667,46,4,11,20.6775
7668,46,4,12,22.0275
7669,46,4,13,21.285
7670,46,4,14,20.4525
7671,46,4,15,20.115
7672,46,4,16,20.025
7673,46,4,17,19.5975
7674,46,4,18,19.4625
7675,46,4,19,19.305
7676,46,4,20,20.25
7677,46,4,21,21.7125
7678,46,4,22,20.2275
7679,46,4,23,18.225
7680,46,5,0,15.795
7681,46,5,1,13.77
7682,46,5,2,13.4325
7683,46,5,3,13.2075
7684,46,5,4,13.1625
7685,46,5,5,12.9825
7686,46,5,6,12.825
7687,46,5,7,13.55625
7688,46,5,8,15.7725
7689,46,5,9,18.135
7690,46,5,10,19.62
7691,46,5,11,20.7
7692,46,5,12,20.655
7693,46,5,13,20.34
7694,46,5,14,19.9125
7695,46,5,15,19.53
7696,46,5,16,18.8325
7697,46,5,17,18.3375
7698,46,5,18,18.1125
7699,46,5,19,17.6625
7700,46,5,20,18.1575
7701,46,5,21,20.6775
7702,46,5,22,19.3275
7703,46,5,23,17.82
7704,46,6,0,15.075
7705,46,6,1,14.04
7706,46,6,2,13.275
7707,46,6,3,12.375
7708,46,6,4,12.3975
7709,46,6,5,12.2625
7710,46,6,6,11.95875
7711,46,6,7,13.095
7712,46,6,8,14.77125
7713,46,6,9,15.91875
7714,46,6,10,17.415
7715,46,6,11,18.21375
7716,46,6,12,18.61875
7717,46,6,13,19.2375
7718,46,6,14,19.29375
7719,46,6,15,18.95625
7720,46,6,16,18.7875
7721,46,6,17,18.0225
7722,46,6,18,18.45
7723,46,6,19,18.45
7724,46,6,20,18.3375
7725,46,6,21,19.8
7726,46,6,22,17.73
7727,46,6,23,16.38
7728,47,0,0,14.5575
7729,47,0,1,12.3525
7730,47,0,2,11.9925
7731,47,0,3,11.7
7732,47,0,4,11.6325
7733,47,0,5,12.1275
7734,47,0,6,14.56875
7735,47,0,7,17.46
7736,47,0,8,18.99
7737,47,0,9,19.44
7738,47,0,10,19.755
7739,47,0,11,19.47375
7740,47,0,12,19.98
7741,47,0,13,19.7325
7742,47,0,14,19.3725
7743,47,0,15,19.44
7744,47,0,16,19.4625
7745,47,0,17,19.6875
7746,47,0,18,19.3275
7747,47,0,19,19.53
7748,47,0,20,20.3625
7749,47,0,21,20.835
7750,47,0,22,19.3725
7751,47,0,23,16.8525
7752,47,1,0,14.3775
7753,47,1,1,12.5775
7754,47,1,2,12.09375
7755,47,1,3,11.84625
7756,47,1,4,11.9925
7757,47,1,5,12.825
7758,47,1,6,15.4575
7759,47,1,7,17.685
7760,47,1,8,18.945
7761,47,1,9,19.8
7762,47,1,10,20.07
7763,47,1,11,20.7675
7764,47,1,12,21.555
7765,47,1,13,20.88
7766,47,1,14,20.835
7767,47,1,15,20.475
7768,47,1,16,20.2725
7769,47,1,17,19.89
7770,47,1,18,20.0475
7771,47,1,19,19.5525
7772,47,1,20,19.89
7773,47,1,21,20.89125
7774,47,1,22,20.4975
7775,47,1,23,18.01125
7776,47,2,0,15.44625
7777,47,2,1,14.20875
7778,47,2,2,13.24125
7779,47,2,3,12.7575
7780,47,2,4,12.51
7781,47,2,5,12.9375
7782,47,2,6,15.3225
7783,47,2,7,17.4375
7784,47,2,8,18.43875
7785,47,2,9,19.62
7786,47,2,10,20.44125
7787,47,2,11,20.5875
7788,47,2,12,20.89125
7789,47,2,13,20.77875
7790,47,2,14,20.5425
7791,47,2,15,20.475
7792,47,2,16,19.2825
7793,47,2,17,20.655
7794,47,2,18,20.3625
7795,47,2,19,19.485
7796,47,2,20,19.5075
7797,47,2,21,20.41875
7798,47,2,22,20.0025
7799,47,2,23,17.98875
7800,47,3,0,15.525
7801,47,3,1,14.0175
7802,47,3,2,13.635
7803,47,3,3,13.1175
7804,47,3,4,12.915
7805,47,3,5,13.1625
7806,47,3,6,15.49125
7807,47,3,7,17.685
7808,47,3,8,19.29375
7809,47,3,9,20.0025
7810,47,3,10,20.7225
7811,47,3,11,21.00375
7812,47,3,12,20.97
7813,47,3,13,20.565
7814,47,3,14,20.08125
7815,47,3,15,19.8
7816,47,3,16,19.0125
7817,47,3,17,18.9
7818,47,3,18,18.9225
7819,47,3,19,19.40625
7820,47,3,20,19.98
7821,47,3,21,20.6775
7822,47,3,22,19.7325
7823,47,3,23,18.045
7824,47,4,0,15.5475
7825,47,4,1,13.815
7826,47,4,2,12.915
7827,47,4,3,12.69
7828,47,4,4,12.42
7829,47,4,5,12.4875
7830,47,4,6,14.5575
7831,47,4,7,17.4825
7832,47,4,8,17.9775
7833,47,4,9,18.765
7834,47,4,10,19.0125
7835,47,4,11,18.9225
7836,47,4,12,18.9
7837,47,4,13,19.3725
7838,47,4,14,18.97875
7839,47,4,15,18.48375
7840,47,4,16,18.03375
7841,47,4,17,17.80875
7842,47,4,18,17.6175
7843,47,4,19,17.3925
7844,47,4,20,18.1125
7845,47,4,21,19.7775
7846,47,4,22,19.0125
7847,47,4,23,17.7075
7848,47,5,0,15.2325
7849,47,5,1,13.23
7850,47,5,2,12.3975
7851,47,5,3,11.8575
7852,47,5,4,11.61
7853,47,5,5,11.7225
7854,47,5,6,11.6775
7855,47,5,7,12.6675
7856,47,5,8,13.60125
7857,47,5,9,16.1325
7858,47,5,10,17.2125
7859,47,5,11,17.775
7860,47,5,12,18.225
7861,47,5,13,18.73125
7862,47,5,14,18.5625
7863,47,5,15,17.82
7864,47,5,16,17.6175
7865,47,5,17,17.595
7866,47,5,18,17.685
7867,47,5,19,17.955
7868,47,5,20,18.9225
7869,47,5,21,20.205
7870,47,5,22,18.99
7871,47,5,23,17.3925
7872,47,6,0,15.3225
7873,47,6,1,13.815
7874,47,6,2,12.6225
7875,47,6,3,11.9475
7876,47,6,4,11.7225
7877,47,6,5,11.4525
7878,47,6,6,11.3175
7879,47,6,7,12.555
7880,47,6,8,15.15375
7881,47,6,9,16.39125
7882,47,6,10,17.73
7883,47,6,11,18.495
7884,47,6,12,18.855
7885,47,6,13,18.99
7886,47,6,14,18.72
7887,47,6,15,18.6075
7888,47,6,16,18.585
7889,47,6,17,18.2925
7890,47,6,18,17.8875
7891,47,6,19,17.9775
7892,47,6,20,18.0225
7893,47,6,21,20.10375
7894,47,6,22,19.5525
7895,47,6,23,17.2125
7896,48,0,0,14.985
7897,48,0,1,13.095
7898,48,0,2,12.42
7899,48,0,3,11.79
7900,48,0,4,11.6775
7901,48,0,5,12.195
7902,48,0,6,14.1075
7903,48,0,7,17.60625
7904,48,0,8,19.575
7905,48,0,9,20.4975
7906,48,0,10,20.8575
7907,48,0,11,20.7675
7908,48,0,12,20.565
7909,48,0,13,20.1825
7910,48,0,14,19.94625
7911,48,0,15,19.665
7912,48,0,16,19.33875
7913,48,0,17,19.71
7914,48,0,18,18.0225
7915,48,0,19,18.4275
7916,48,0,20,18.73125
7917,48,0,21,20.385
7918,48,0,22,19.935
7919,48,0,23,18.0675
7920,48,1,0,15.5025
7921,48,1,1,14.085
7922,48,1,2,13.455
7923,48,1,3,13.0275
7924,48,1,4,12.69
7925,48,1,5,12.8475
7926,48,1,6,15.03
7927,48,1,7,17.55
7928,48,1,8,18.88875
7929,48,1,9,19.6875
7930,48,1,10,20.3625
7931,48,1,11,20.565
7932,48,1,12,20.61
7933,48,1,13,20.26125
7934,48,1,14,20.05875
7935,48,1,15,19.94625
7936,48,1,16,20.115
7937,48,1,17,19.6875
7938,48,1,18,19.9125
7939,48,1,19,20.7
7940,48,1,20,21.15
7941,48,1,21,21.8925
7942,48,1,22,20.4975
7943,48,1,23,18.10125
7944,48,2,0,15.5025
7945,48,2,1,13.7925
7946,48,2,2,13.1625
7947,48,2,3,13.0275
7948,48,2,4,13.005
7949,48,2,5,13.2525
7950,48,2,6,15.93
7951,48,2,7,18.05625
7952,48,2,8,19.2825
7953,48,2,9,20.205
7954,48,2,10,20.71125
7955,48,2,11,21.465
7956,48,2,12,21.825
7957,48,2,13,21.375
7958,48,2,14,21.13875
7959,48,2,15,21.13875
7960,48,2,16,21.00375
7961,48,2,17,20.79
7962,48,2,18,20.7675
7963,48,2,19,21.0825
7964,48,2,20,20.89125
7965,48,2,21,22.005
7966,48,2,22,20.5875
7967,48,2,23,18.18
7968,48,3,0,15.60375
7969,48,3,1,14.265
7970,48,3,2,13.815
7971,48,3,3,13.2075
7972,48,3,4,12.8475
7973,48,3,5,12.9825
7974,48,3,6,15.0075
7975,48,3,7,18.18
7976,48,3,8,19.4175
7977,48,3,9,19.89
7978,48,3,10,20.385
7979,48,3,11,21.1725
7980,48,3,12,21.56625
7981,48,3,13,20.9925
7982,48,3,14,20.745
7983,48,3,15,20.43
7984,48,3,16,20.475
7985,48,3,17,19.8225
7986,48,3,18,19.35
7987,48,3,19,19.5525
7988,48,3,20,20.115
7989,48,3,21,21.3075
7990,48,3,22,20.7
7991,48,3,23,18.2025
7992,48,4,0,16.21125
7993,48,4,1,14.5125
7994,48,4,2,13.68
7995,48,4,3,13.23
7996,48,4,4,13.0275
7997,48,4,5,12.87
7998,48,4,6,15.0975
7999,48,4,7,17.325
8000,48,4,8,19.125
8001,48,4,9,20.4075
8002,48,4,10,21.015
8003,48,4,11,21.5325
8004,48,4,12,21.24
8005,48,4,13,21.285
8006,48,4,14,20.835
8007,48,4,15,20.9925
8008,48,4,16,20.8125
8009,48,4,17,19.89
8010,48,4,18,20.2725
8011,48,4,19,19.755
8012,48,4,20,20.1375
8013,48,4,21,21.27375
8014,48,4,22,20.79
8015,48,4,23,18.045
8016,48,5,0,16.5375
8017,48,5,1,14.6925
8018,48,5,2,14.22
8019,48,5,3,13.5225
8020,48,5,4,13.35375
8021,48,5,5,13.2525
8022,48,5,6,13.10625
8023,48,5,7,14.09625
8024,48,5,8,16.29
8025,48,5,9,18.4275
8026,48,5,10,19.5525
8027,48,5,11,19.9125
8028,48,5,12,20.655
8029,48,5,13,20.68875
8030,48,5,14,20.35125
8031,48,5,15,19.72125
8032,48,5,16,18.855
8033,48,5,17,18.7875
8034,48,5,18,18.88875
8035,48,5,19,19.18125
8036,48,5,20,19.47375
8037,48,5,21,20.41875
8038,48,5,22,19.3725
8039,48,5,23,17.775
8040,48,6,0,15.9525
8041,48,6,1,14.6475
8042,48,6,2,13.05
8043,48,6,3,12.375
8044,48,6,4,12.51
8045,48,6,5,12.20625
8046,48,6,6,12.20625
8047,48,6,7,13.4325
8048,48,6,8,15.1875
8049,48,6,9,16.785
8050,48,6,10,17.775
8051,48,6,11,18.7875
8052,48,6,12,18.9675
8053,48,6,13,19.035
8054,48,6,14,18.82125
8055,48,6,15,17.9325
8056,48,6,16,16.9875
8057,48,6,17,16.84125
8058,48,6,18,17.42625
8059,48,6,19,18.32625
8060,48,6,20,19.08
8061,48,6,21,20.5425
8062,48,6,22,19.845
8063,48,6,23,17.6625
8064,49,0,0,15.255
8065,49,0,1,13.14
8066,49,0,2,12.195
8067,49,0,3,11.5425
8068,49,0,4,11.9925
8069,49,0,5,12.2625
8070,49,0,6,14.47875
8071,49,0,7,11.43
8072,49,0,8,12.5775
8073,49,0,9,18.045
8074,49,0,10,17.6625
8075,49,0,11,18.2025
8076,49,0,12,18.81
8077,49,0,13,18.4275
8078,49,0,14,17.685
8079,49,0,15,17.82
8080,49,0,16,17.6625
8081,49,0,17,18.4275
8082,49,0,18,18.315
8083,49,0,19,18.585
8084,49,0,20,18.7875
8085,49,0,21,20.1375
8086,49,0,22,19.6425
8087,49,0,23,17.955
8088,49,1,0,15.12
8089,49,1,1,13.3425
8090,49,1,2,12.6225
8091,49,1,3,12.25125
8092,49,1,4,12.015
8093,49,1,5,11.925
8094,49,1,6,14.4
8095,49,1,7,16.74
8096,49,1,8,18.315
8097,49,1,9,18.945
8098,49,1,10,19.4175
8099,49,1,11,19.9575
8100,49,1,12,19.9575
8101,49,1,13,19.7325
8102,49,1,14,19.24875
8103,49,1,15,18.64125
8104,49,1,16,18.81
8105,49,1,17,18.23625
8106,49,1,18,18.0225
8107,49,1,19,17.96625
8108,49,1,20,17.74125
8109,49,1,21,18.855
8110,49,1,22,19.76625
8111,49,1,23,17.8425
8112,49,2,0,14.97375
8113,49,2,1,13.6575
8114,49,2,2,12.72375
8115,49,2,3,12.24
8116,49,2,4,12.24
8117,49,2,5,12.555
8118,49,2,6,14.175
8119,49,2,7,16.4925
8120,49,2,8,18.225
8121,49,2,9,19.395
8122,49,2,10,20.57625
8123,49,2,11,21.90375
8124,49,2,12,22.17375
8125,49,2,13,22.19625
8126,49,2,14,22.005
8127,49,2,15,21.825
8128,49,2,16,21.3975
8129,49,2,17,20.2725
8130,49,2,18,20.0475
8131,49,2,19,19.5075
8132,49,2,20,19.4175
8133,49,2,21,20.4975
8134,49,2,22,20.2275
8135,49,2,23,18.7875
8136,49,3,0,15.84
8137,49,3,1,14.4
8138,49,3,2,13.41
8139,49,3,3,13.0725
8140,49,3,4,12.96
8141,49,3,5,13.32
8142,49,3,6,15.37875
8143,49,3,7,17.76375
8144,49,3,8,19.5525
8145,49,3,9,21.06
8146,49,3,10,21.31875
8147,49,3,11,21.375
8148,49,3,12,20.8125
8149,49,3,13,20.3625
8150,49,3,14,19.89
8151,49,3,15,19.2375
8152,49,3,16,18.6975
8153,49,3,17,17.91
8154,49,3,18,16.7625
8155,49,3,19,16.515
8156,49,3,20,17.1675
8157,49,3,21,18.225
8158,49,3,22,18.81
8159,49,3,23,17.235
8160,49,4,0,15.31125
8161,49,4,1,14.11875
8162,49,4,2,13.06125
8163,49,4,3,12.3075
8164,49,4,4,12.285
8165,49,4,5,12.195
8166,49,4,6,13.635
8167,49,4,7,16.155
8168,49,4,8,17.53875
8169,49,4,9,18.1575
8170,49,4,10,19.0575
8171,49,4,11,19.215
8172,49,4,12,19.38375
8173,49,4,13,19.44
8174,49,4,14,19.35
8175,49,4,15,19.215
8176,49,4,16,18.6975
8177,49,4,17,16.38
8178,49,4,18,16.2
8179,49,4,19,16.56
8180,49,4,20,16.875
8181,49,4,21,17.9325
8182,49,4,22,17.595
8183,49,4,23,16.4475
8184,49,5,0,14.31
8185,49,5,1,12.9825
8186,49,5,2,11.9025
8187,49,5,3,11.39625
8188,49,5,4,11.07
8189,49,5,5,11.07
8190,49,5,6,10.755
8191,49,5,7,11.5425
8192,49,5,8,12.96
8193,49,5,9,14.715
8194,49,5,10,16.2
8195,49,5,11,16.605
8196,49,5,12,17.1675
8197,49,5,13,17.46
8198,49,5,14,17.1675
8199,49,5,15,17.0325
8200,49,5,16,16.65
8201,49,5,17,16.50375
8202,49,5,18,16.75125
8203,49,5,19,17.055
8204,49,5,20,18.09
8205,49,5,21,19.9575
8206,49,5,22,18.36
8207,49,5,23,17.145
8208,49,6,0,14.985
8209,49,6,1,13.455
8210,49,6,2,12.375
8211,49,6,3,11.8575
8212,49,6,4,11.7225
8213,49,6,5,11.8575
8214,49,6,6,13.9725
8215,49,6,7,15.5475
8216,49,6,8,17.6625
8217,49,6,9,19.5975
8218,49,6,10,19.53
8219,49,6,11,20.655
8220,49,6,12,21.1725
8221,49,6,13,20.925
8222,49,6,14,20.4075
8223,49,6,15,20.0475
8224,49,6,16,19.6875
8225,49,6,17,19.58625
8226,49,6,18,18.9675
8227,49,6,19,18.93375
8228,49,6,20,19.1475
8229,49,6,21,20.6325
8230,49,6,22,20.01375
8231,49,6,23,18.1125
8232,50,0,0,15.08625
8233,50,0,1,13.3425
8234,50,0,2,12.555
8235,50,0,3,11.97
8236,50,0,4,11.475
8237,50,0,5,11.5875
8238,50,0,6,13.2525
8239,50,0,7,16.0875
8240,50,0,8,17.3925
8241,50,0,9,18.7425
8242,50,0,10,19.7775
8243,50,0,11,19.8
8244,50,0,12,20.0025
8245,50,0,13,19.6425
8246,50,0,14,19.6875
8247,50,0,15,19.02375
8248,50,0,16,18.77625
8249,50,0,17,18.37125
8250,50,0,18,17.94375
8251,50,0,19,18.63
8252,50,0,20,18.8775
8253,50,0,21,20.4525
8254,50,0,22,19.89
8255,50,0,23,17.595
8256,50,1,0,15.008625
8257,50,1,1,13.68
8258,50,1,2,13.05
8259,50,1,3,12.72375
8260,50,1,4,12.33
8261,50,1,5,12.5775
8262,50,1,6,14.3775
8263,50,1,7,16.5825
8264,50,1,8,18.57375
8265,50,1,9,19.6875
8266,50,1,10,20.4075
8267,50,1,11,20.43
8268,50,1,12,21.0375
8269,50,1,13,20.3625
8270,50,1,14,19.78875
8271,50,1,15,19.56375
8272,50,1,16,19.29375
8273,50,1,17,18.88875
8274,50,1,18,18.774
8275,50,1,19,18.39375
8276,50,1,20,18.9675
8277,50,1,21,20.1825
8278,50,1,22,20.205
8279,50,1,23,17.955
8280,50,2,0,15.5475
8281,50,2,1,13.6125
8282,50,2,2,12.825
8283,50,2,3,12.5775
8284,50,2,4,12.51
8285,50,2,5,12.3075
8286,50,2,6,14.4
8287,50,2,7,17.1
8288,50,2,8,19.17
8289,50,2,9,20.1375
8290,50,2,10,20.73375
8291,50,2,11,21.1275
8292,50,2,12,20.9025
8293,50,2,13,20.565
8294,50,2,14,20.0925
8295,50,2,15,20.0925
8296,50,2,16,20.12625
8297,50,2,17,20.0925
8298,50,2,18,19.3275
8299,50,2,19,19.5525
8300,50,2,20,19.9575
8301,50,2,21,20.9025
8302,50,2,22,20.3625
8303,50,2,23,18.495
8304,50,3,0,15.5925
8305,50,3,1,13.77
8306,50,3,2,13.2525
8307,50,3,3,12.87
8308,50,3,4,12.5325
8309,50,3,5,12.6225
8310,50,3,6,13.95
8311,50,3,7,16.695
8312,50,3,8,18.6525
8313,50,3,9,18.765
8314,50,3,10,19.395
8315,50,3,11,19.9125
8316,50,3,12,20.9025
8317,50,3,13,20.385
8318,50,3,14,19.8675
8319,50,3,15,19.98
8320,50,3,16,19.44
8321,50,3,17,18.9
8322,50,3,18,19.125
8323,50,3,19,19.0575
8324,50,3,20,20.16
8325,50,3,21,21.105
8326,50,3,22,20.655
8327,50,3,23,17.865
8328,50,4,0,15.615
8329,50,4,1,14.0625
8330,50,4,2,11.835
8331,50,4,3,11.34
8332,50,4,4,11.115
8333,50,4,5,11.565
8334,50,4,6,13.3425
8335,50,4,7,15.6375
8336,50,4,8,17.64
8337,50,4,9,19.935
8338,50,4,10,21.15
8339,50,4,11,21.915
8340,50,4,12,22.05
8341,50,4,13,21.105
8342,50,4,14,20.97
8343,50,4,15,20.6775
8344,50,4,16,20.79
8345,50,4,17,20.1375
8346,50,4,18,19.5075
8347,50,4,19,19.1925
8348,50,4,20,20.25
8349,50,4,21,20.97
8350,50,4,22,20.59875
8351,50,4,23,18.8775
8352,50,5,0,16.5825
8353,50,5,1,14.8275
8354,50,5,2,13.77
8355,50,5,3,12.735
8356,50,5,4,12.6
8357,50,5,5,12.42
8358,50,5,6,12.105
8359,50,5,7,12.9825
8360,50,5,8,14.7825
8361,50,5,9,17.3025
8362,50,5,10,18.5625
8363,50,5,11,19.0125
8364,50,5,12,19.9125
8365,50,5,13,19.85625
8366,50,5,14,19.27125
8367,50,5,15,19.26
8368,50,5,16,17.235
8369,50,5,17,17.0325
8370,50,5,18,16.41375
8371,50,5,19,16.6275
8372,50,5,20,17.235
8373,50,5,21,18.8775
8374,50,5,22,19.2375
8375,50,5,23,17.9325
8376,50,6,0,15.84
8377,50,6,1,14.16375
8378,50,6,2,12.69
8379,50,6,3,11.88
8380,50,6,4,11.52
8381,50,6,5,11.41875
8382,50,6,6,12.99375
8383,50,6,7,14.97375
8384,50,6,8,16.77375
8385,50,6,9,18.405
8386,50,6,10,18.86625
8387,50,6,11,19.83375
8388,50,6,12,20.52
8389,50,6,13,20.565
8390,50,6,14,20.4525
8391,50,6,15,19.575
8392,50,6,16,19.575
8393,50,6,17,16.8975
8394,50,6,18,16.86375
8395,50,6,19,17.56125
8396,50,6,20,17.9325
8397,50,6,21,18.79875
8398,50,6,22,19.305
8399,50,6,23,17.37
8400,51,0,0,15.44625
8401,51,0,1,13.9725
8402,51,0,2,12.92625
8403,51,0,3,12.27375
8404,51,0,4,12.2175
8405,51,0,5,12.18375
8406,51,0,6,13.4775
8407,51,0,7,15.9975
8408,51,0,8,17.3475
8409,51,0,9,18.9225
8410,51,0,10,19.29375
8411,51,0,11,20.14875
8412,51,0,12,20.50875
8413,51,0,13,20.34
8414,51,0,14,19.7325
8415,51,0,15,19.2825
8416,51,0,16,19.0125
8417,51,0,17,18.2925
8418,51,0,18,17.83125
8419,51,0,19,18.315
8420,51,0,20,18.675
8421,51,0,21,19.8675
8422,51,0,22,19.08
8423,51,0,23,17.145
8424,51,1,0,14.8725
8425,51,1,1,13.30875
8426,51,1,2,12.69
8427,51,1,3,12.1275
8428,51,1,4,12.4425
8429,51,1,5,12.555
8430,51,1,6,13.5225
8431,51,1,7,15.705
8432,51,1,8,17.82
8433,51,1,9,18.63
8434,51,1,10,19.26
8435,51,1,11,19.53
8436,51,1,12,20.2275
8437,51,1,13,19.3275
8438,51,1,14,19.27125
8439,51,1,15,19.125
8440,51,1,16,19.04625
8441,51,1,17,18.57375
8442,51,1,18,18.225
8443,51,1,19,18.61875
8444,51,1,20,19.395
8445,51,1,21,20.745
8446,51,1,22,20.17125
8447,51,1,23,19.0125
8448,51,2,0,15.795
8449,51,2,1,14.22
8450,51,2,2,12.7575
8451,51,2,3,12.43125
8452,51,2,4,12.5325
8453,51,2,5,12.56625
8454,51,2,6,14.3775
8455,51,2,7,16.8525
8456,51,2,8,19.1925
8457,51,2,9,20.5425
8458,51,2,10,21.1725
8459,51,2,11,21.78
8460,51,2,12,21.645
8461,51,2,13,21.735
8462,51,2,14,21.3075
8463,51,2,15,21.2625
8464,51,2,16,20.745
8465,51,2,17,19.78875
8466,51,2,18,19.8
8467,51,2,19,19.845
8468,51,2,20,20.03625
8469,51,2,21,21.22875
8470,51,2,22,20.9025
8471,51,2,23,19.17
8472,51,3,0,16.23375
8473,51,3,1,13.91625
8474,51,3,2,12.825
8475,51,3,3,12.52125
8476,51,3,4,12.56625
8477,51,3,5,12.6
8478,51,3,6,14.5575
8479,51,3,7,16.5825
8480,51,3,8,18.5175
8481,51,3,9,19.56375
8482,51,3,10,20.1825
8483,51,3,11,20.7
8484,51,3,12,20.25
8485,51,3,13,20.25
8486,51,3,14,19.98
8487,51,3,15,19.26
8488,51,3,16,18.68625
8489,51,3,17,18.32625
8490,51,3,18,17.7975
8491,51,3,19,17.775
8492,51,3,20,17.955
8493,51,3,21,18.3825
8494,51,3,22,19.0125
8495,51,3,23,17.3475
8496,51,4,0,15.0525
8497,51,4,1,13.9725
8498,51,4,2,13.14
8499,51,4,3,12.6675
8500,51,4,4,12.2175
8501,51,4,5,11.8575
8502,51,4,6,12.1275
8503,51,4,7,13.05
8504,51,4,8,14.805
8505,51,4,9,16.1775
8506,51,4,10,16.965
8507,51,4,11,17.38125
8508,51,4,12,17.7075
8509,51,4,13,17.6175
8510,51,4,14,17.1
8511,51,4,15,16.4475
8512,51,4,16,16.1325
8513,51,4,17,16.0425
8514,51,4,18,15.78375
8515,51,4,19,16.23375
8516,51,4,20,16.74
8517,51,4,21,17.83125
8518,51,4,22,18.2025
8519,51,4,23,16.79625
8520,51,5,0,14.18625
8521,51,5,1,13.06125
8522,51,5,2,12.285
8523,51,5,3,11.82375
8524,51,5,4,11.17125
8525,51,5,5,11.1375
8526,51,5,6,11.26125
8527,51,5,7,12.3975
8528,51,5,8,13.815
8529,51,5,9,15.08625
8530,51,5,10,16.32375
8531,51,5,11,16.86375
8532,51,5,12,17.775
8533,51,5,13,17.98875
8534,51,5,14,17.58375
8535,51,5,15,16.9875
8536,51,5,16,17.0325
8537,51,5,17,16.97625
8538,51,5,18,17.55
8539,51,5,19,17.0325
8540,51,5,20,18.09
8541,51,5,21,19.3725
8542,51,5,22,19.125
8543,51,5,23,17.2575
8544,51,6,0,14.9625
8545,51,6,1,13.59
8546,51,6,2,12.9375
8547,51,6,3,12.2175
8548,51,6,4,11.88
8549,51,6,5,11.9925
8550,51,6,6,12.4875
8551,51,6,7,12.645
8552,51,6,8,14.49
8553,51,6,9,15.9525
8554,51,6,10,18.8325
8555,51,6,11,19.4625
8556,51,6,12,19.8675
8557,51,6,13,19.935
8558,51,6,14,19.7325
8559,51,6,15,18.91125
8560,51,6,16,17.71875
8561,51,6,17,16.86375
8562,51,6,18,16.88625
8563,51,6,19,16.88625
8564,51,6,20,17.20125
8565,51,6,21,18.03375
8566,51,6,22,18.315
8567,51,6,23,16.695
8568,52,0,0,14.9175
8569,52,0,1,13.46625
8570,52,0,2,12.87
8571,52,0,3,12.1725
8572,52,0,4,11.9025
8573,52,0,5,11.6325
8574,52,0,6,11.4075
8575,52,0,7,11.4075
8576,52,0,8,12.4425
8577,52,0,9,13.8825
8578,52,0,10,15.1875
8579,52,0,11,15.9075
8580,52,0,12,17.1
8581,52,0,13,17.775
8582,52,0,14,17.58375
8583,52,0,15,17.145
8584,52,0,16,16.79625
8585,52,0,17,16.57125
8586,52,0,18,17.17875
8587,52,0,19,17.325
8588,52,0,20,17.4375
8589,52,0,21,17.505
8590,52,0,22,17.1
8591,52,0,23,15.9525
8592,52,1,0,15.1425
8593,52,1,1,13.6125
8594,52,1,2,12.97125
8595,52,1,3,11.6775
8596,52,1,4,11.4975
8597,52,1,5,10.6425
8598,52,1,6,11.4525
8599,52,1,7,13.2525
8600,52,1,8,14.72625
8601,52,1,9,17.62875
8602,52,1,10,18.6525
8603,52,1,11,19.5525
8604,52,1,12,20.43
8605,52,1,13,20.6775
8606,52,1,14,20.52
8607,52,1,15,20.5425
8608,52,1,16,20.07
8609,52,1,17,19.4625
8610,52,1,18,19.00125
8611,52,1,19,18.72
8612,52,1,20,18.2925
8613,52,1,21,19.035
8614,52,1,22,19.485
8615,52,1,23,17.96625
8616,52,2,0,15.5025
8617,52,2,1,13.46625
8618,52,2,2,12.31875
8619,52,2,3,12.33
8620,52,2,4,12.2625
8621,52,2,5,12.33
8622,52,2,6,12.8925
8623,52,2,7,14.7375
8624,52,2,8,16.39125
8625,52,2,9,17.76375
8626,52,2,10,18.88875
8627,52,2,11,19.6875
8628,52,2,12,20.3175
8629,52,2,13,20.115
8630,52,2,14,19.76625
8631,52,2,15,19.8675
8632,52,2,16,19.6425
8633,52,2,17,19.26
8634,52,2,18,19.1025
8635,52,2,19,18.63
8636,52,2,20,18.55125
8637,52,2,21,19.1925
8638,52,2,22,19.2825
8639,52,2,23,17.055
8640,52,3,0,15.21
8641,52,3,1,13.528125
8642,52,3,2,12.605625
8643,52,3,3,12.00375
8644,52,3,4,11.773125
8645,52,3,5,11.829375
8646,52,3,6,12.211875
8647,52,3,7,14.29875
8648,52,3,8,16.3125
8649,52,3,9,17.690625
8650,52,3,10,18.315
8651,52,3,11,19.1925
8652,52,3,12,19.726875
8653,52,3,13,19.755
8654,52,3,14,19.49625
8655,52,3,15,19.524375
8656,52,3,16,19.00125
8657,52,3,17,18.793125
8658,52,3,18,18.27
8659,52,3,19,18.095625
8660,52,3,20,17.76375
8661,52,3,21,18.219375
8662,52,3,22,18.939375
8663,52,3,23,17.488125
8664,52,4,0,15.226875
8665,52,4,1,13.179375
8666,52,4,2,12.099375
8667,52,4,3,11.840625
8668,52,4,4,11.925
8669,52,4,5,11.863125
8670,52,4,6,12.133125
8671,52,4,7,13.44375
8672,52,4,8,14.945625
8673,52,4,9,16.565625
8674,52,4,10,17.80875
8675,52,4,11,18.208125
8676,52,4,12,18.765
8677,52,4,13,19.0575
8678,52,4,14,18.691875
8679,52,4,15,18.545625
8680,52,4,16,18.405
8681,52,4,17,18.163125
8682,52,4,18,17.769375
8683,52,4,19,17.505
8684,52,4,20,17.443125
8685,52,4,21,17.62875
8686,52,4,22,18.12375
8687,52,4,23,16.835625
8688,52,5,0,15.114375
8689,52,5,1,13.3875
8690,52,5,2,12.42
8691,52,5,3,11.62125
8692,52,5,4,11.14875
8693,52,5,5,10.92375
8694,52,5,6,10.760625
8695,52,5,7,11.73375
8696,52,5,8,12.9375
8697,52,5,9,14.124375
8698,52,5,10,15.429375
8699,52,5,11,16.261875
8700,52,5,12,16.723125
8701,52,5,13,17.15625
8702,52,5,14,17.128125
8703,52,5,15,16.95375
8704,52,5,16,16.790625
8705,52,5,17,16.4925
8706,52,5,18,16.498125
8707,52,5,19,16.520625
8708,52,5,20,16.723125
8709,52,5,21,17.454375
8710,52,5,22,18.039375
8711,52,5,23,16.678125
8712,52,6,0,14.799375
8713,52,6,1,13.066875
8714,52,6,2,12.313125
8715,52,6,3,11.6775
8716,52,6,4,11.491875
8717,52,6,5,11.55375
8718,52,6,6,11.4975
8719,52,6,7,12.5775
8720,52,6,8,14.76
8721,52,6,9,16.014375
8722,52,6,10,17.1
8723,52,6,11,18.185625
8724,52,6,12,18.73125
8725,52,6,13,18.59625
8726,52,6,14,18.59625
8727,52,6,15,18.16875
8728,52,6,16,17.803125
8729,52,6,17,17.724375
8730,52,6,18,17.341875
8731,52,6,19,17.67375
8732,52,6,20,17.758125
8733,52,6,21,18.343125
8734,52,6,22,18.2925
8735,52,6,23,16.81875
